Fecha de Proceso,Operador,Estatus,P. Run,TIN,Folio TIN,Folio Logistica,Folio calidad,Cliente,Codigo cliente,Producto,Configuracion (Fito) prod,No de configuracion,Tipo de servicio,Dosis de proceso solicitada (kGy),Numero de tarima de TIN,Carrier,Etiqueta sistema,Etiqueta interna,Tarimas por TIN,Tratamiento,Dosis proceso,N° Lados,N° pases,kGy por pase,Factor K,Corriente (A),Velocidad UBC,Inicio carga conveyor,Fin descarga conveyor,Tiempo proceso,Desviaciones,Registro
21-ago-27,Operador_02,Completado,10001,TIN_000001,20001,40001,50001,Cliente_005,CLI005,Producto_004,Configuracion_002,30002,Desbacterizacion (Alimento mascotas),2.0,1,1,SYS_000001,TAG_000001,15,MODE_A - Config demo,1.0,2,2,1.0,2.5,2.4,6.0,3:31:00 p.m.,4:54:00 p.m.,01:23:00,Desviacion_demo_10001,Operador_05
21-ago-27,Operador_01,Completado,10001,TIN_000001,20001,40001,50001,Cliente_005,CLI005,Producto_004,Configuracion_002,30002,Desbacterizacion (Alimento mascotas),2.0,2,2,SYS_000002,TAG_000002,15,MODE_A - Config demo,1.0,2,2,1.0,2.5,2.4,6.0,3:31:00 p.m.,4:54:00 p.m.,01:23:00,Desviacion_demo_10001,Operador_05
21-ago-27,Operador_04,Completado,10001,TIN_000001,20001,40001,50001,Cliente_005,CLI005,Producto_004,Configuracion_002,30002,Desbacterizacion (Alimento mascotas),2.0,3,3,SYS_000003,TAG_000003,15,MODE_A - Config demo,1.0,2,2,1.0,2.5,2.4,6.0,3:31:00 p.m.,4:54:00 p.m.,01:23:00,Desviacion_demo_10001,Operador_03
21-ago-27,Operador_03,Completado,10001,TIN_000001,20001,40001,50001,Cliente_005,CLI005,Producto_004,Configuracion_002,30002,Desbacterizacion (Alimento mascotas),2.0,4,4,SYS_000004,TAG_000004,15,MODE_A - Config demo,1.0,2,2,1.0,2.5,2.4,6.0,3:31:00 p.m.,4:54:00 p.m.,01:23:00,Desviacion_demo_10001,Operador_02
21-ago-27,Operador_02,Completado,10001,TIN_000001,20001,40001,50001,Cliente_005,CLI005,Producto_004,Configuracion_002,30002,Desbacterizacion (Alimento mascotas),2.0,5,5,SYS_000005,TAG_000005,15,MODE_A - Config demo,1.0,2,2,1.0,2.5,2.4,6.0,3:31:00 p.m.,4:54:00 p.m.,01:23:00,Desviacion_demo_10001,Operador_02
21-ago-27,Operador_05,Completado,10001,TIN_000001,20001,40001,50001,Cliente_005,CLI005,Producto_004,Configuracion_002,30002,Desbacterizacion (Alimento mascotas),2.0,6,6,SYS_000006,TAG_000006,15,MODE_A - Config demo,1.0,2,2,1.0,2.5,2.4,6.0,3:31:00 p.m.,4:54:00 p.m.,01:23:00,Desviacion_demo_10001,Operador_02
21-ago-27,Operador_03,Completado,10001,TIN_000001,20001,40001,50001,Cliente_005,CLI005,Producto_004,Configuracion_002,30002,Desbacterizacion (Alimento mascotas),2.0,7,7,SYS_000007,TAG_000007,15,MODE_A - Config demo,1.0,2,2,1.0,2.5,2.4,6.0,3:31:00 p.m.,4:54:00 p.m.,01:23:00,Desviacion_demo_10001,Operador_04
21-ago-27,Operador_04,Completado,10001,TIN_000001,20001,40001,50001,Cliente_005,CLI005,Producto_004,Configuracion_002,30002,Desbacterizacion (Alimento mascotas),2.0,8,8,SYS_000008,TAG_000008,15,MODE_A - Config demo,1.0,2,2,1.0,2.5,2.4,6.0,3:31:00 p.m.,4:54:00 p.m.,01:23:00,Desviacion_demo_10001,Operador_02
21-ago-27,Operador_05,Completado,10001,TIN_000001,20001,40001,50001,Cliente_005,CLI005,Producto_004,Configuracion_002,30002,Desbacterizacion (Alimento mascotas),2.0,9,9,SYS_000009,TAG_000009,15,MODE_A - Config demo,1.0,2,2,1.0,2.5,2.4,6.0,3:31:00 p.m.,4:54:00 p.m.,01:23:00,Desviacion_demo_10001,Operador_01
21-ago-27,Operador_04,Completado,10001,TIN_000001,20001,40001,50001,Cliente_005,CLI005,Producto_004,Configuracion_002,30002,Desbacterizacion (Alimento mascotas),2.0,10,10,SYS_000010,TAG_000010,15,MODE_A - Config demo,1.0,2,2,1.0,2.5,2.4,6.0,3:31:00 p.m.,4:54:00 p.m.,01:23:00,Desviacion_demo_10001,Operador_01
21-ago-27,Operador_05,Completado,10001,TIN_000001,20001,40001,50001,Cliente_005,CLI005,Producto_004,Configuracion_002,30002,Desbacterizacion (Alimento mascotas),2.0,11,11,SYS_000011,TAG_000011,15,MODE_A - Config demo,1.0,2,2,1.0,2.5,2.4,6.0,3:31:00 p.m.,4:54:00 p.m.,01:23:00,Desviacion_demo_10001,Operador_01
21-ago-27,Operador_05,Completado,10001,TIN_000001,20001,40001,50001,Cliente_005,CLI005,Producto_004,Configuracion_002,30002,Desbacterizacion (Alimento mascotas),2.0,12,12,SYS_000012,TAG_000012,15,MODE_A - Config demo,1.0,2,2,1.0,2.5,2.4,6.0,3:31:00 p.m.,4:54:00 p.m.,01:23:00,Desviacion_demo_10001,Operador_04
21-ago-27,Operador_01,Completado,10001,TIN_000001,20001,40001,50001,Cliente_005,CLI005,Producto_004,Configuracion_002,30002,Desbacterizacion (Alimento mascotas),2.0,13,1,SYS_000013,TAG_000013,15,MODE_A - Config demo,1.0,2,2,1.0,2.5,2.4,6.0,3:31:00 p.m.,4:54:00 p.m.,01:23:00,Desviacion_demo_10001,Operador_04
21-ago-27,Operador_02,Completado,10001,TIN_000001,20001,40001,50001,Cliente_005,CLI005,Producto_004,Configuracion_002,30002,Desbacterizacion (Alimento mascotas),2.0,14,2,SYS_000014,TAG_000014,15,MODE_A - Config demo,1.0,2,2,1.0,2.5,2.4,6.0,3:31:00 p.m.,4:54:00 p.m.,01:23:00,Desviacion_demo_10001,Operador_05
21-ago-27,Operador_05,Completado,10001,TIN_000001,20001,40001,50001,Cliente_005,CLI005,Producto_004,Configuracion_002,30002,Desbacterizacion (Alimento mascotas),2.0,15,3,SYS_000015,TAG_000015,15,MODE_A - Config demo,1.0,2,2,1.0,2.5,2.4,6.0,3:31:00 p.m.,4:54:00 p.m.,01:23:00,Desviacion_demo_10001,Operador_05
17-ago-27,Operador_05,Completado,10002,TIN_000002,20002,40002,50002,Cliente_001,CLI001,Producto_010,Configuracion_003,30003,Fitosanitario 400 Gy,0.65,1,1,SYS_000016,TAG_000016,7,MODE_B - Config demo,0.65,2,1,0.65,0.025,8.0,0.308,9:55:00 a.m.,10:46:00 a.m.,00:51:00,,Operador_05
17-ago-27,Operador_05,Completado,10002,TIN_000002,20002,40002,50002,Cliente_001,CLI001,Producto_010,Configuracion_003,30003,Fitosanitario 400 Gy,0.65,2,2,SYS_000017,TAG_000017,7,MODE_B - Config demo,0.65,2,1,0.65,0.025,8.0,0.308,9:55:00 a.m.,10:46:00 a.m.,00:51:00,,Operador_04
17-ago-27,Operador_04,Completado,10002,TIN_000002,20002,40002,50002,Cliente_001,CLI001,Producto_010,Configuracion_003,30003,Fitosanitario 400 Gy,0.65,3,3,SYS_000018,TAG_000018,7,MODE_B - Config demo,0.65,2,1,0.65,0.025,8.0,0.308,9:55:00 a.m.,10:46:00 a.m.,00:51:00,,Operador_01
17-ago-27,Operador_02,Completado,10003,TIN_000002,20002,40002,50002,Cliente_001,CLI001,Producto_010,Configuracion_003,30003,Fitosanitario 400 Gy,0.65,4,1,SYS_000019,TAG_000019,7,MODE_B - Config demo,0.65,2,1,0.65,0.025,8.0,0.308,11:19:00 a.m.,11:55:00 a.m.,00:36:00,,Operador_05
17-ago-27,Operador_01,Completado,10003,TIN_000002,20002,40002,50002,Cliente_001,CLI001,Producto_010,Configuracion_003,30003,Fitosanitario 400 Gy,0.65,5,2,SYS_000020,TAG_000020,7,MODE_B - Config demo,0.65,2,1,0.65,0.025,8.0,0.308,11:19:00 a.m.,11:55:00 a.m.,00:36:00,,Operador_03
17-ago-27,Operador_03,Completado,10004,TIN_000002,20002,40002,50002,Cliente_001,CLI001,Producto_010,Configuracion_003,30003,Fitosanitario 400 Gy,0.65,6,1,SYS_000021,TAG_000021,7,MODE_B - Config demo,0.325,2,2,0.325,0.025,8.0,0.615,6:19:00 p.m.,7:05:00 p.m.,00:46:00,,Operador_01
17-ago-27,Operador_01,Completado,10004,TIN_000002,20002,40002,50002,Cliente_001,CLI001,Producto_010,Configuracion_003,30003,Fitosanitario 400 Gy,0.65,7,2,SYS_000022,TAG_000022,7,MODE_B - Config demo,0.325,2,2,0.325,0.025,8.0,0.615,6:19:00 p.m.,7:05:00 p.m.,00:46:00,,Operador_03
09-ago-27,Operador_05,Completado,10005,TIN_000003,20003,40003,50003,Cliente_011,CLI011,Producto_005,Configuracion_004,30004,Desbacterizacion (Chiles secos),3.0,1,1,SYS_000023,TAG_000023,22,MODE_A - Config demo,3.0,2,1,3.0,2.5,2.4,2.0,7:24:00 a.m.,9:10:00 a.m.,01:46:00,Desviacion_demo_10005,Operador_02
09-ago-27,Operador_03,Completado,10005,TIN_000003,20003,40003,50003,Cliente_011,CLI011,Producto_005,Configuracion_004,30004,Desbacterizacion (Chiles secos),3.0,2,2,SYS_000024,TAG_000024,22,MODE_A - Config demo,3.0,2,1,3.0,2.5,2.4,2.0,7:24:00 a.m.,9:10:00 a.m.,01:46:00,Desviacion_demo_10005,Operador_01
09-ago-27,Operador_03,Completado,10005,TIN_000003,20003,40003,50003,Cliente_011,CLI011,Producto_005,Configuracion_004,30004,Desbacterizacion (Chiles secos),3.0,3,3,SYS_000025,TAG_000025,22,MODE_A - Config demo,3.0,2,1,3.0,2.5,2.4,2.0,7:24:00 a.m.,9:10:00 a.m.,01:46:00,Desviacion_demo_10005,Operador_02
09-ago-27,Operador_03,Completado,10005,TIN_000003,20003,40003,50003,Cliente_011,CLI011,Producto_005,Configuracion_004,30004,Desbacterizacion (Chiles secos),3.0,4,4,SYS_000026,TAG_000026,22,MODE_A - Config demo,3.0,2,1,3.0,2.5,2.4,2.0,7:24:00 a.m.,9:10:00 a.m.,01:46:00,Desviacion_demo_10005,Operador_02
09-ago-27,Operador_02,Completado,10005,TIN_000003,20003,40003,50003,Cliente_011,CLI011,Producto_005,Configuracion_004,30004,Desbacterizacion (Chiles secos),3.0,5,5,SYS_000027,TAG_000027,22,MODE_A - Config demo,3.0,2,1,3.0,2.5,2.4,2.0,7:24:00 a.m.,9:10:00 a.m.,01:46:00,Desviacion_demo_10005,Operador_05
09-ago-27,Operador_03,Completado,10005,TIN_000003,20003,40003,50003,Cliente_011,CLI011,Producto_005,Configuracion_004,30004,Desbacterizacion (Chiles secos),3.0,6,6,SYS_000028,TAG_000028,22,MODE_A - Config demo,3.0,2,1,3.0,2.5,2.4,2.0,7:24:00 a.m.,9:10:00 a.m.,01:46:00,Desviacion_demo_10005,Operador_01
09-ago-27,Operador_04,Completado,10005,TIN_000003,20003,40003,50003,Cliente_011,CLI011,Producto_005,Configuracion_004,30004,Desbacterizacion (Chiles secos),3.0,7,7,SYS_000029,TAG_000029,22,MODE_A - Config demo,3.0,2,1,3.0,2.5,2.4,2.0,7:24:00 a.m.,9:10:00 a.m.,01:46:00,Desviacion_demo_10005,Operador_02
09-ago-27,Operador_01,Completado,10005,TIN_000003,20003,40003,50003,Cliente_011,CLI011,Producto_005,Configuracion_004,30004,Desbacterizacion (Chiles secos),3.0,8,8,SYS_000030,TAG_000030,22,MODE_A - Config demo,3.0,2,1,3.0,2.5,2.4,2.0,7:24:00 a.m.,9:10:00 a.m.,01:46:00,Desviacion_demo_10005,Operador_04
09-ago-27,Operador_02,Completado,10005,TIN_000003,20003,40003,50003,Cliente_011,CLI011,Producto_005,Configuracion_004,30004,Desbacterizacion (Chiles secos),3.0,9,9,SYS_000031,TAG_000031,22,MODE_A - Config demo,3.0,2,1,3.0,2.5,2.4,2.0,7:24:00 a.m.,9:10:00 a.m.,01:46:00,Desviacion_demo_10005,Operador_01
09-ago-27,Operador_01,Completado,10005,TIN_000003,20003,40003,50003,Cliente_011,CLI011,Producto_005,Configuracion_004,30004,Desbacterizacion (Chiles secos),3.0,10,10,SYS_000032,TAG_000032,22,MODE_A - Config demo,3.0,2,1,3.0,2.5,2.4,2.0,7:24:00 a.m.,9:10:00 a.m.,01:46:00,Desviacion_demo_10005,Operador_04
09-ago-27,Operador_02,Completado,10005,TIN_000003,20003,40003,50003,Cliente_011,CLI011,Producto_005,Configuracion_004,30004,Desbacterizacion (Chiles secos),3.0,11,11,SYS_000033,TAG_000033,22,MODE_A - Config demo,3.0,2,1,3.0,2.5,2.4,2.0,7:24:00 a.m.,9:10:00 a.m.,01:46:00,Desviacion_demo_10005,Operador_02
09-ago-27,Operador_03,Completado,10005,TIN_000003,20003,40003,50003,Cliente_011,CLI011,Producto_005,Configuracion_004,30004,Desbacterizacion (Chiles secos),3.0,12,12,SYS_000034,TAG_000034,22,MODE_A - Config demo,3.0,2,1,3.0,2.5,2.4,2.0,7:24:00 a.m.,9:10:00 a.m.,01:46:00,Desviacion_demo_10005,Operador_02
09-ago-27,Operador_01,Completado,10005,TIN_000003,20003,40003,50003,Cliente_011,CLI011,Producto_005,Configuracion_004,30004,Desbacterizacion (Chiles secos),3.0,13,1,SYS_000035,TAG_000035,22,MODE_A - Config demo,3.0,2,1,3.0,2.5,2.4,2.0,7:24:00 a.m.,9:10:00 a.m.,01:46:00,Desviacion_demo_10005,Operador_01
09-ago-27,Operador_01,Completado,10005,TIN_000003,20003,40003,50003,Cliente_011,CLI011,Producto_005,Configuracion_004,30004,Desbacterizacion (Chiles secos),3.0,14,2,SYS_000036,TAG_000036,22,MODE_A - Config demo,3.0,2,1,3.0,2.5,2.4,2.0,7:24:00 a.m.,9:10:00 a.m.,01:46:00,Desviacion_demo_10005,Operador_05
09-ago-27,Operador_05,Completado,10005,TIN_000003,20003,40003,50003,Cliente_011,CLI011,Producto_005,Configuracion_004,30004,Desbacterizacion (Chiles secos),3.0,15,3,SYS_000037,TAG_000037,22,MODE_A - Config demo,3.0,2,1,3.0,2.5,2.4,2.0,7:24:00 a.m.,9:10:00 a.m.,01:46:00,Desviacion_demo_10005,Operador_04
09-ago-27,Operador_03,Completado,10005,TIN_000003,20003,40003,50003,Cliente_011,CLI011,Producto_005,Configuracion_004,30004,Desbacterizacion (Chiles secos),3.0,16,4,SYS_000038,TAG_000038,22,MODE_A - Config demo,3.0,2,1,3.0,2.5,2.4,2.0,7:24:00 a.m.,9:10:00 a.m.,01:46:00,Desviacion_demo_10005,Operador_05
09-ago-27,Operador_05,Completado,10005,TIN_000003,20003,40003,50003,Cliente_011,CLI011,Producto_005,Configuracion_004,30004,Desbacterizacion (Chiles secos),3.0,17,5,SYS_000039,TAG_000039,22,MODE_A - Config demo,3.0,2,1,3.0,2.5,2.4,2.0,7:24:00 a.m.,9:10:00 a.m.,01:46:00,Desviacion_demo_10005,Operador_03
09-ago-27,Operador_04,Completado,10005,TIN_000003,20003,40003,50003,Cliente_011,CLI011,Producto_005,Configuracion_004,30004,Desbacterizacion (Chiles secos),3.0,18,6,SYS_000040,TAG_000040,22,MODE_A - Config demo,3.0,2,1,3.0,2.5,2.4,2.0,7:24:00 a.m.,9:10:00 a.m.,01:46:00,Desviacion_demo_10005,Operador_01
09-ago-27,Operador_01,Completado,10005,TIN_000003,20003,40003,50003,Cliente_011,CLI011,Producto_005,Configuracion_004,30004,Desbacterizacion (Chiles secos),3.0,19,7,SYS_000041,TAG_000041,22,MODE_A - Config demo,3.0,2,1,3.0,2.5,2.4,2.0,7:24:00 a.m.,9:10:00 a.m.,01:46:00,Desviacion_demo_10005,Operador_05
09-ago-27,Operador_03,Completado,10005,TIN_000003,20003,40003,50003,Cliente_011,CLI011,Producto_005,Configuracion_004,30004,Desbacterizacion (Chiles secos),3.0,20,8,SYS_000042,TAG_000042,22,MODE_A - Config demo,3.0,2,1,3.0,2.5,2.4,2.0,7:24:00 a.m.,9:10:00 a.m.,01:46:00,Desviacion_demo_10005,Operador_05
09-ago-27,Operador_03,Completado,10005,TIN_000003,20003,40003,50003,Cliente_011,CLI011,Producto_005,Configuracion_004,30004,Desbacterizacion (Chiles secos),3.0,21,9,SYS_000043,TAG_000043,22,MODE_A - Config demo,3.0,2,1,3.0,2.5,2.4,2.0,7:24:00 a.m.,9:10:00 a.m.,01:46:00,Desviacion_demo_10005,Operador_01
09-ago-27,Operador_01,Completado,10005,TIN_000003,20003,40003,50003,Cliente_011,CLI011,Producto_005,Configuracion_004,30004,Desbacterizacion (Chiles secos),3.0,22,10,SYS_000044,TAG_000044,22,MODE_A - Config demo,3.0,2,1,3.0,2.5,2.4,2.0,7:24:00 a.m.,9:10:00 a.m.,01:46:00,Desviacion_demo_10005,Operador_03
17-ago-27,Operador_01,Completado,10006,TIN_000004,20004,40004,50004,Cliente_016,CLI016,Producto_005,Configuracion_005,30005,Fitosanitario 150 Gy,0.22,1,1,SYS_000045,TAG_000045,19,MODE_B - Config demo,0.11,2,2,0.11,0.025,8.0,1.818,1:31:00 p.m.,2:58:00 p.m.,01:27:00,,Operador_01
17-ago-27,Operador_04,Completado,10006,TIN_000004,20004,40004,50004,Cliente_016,CLI016,Producto_005,Configuracion_005,30005,Fitosanitario 150 Gy,0.22,2,2,SYS_000046,TAG_000046,19,MODE_B - Config demo,0.11,2,2,0.11,0.025,8.0,1.818,1:31:00 p.m.,2:58:00 p.m.,01:27:00,,Operador_04
17-ago-27,Operador_02,Completado,10006,TIN_000004,20004,40004,50004,Cliente_016,CLI016,Producto_005,Configuracion_005,30005,Fitosanitario 150 Gy,0.22,3,3,SYS_000047,TAG_000047,19,MODE_B - Config demo,0.11,2,2,0.11,0.025,8.0,1.818,1:31:00 p.m.,2:58:00 p.m.,01:27:00,,Operador_04
17-ago-27,Operador_01,Completado,10006,TIN_000004,20004,40004,50004,Cliente_016,CLI016,Producto_005,Configuracion_005,30005,Fitosanitario 150 Gy,0.22,4,4,SYS_000048,TAG_000048,19,MODE_B - Config demo,0.11,2,2,0.11,0.025,8.0,1.818,1:31:00 p.m.,2:58:00 p.m.,01:27:00,,Operador_03
17-ago-27,Operador_05,Completado,10006,TIN_000004,20004,40004,50004,Cliente_016,CLI016,Producto_005,Configuracion_005,30005,Fitosanitario 150 Gy,0.22,5,5,SYS_000049,TAG_000049,19,MODE_B - Config demo,0.11,2,2,0.11,0.025,8.0,1.818,1:31:00 p.m.,2:58:00 p.m.,01:27:00,,Operador_02
17-ago-27,Operador_04,Completado,10006,TIN_000004,20004,40004,50004,Cliente_016,CLI016,Producto_005,Configuracion_005,30005,Fitosanitario 150 Gy,0.22,6,6,SYS_000050,TAG_000050,19,MODE_B - Config demo,0.11,2,2,0.11,0.025,8.0,1.818,1:31:00 p.m.,2:58:00 p.m.,01:27:00,,Operador_02
17-ago-27,Operador_02,Completado,10006,TIN_000004,20004,40004,50004,Cliente_016,CLI016,Producto_005,Configuracion_005,30005,Fitosanitario 150 Gy,0.22,7,7,SYS_000051,TAG_000051,19,MODE_B - Config demo,0.11,2,2,0.11,0.025,8.0,1.818,1:31:00 p.m.,2:58:00 p.m.,01:27:00,,Operador_02
17-ago-27,Operador_02,Completado,10006,TIN_000004,20004,40004,50004,Cliente_016,CLI016,Producto_005,Configuracion_005,30005,Fitosanitario 150 Gy,0.22,8,8,SYS_000052,TAG_000052,19,MODE_B - Config demo,0.11,2,2,0.11,0.025,8.0,1.818,1:31:00 p.m.,2:58:00 p.m.,01:27:00,,Operador_01
17-ago-27,Operador_05,Completado,10006,TIN_000004,20004,40004,50004,Cliente_016,CLI016,Producto_005,Configuracion_005,30005,Fitosanitario 150 Gy,0.22,9,9,SYS_000053,TAG_000053,19,MODE_B - Config demo,0.11,2,2,0.11,0.025,8.0,1.818,1:31:00 p.m.,2:58:00 p.m.,01:27:00,,Operador_03
17-ago-27,Operador_05,Completado,10006,TIN_000004,20004,40004,50004,Cliente_016,CLI016,Producto_005,Configuracion_005,30005,Fitosanitario 150 Gy,0.22,10,10,SYS_000054,TAG_000054,19,MODE_B - Config demo,0.11,2,2,0.11,0.025,8.0,1.818,1:31:00 p.m.,2:58:00 p.m.,01:27:00,,Operador_04
17-ago-27,Operador_05,Completado,10006,TIN_000004,20004,40004,50004,Cliente_016,CLI016,Producto_005,Configuracion_005,30005,Fitosanitario 150 Gy,0.22,11,11,SYS_000055,TAG_000055,19,MODE_B - Config demo,0.11,2,2,0.11,0.025,8.0,1.818,1:31:00 p.m.,2:58:00 p.m.,01:27:00,,Operador_02
17-ago-27,Operador_01,Completado,10006,TIN_000004,20004,40004,50004,Cliente_016,CLI016,Producto_005,Configuracion_005,30005,Fitosanitario 150 Gy,0.22,12,12,SYS_000056,TAG_000056,19,MODE_B - Config demo,0.11,2,2,0.11,0.025,8.0,1.818,1:31:00 p.m.,2:58:00 p.m.,01:27:00,,Operador_05
17-ago-27,Operador_05,Completado,10006,TIN_000004,20004,40004,50004,Cliente_016,CLI016,Producto_005,Configuracion_005,30005,Fitosanitario 150 Gy,0.22,13,1,SYS_000057,TAG_000057,19,MODE_B - Config demo,0.11,2,2,0.11,0.025,8.0,1.818,1:31:00 p.m.,2:58:00 p.m.,01:27:00,,Operador_05
17-ago-27,Operador_05,Completado,10006,TIN_000004,20004,40004,50004,Cliente_016,CLI016,Producto_005,Configuracion_005,30005,Fitosanitario 150 Gy,0.22,14,2,SYS_000058,TAG_000058,19,MODE_B - Config demo,0.11,2,2,0.11,0.025,8.0,1.818,1:31:00 p.m.,2:58:00 p.m.,01:27:00,,Operador_02
17-ago-27,Operador_03,Completado,10006,TIN_000004,20004,40004,50004,Cliente_016,CLI016,Producto_005,Configuracion_005,30005,Fitosanitario 150 Gy,0.22,15,3,SYS_000059,TAG_000059,19,MODE_B - Config demo,0.11,2,2,0.11,0.025,8.0,1.818,1:31:00 p.m.,2:58:00 p.m.,01:27:00,,Operador_04
17-ago-27,Operador_05,Completado,10006,TIN_000004,20004,40004,50004,Cliente_016,CLI016,Producto_005,Configuracion_005,30005,Fitosanitario 150 Gy,0.22,16,4,SYS_000060,TAG_000060,19,MODE_B - Config demo,0.11,2,2,0.11,0.025,8.0,1.818,1:31:00 p.m.,2:58:00 p.m.,01:27:00,,Operador_01
17-ago-27,Operador_05,Completado,10006,TIN_000004,20004,40004,50004,Cliente_016,CLI016,Producto_005,Configuracion_005,30005,Fitosanitario 150 Gy,0.22,17,5,SYS_000061,TAG_000061,19,MODE_B - Config demo,0.11,2,2,0.11,0.025,8.0,1.818,1:31:00 p.m.,2:58:00 p.m.,01:27:00,,Operador_04
17-ago-27,Operador_03,Completado,10006,TIN_000004,20004,40004,50004,Cliente_016,CLI016,Producto_005,Configuracion_005,30005,Fitosanitario 150 Gy,0.22,18,6,SYS_000062,TAG_000062,19,MODE_B - Config demo,0.11,2,2,0.11,0.025,8.0,1.818,1:31:00 p.m.,2:58:00 p.m.,01:27:00,,Operador_04
17-ago-27,Operador_02,Completado,10006,TIN_000004,20004,40004,50004,Cliente_016,CLI016,Producto_005,Configuracion_005,30005,Fitosanitario 150 Gy,0.22,19,7,SYS_000063,TAG_000063,19,MODE_B - Config demo,0.11,2,2,0.11,0.025,8.0,1.818,1:31:00 p.m.,2:58:00 p.m.,01:27:00,,Operador_02
18-ago-27,Operador_02,Completado,10007,TIN_000005,20005,40005,50005,Cliente_006,CLI006,Producto_006,Configuracion_006,30006,Fitosanitario 150 Gy,0.25,1,1,SYS_000064,TAG_000064,17,MODE_A - Config demo,0.125,2,2,0.125,2.5,2.4,48.0,9:26:00 a.m.,10:56:00 a.m.,01:30:00,,Operador_01
18-ago-27,Operador_04,Completado,10007,TIN_000005,20005,40005,50005,Cliente_006,CLI006,Producto_006,Configuracion_006,30006,Fitosanitario 150 Gy,0.25,2,2,SYS_000065,TAG_000065,17,MODE_A - Config demo,0.125,2,2,0.125,2.5,2.4,48.0,9:26:00 a.m.,10:56:00 a.m.,01:30:00,,Operador_01
18-ago-27,Operador_03,Completado,10007,TIN_000005,20005,40005,50005,Cliente_006,CLI006,Producto_006,Configuracion_006,30006,Fitosanitario 150 Gy,0.25,3,3,SYS_000066,TAG_000066,17,MODE_A - Config demo,0.125,2,2,0.125,2.5,2.4,48.0,9:26:00 a.m.,10:56:00 a.m.,01:30:00,,Operador_02
18-ago-27,Operador_01,Completado,10007,TIN_000005,20005,40005,50005,Cliente_006,CLI006,Producto_006,Configuracion_006,30006,Fitosanitario 150 Gy,0.25,4,4,SYS_000067,TAG_000067,17,MODE_A - Config demo,0.125,2,2,0.125,2.5,2.4,48.0,9:26:00 a.m.,10:56:00 a.m.,01:30:00,,Operador_04
18-ago-27,Operador_04,Completado,10007,TIN_000005,20005,40005,50005,Cliente_006,CLI006,Producto_006,Configuracion_006,30006,Fitosanitario 150 Gy,0.25,5,5,SYS_000068,TAG_000068,17,MODE_A - Config demo,0.125,2,2,0.125,2.5,2.4,48.0,9:26:00 a.m.,10:56:00 a.m.,01:30:00,,Operador_02
18-ago-27,Operador_01,Completado,10007,TIN_000005,20005,40005,50005,Cliente_006,CLI006,Producto_006,Configuracion_006,30006,Fitosanitario 150 Gy,0.25,6,6,SYS_000069,TAG_000069,17,MODE_A - Config demo,0.125,2,2,0.125,2.5,2.4,48.0,9:26:00 a.m.,10:56:00 a.m.,01:30:00,,Operador_05
18-ago-27,Operador_03,Completado,10007,TIN_000005,20005,40005,50005,Cliente_006,CLI006,Producto_006,Configuracion_006,30006,Fitosanitario 150 Gy,0.25,7,7,SYS_000070,TAG_000070,17,MODE_A - Config demo,0.125,2,2,0.125,2.5,2.4,48.0,9:26:00 a.m.,10:56:00 a.m.,01:30:00,,Operador_05
18-ago-27,Operador_03,Completado,10007,TIN_000005,20005,40005,50005,Cliente_006,CLI006,Producto_006,Configuracion_006,30006,Fitosanitario 150 Gy,0.25,8,8,SYS_000071,TAG_000071,17,MODE_A - Config demo,0.125,2,2,0.125,2.5,2.4,48.0,9:26:00 a.m.,10:56:00 a.m.,01:30:00,,Operador_04
18-ago-27,Operador_05,Completado,10007,TIN_000005,20005,40005,50005,Cliente_006,CLI006,Producto_006,Configuracion_006,30006,Fitosanitario 150 Gy,0.25,9,9,SYS_000072,TAG_000072,17,MODE_A - Config demo,0.125,2,2,0.125,2.5,2.4,48.0,9:26:00 a.m.,10:56:00 a.m.,01:30:00,,Operador_04
18-ago-27,Operador_05,Completado,10007,TIN_000005,20005,40005,50005,Cliente_006,CLI006,Producto_006,Configuracion_006,30006,Fitosanitario 150 Gy,0.25,10,10,SYS_000073,TAG_000073,17,MODE_A - Config demo,0.125,2,2,0.125,2.5,2.4,48.0,9:26:00 a.m.,10:56:00 a.m.,01:30:00,,Operador_01
18-ago-27,Operador_04,Completado,10007,TIN_000005,20005,40005,50005,Cliente_006,CLI006,Producto_006,Configuracion_006,30006,Fitosanitario 150 Gy,0.25,11,11,SYS_000074,TAG_000074,17,MODE_A - Config demo,0.125,2,2,0.125,2.5,2.4,48.0,9:26:00 a.m.,10:56:00 a.m.,01:30:00,,Operador_04
18-ago-27,Operador_05,Completado,10007,TIN_000005,20005,40005,50005,Cliente_006,CLI006,Producto_006,Configuracion_006,30006,Fitosanitario 150 Gy,0.25,12,12,SYS_000075,TAG_000075,17,MODE_A - Config demo,0.125,2,2,0.125,2.5,2.4,48.0,9:26:00 a.m.,10:56:00 a.m.,01:30:00,,Operador_04
18-ago-27,Operador_02,Completado,10007,TIN_000005,20005,40005,50005,Cliente_006,CLI006,Producto_006,Configuracion_006,30006,Fitosanitario 150 Gy,0.25,13,1,SYS_000076,TAG_000076,17,MODE_A - Config demo,0.125,2,2,0.125,2.5,2.4,48.0,9:26:00 a.m.,10:56:00 a.m.,01:30:00,,Operador_04
18-ago-27,Operador_04,Completado,10007,TIN_000005,20005,40005,50005,Cliente_006,CLI006,Producto_006,Configuracion_006,30006,Fitosanitario 150 Gy,0.25,14,2,SYS_000077,TAG_000077,17,MODE_A - Config demo,0.125,2,2,0.125,2.5,2.4,48.0,9:26:00 a.m.,10:56:00 a.m.,01:30:00,,Operador_05
18-ago-27,Operador_04,Completado,10007,TIN_000005,20005,40005,50005,Cliente_006,CLI006,Producto_006,Configuracion_006,30006,Fitosanitario 150 Gy,0.25,15,3,SYS_000078,TAG_000078,17,MODE_A - Config demo,0.125,2,2,0.125,2.5,2.4,48.0,9:26:00 a.m.,10:56:00 a.m.,01:30:00,,Operador_05
18-ago-27,Operador_04,Completado,10007,TIN_000005,20005,40005,50005,Cliente_006,CLI006,Producto_006,Configuracion_006,30006,Fitosanitario 150 Gy,0.25,16,4,SYS_000079,TAG_000079,17,MODE_A - Config demo,0.125,2,2,0.125,2.5,2.4,48.0,9:26:00 a.m.,10:56:00 a.m.,01:30:00,,Operador_01
18-ago-27,Operador_04,Completado,10007,TIN_000005,20005,40005,50005,Cliente_006,CLI006,Producto_006,Configuracion_006,30006,Fitosanitario 150 Gy,0.25,17,5,SYS_000080,TAG_000080,17,MODE_A - Config demo,0.125,2,2,0.125,2.5,2.4,48.0,9:26:00 a.m.,10:56:00 a.m.,01:30:00,,Operador_04
31-ago-27,Operador_05,Completado,10008,TIN_000006,20006,40006,50006,Cliente_018,CLI018,Producto_003,Configuracion_007,30007,Fitosanitario 150 Gy,0.22,1,1,SYS_000081,TAG_000081,17,MODE_B - Config demo,0.22,2,1,0.22,0.025,8.0,0.909,7:24:00 p.m.,8:35:00 p.m.,01:11:00,,Operador_01
31-ago-27,Operador_04,Completado,10008,TIN_000006,20006,40006,50006,Cliente_018,CLI018,Producto_003,Configuracion_007,30007,Fitosanitario 150 Gy,0.22,2,2,SYS_000082,TAG_000082,17,MODE_B - Config demo,0.22,2,1,0.22,0.025,8.0,0.909,7:24:00 p.m.,8:35:00 p.m.,01:11:00,,Operador_02
31-ago-27,Operador_04,Completado,10008,TIN_000006,20006,40006,50006,Cliente_018,CLI018,Producto_003,Configuracion_007,30007,Fitosanitario 150 Gy,0.22,3,3,SYS_000083,TAG_000083,17,MODE_B - Config demo,0.22,2,1,0.22,0.025,8.0,0.909,7:24:00 p.m.,8:35:00 p.m.,01:11:00,,Operador_01
31-ago-27,Operador_05,Completado,10008,TIN_000006,20006,40006,50006,Cliente_018,CLI018,Producto_003,Configuracion_007,30007,Fitosanitario 150 Gy,0.22,4,4,SYS_000084,TAG_000084,17,MODE_B - Config demo,0.22,2,1,0.22,0.025,8.0,0.909,7:24:00 p.m.,8:35:00 p.m.,01:11:00,,Operador_01
31-ago-27,Operador_04,Completado,10008,TIN_000006,20006,40006,50006,Cliente_018,CLI018,Producto_003,Configuracion_007,30007,Fitosanitario 150 Gy,0.22,5,5,SYS_000085,TAG_000085,17,MODE_B - Config demo,0.22,2,1,0.22,0.025,8.0,0.909,7:24:00 p.m.,8:35:00 p.m.,01:11:00,,Operador_02
31-ago-27,Operador_05,Completado,10008,TIN_000006,20006,40006,50006,Cliente_018,CLI018,Producto_003,Configuracion_007,30007,Fitosanitario 150 Gy,0.22,6,6,SYS_000086,TAG_000086,17,MODE_B - Config demo,0.22,2,1,0.22,0.025,8.0,0.909,7:24:00 p.m.,8:35:00 p.m.,01:11:00,,Operador_05
31-ago-27,Operador_05,Completado,10008,TIN_000006,20006,40006,50006,Cliente_018,CLI018,Producto_003,Configuracion_007,30007,Fitosanitario 150 Gy,0.22,7,7,SYS_000087,TAG_000087,17,MODE_B - Config demo,0.22,2,1,0.22,0.025,8.0,0.909,7:24:00 p.m.,8:35:00 p.m.,01:11:00,,Operador_02
31-ago-27,Operador_01,Completado,10008,TIN_000006,20006,40006,50006,Cliente_018,CLI018,Producto_003,Configuracion_007,30007,Fitosanitario 150 Gy,0.22,8,8,SYS_000088,TAG_000088,17,MODE_B - Config demo,0.22,2,1,0.22,0.025,8.0,0.909,7:24:00 p.m.,8:35:00 p.m.,01:11:00,,Operador_01
31-ago-27,Operador_02,Completado,10008,TIN_000006,20006,40006,50006,Cliente_018,CLI018,Producto_003,Configuracion_007,30007,Fitosanitario 150 Gy,0.22,9,9,SYS_000089,TAG_000089,17,MODE_B - Config demo,0.22,2,1,0.22,0.025,8.0,0.909,7:24:00 p.m.,8:35:00 p.m.,01:11:00,,Operador_04
31-ago-27,Operador_02,Completado,10009,TIN_000006,20006,40006,50006,Cliente_018,CLI018,Producto_003,Configuracion_007,30007,Fitosanitario 150 Gy,0.22,10,1,SYS_000090,TAG_000090,17,MODE_B - Config demo,0.22,2,1,0.22,0.025,8.0,0.909,7:53:00 p.m.,8:50:00 p.m.,00:57:00,,Operador_01
31-ago-27,Operador_02,Completado,10009,TIN_000006,20006,40006,50006,Cliente_018,CLI018,Producto_003,Configuracion_007,30007,Fitosanitario 150 Gy,0.22,11,2,SYS_000091,TAG_000091,17,MODE_B - Config demo,0.22,2,1,0.22,0.025,8.0,0.909,7:53:00 p.m.,8:50:00 p.m.,00:57:00,,Operador_01
31-ago-27,Operador_01,Completado,10009,TIN_000006,20006,40006,50006,Cliente_018,CLI018,Producto_003,Configuracion_007,30007,Fitosanitario 150 Gy,0.22,12,3,SYS_000092,TAG_000092,17,MODE_B - Config demo,0.22,2,1,0.22,0.025,8.0,0.909,7:53:00 p.m.,8:50:00 p.m.,00:57:00,,Operador_05
31-ago-27,Operador_01,Completado,10009,TIN_000006,20006,40006,50006,Cliente_018,CLI018,Producto_003,Configuracion_007,30007,Fitosanitario 150 Gy,0.22,13,4,SYS_000093,TAG_000093,17,MODE_B - Config demo,0.22,2,1,0.22,0.025,8.0,0.909,7:53:00 p.m.,8:50:00 p.m.,00:57:00,,Operador_05
31-ago-27,Operador_05,Completado,10009,TIN_000006,20006,40006,50006,Cliente_018,CLI018,Producto_003,Configuracion_007,30007,Fitosanitario 150 Gy,0.22,14,5,SYS_000094,TAG_000094,17,MODE_B - Config demo,0.22,2,1,0.22,0.025,8.0,0.909,7:53:00 p.m.,8:50:00 p.m.,00:57:00,,Operador_03
31-ago-27,Operador_05,Completado,10009,TIN_000006,20006,40006,50006,Cliente_018,CLI018,Producto_003,Configuracion_007,30007,Fitosanitario 150 Gy,0.22,15,6,SYS_000095,TAG_000095,17,MODE_B - Config demo,0.22,2,1,0.22,0.025,8.0,0.909,7:53:00 p.m.,8:50:00 p.m.,00:57:00,,Operador_03
31-ago-27,Operador_05,Completado,10009,TIN_000006,20006,40006,50006,Cliente_018,CLI018,Producto_003,Configuracion_007,30007,Fitosanitario 150 Gy,0.22,16,7,SYS_000096,TAG_000096,17,MODE_B - Config demo,0.22,2,1,0.22,0.025,8.0,0.909,7:53:00 p.m.,8:50:00 p.m.,00:57:00,,Operador_05
31-ago-27,Operador_04,Completado,10009,TIN_000006,20006,40006,50006,Cliente_018,CLI018,Producto_003,Configuracion_007,30007,Fitosanitario 150 Gy,0.22,17,8,SYS_000097,TAG_000097,17,MODE_B - Config demo,0.22,2,1,0.22,0.025,8.0,0.909,7:53:00 p.m.,8:50:00 p.m.,00:57:00,,Operador_03
13-ago-27,Operador_03,Completado,10010,TIN_000007,20007,40007,50007,Cliente_010,CLI010,Producto_007,Configuracion_008,30008,Desbacterizacion (Otros Y protocolos),1.0,1,1,SYS_000098,TAG_000098,23,MODE_A - Config demo,1.0,2,1,1.0,2.5,2.4,6.0,1:37:00 p.m.,2:51:00 p.m.,01:14:00,,Operador_05
13-ago-27,Operador_03,Completado,10010,TIN_000007,20007,40007,50007,Cliente_010,CLI010,Producto_007,Configuracion_008,30008,Desbacterizacion (Otros Y protocolos),1.0,2,2,SYS_000099,TAG_000099,23,MODE_A - Config demo,1.0,2,1,1.0,2.5,2.4,6.0,1:37:00 p.m.,2:51:00 p.m.,01:14:00,,Operador_04
13-ago-27,Operador_01,Completado,10010,TIN_000007,20007,40007,50007,Cliente_010,CLI010,Producto_007,Configuracion_008,30008,Desbacterizacion (Otros Y protocolos),1.0,3,3,SYS_000100,TAG_000100,23,MODE_A - Config demo,1.0,2,1,1.0,2.5,2.4,6.0,1:37:00 p.m.,2:51:00 p.m.,01:14:00,,Operador_05
13-ago-27,Operador_01,Completado,10010,TIN_000007,20007,40007,50007,Cliente_010,CLI010,Producto_007,Configuracion_008,30008,Desbacterizacion (Otros Y protocolos),1.0,4,4,SYS_000101,TAG_000101,23,MODE_A - Config demo,1.0,2,1,1.0,2.5,2.4,6.0,1:37:00 p.m.,2:51:00 p.m.,01:14:00,,Operador_03
13-ago-27,Operador_04,Completado,10010,TIN_000007,20007,40007,50007,Cliente_010,CLI010,Producto_007,Configuracion_008,30008,Desbacterizacion (Otros Y protocolos),1.0,5,5,SYS_000102,TAG_000102,23,MODE_A - Config demo,1.0,2,1,1.0,2.5,2.4,6.0,1:37:00 p.m.,2:51:00 p.m.,01:14:00,,Operador_02
13-ago-27,Operador_05,Completado,10010,TIN_000007,20007,40007,50007,Cliente_010,CLI010,Producto_007,Configuracion_008,30008,Desbacterizacion (Otros Y protocolos),1.0,6,6,SYS_000103,TAG_000103,23,MODE_A - Config demo,1.0,2,1,1.0,2.5,2.4,6.0,1:37:00 p.m.,2:51:00 p.m.,01:14:00,,Operador_04
13-ago-27,Operador_05,Completado,10010,TIN_000007,20007,40007,50007,Cliente_010,CLI010,Producto_007,Configuracion_008,30008,Desbacterizacion (Otros Y protocolos),1.0,7,7,SYS_000104,TAG_000104,23,MODE_A - Config demo,1.0,2,1,1.0,2.5,2.4,6.0,1:37:00 p.m.,2:51:00 p.m.,01:14:00,,Operador_03
13-ago-27,Operador_04,Completado,10010,TIN_000007,20007,40007,50007,Cliente_010,CLI010,Producto_007,Configuracion_008,30008,Desbacterizacion (Otros Y protocolos),1.0,8,8,SYS_000105,TAG_000105,23,MODE_A - Config demo,1.0,2,1,1.0,2.5,2.4,6.0,1:37:00 p.m.,2:51:00 p.m.,01:14:00,,Operador_01
13-ago-27,Operador_01,Completado,10010,TIN_000007,20007,40007,50007,Cliente_010,CLI010,Producto_007,Configuracion_008,30008,Desbacterizacion (Otros Y protocolos),1.0,9,9,SYS_000106,TAG_000106,23,MODE_A - Config demo,1.0,2,1,1.0,2.5,2.4,6.0,1:37:00 p.m.,2:51:00 p.m.,01:14:00,,Operador_03
13-ago-27,Operador_02,Completado,10010,TIN_000007,20007,40007,50007,Cliente_010,CLI010,Producto_007,Configuracion_008,30008,Desbacterizacion (Otros Y protocolos),1.0,10,10,SYS_000107,TAG_000107,23,MODE_A - Config demo,1.0,2,1,1.0,2.5,2.4,6.0,1:37:00 p.m.,2:51:00 p.m.,01:14:00,,Operador_03
13-ago-27,Operador_04,Completado,10010,TIN_000007,20007,40007,50007,Cliente_010,CLI010,Producto_007,Configuracion_008,30008,Desbacterizacion (Otros Y protocolos),1.0,11,11,SYS_000108,TAG_000108,23,MODE_A - Config demo,1.0,2,1,1.0,2.5,2.4,6.0,1:37:00 p.m.,2:51:00 p.m.,01:14:00,,Operador_02
13-ago-27,Operador_05,Completado,10010,TIN_000007,20007,40007,50007,Cliente_010,CLI010,Producto_007,Configuracion_008,30008,Desbacterizacion (Otros Y protocolos),1.0,12,12,SYS_000109,TAG_000109,23,MODE_A - Config demo,1.0,2,1,1.0,2.5,2.4,6.0,1:37:00 p.m.,2:51:00 p.m.,01:14:00,,Operador_04
13-ago-27,Operador_04,Completado,10011,TIN_000007,20007,40007,50007,Cliente_010,CLI010,Producto_007,Configuracion_008,30008,Desbacterizacion (Otros Y protocolos),1.0,13,1,SYS_000110,TAG_000110,23,MODE_B - Config demo,0.5,2,2,0.5,0.025,8.0,0.4,6:11:00 a.m.,7:25:00 a.m.,01:14:00,,Operador_02
13-ago-27,Operador_03,Completado,10011,TIN_000007,20007,40007,50007,Cliente_010,CLI010,Producto_007,Configuracion_008,30008,Desbacterizacion (Otros Y protocolos),1.0,14,2,SYS_000111,TAG_000111,23,MODE_B - Config demo,0.5,2,2,0.5,0.025,8.0,0.4,6:11:00 a.m.,7:25:00 a.m.,01:14:00,,Operador_01
13-ago-27,Operador_05,Completado,10011,TIN_000007,20007,40007,50007,Cliente_010,CLI010,Producto_007,Configuracion_008,30008,Desbacterizacion (Otros Y protocolos),1.0,15,3,SYS_000112,TAG_000112,23,MODE_B - Config demo,0.5,2,2,0.5,0.025,8.0,0.4,6:11:00 a.m.,7:25:00 a.m.,01:14:00,,Operador_02
13-ago-27,Operador_05,Completado,10011,TIN_000007,20007,40007,50007,Cliente_010,CLI010,Producto_007,Configuracion_008,30008,Desbacterizacion (Otros Y protocolos),1.0,16,4,SYS_000113,TAG_000113,23,MODE_B - Config demo,0.5,2,2,0.5,0.025,8.0,0.4,6:11:00 a.m.,7:25:00 a.m.,01:14:00,,Operador_03
13-ago-27,Operador_02,Completado,10011,TIN_000007,20007,40007,50007,Cliente_010,CLI010,Producto_007,Configuracion_008,30008,Desbacterizacion (Otros Y protocolos),1.0,17,5,SYS_000114,TAG_000114,23,MODE_B - Config demo,0.5,2,2,0.5,0.025,8.0,0.4,6:11:00 a.m.,7:25:00 a.m.,01:14:00,,Operador_01
13-ago-27,Operador_05,Completado,10011,TIN_000007,20007,40007,50007,Cliente_010,CLI010,Producto_007,Configuracion_008,30008,Desbacterizacion (Otros Y protocolos),1.0,18,6,SYS_000115,TAG_000115,23,MODE_B - Config demo,0.5,2,2,0.5,0.025,8.0,0.4,6:11:00 a.m.,7:25:00 a.m.,01:14:00,,Operador_04
13-ago-27,Operador_05,Completado,10011,TIN_000007,20007,40007,50007,Cliente_010,CLI010,Producto_007,Configuracion_008,30008,Desbacterizacion (Otros Y protocolos),1.0,19,7,SYS_000116,TAG_000116,23,MODE_B - Config demo,0.5,2,2,0.5,0.025,8.0,0.4,6:11:00 a.m.,7:25:00 a.m.,01:14:00,,Operador_02
13-ago-27,Operador_01,Completado,10011,TIN_000007,20007,40007,50007,Cliente_010,CLI010,Producto_007,Configuracion_008,30008,Desbacterizacion (Otros Y protocolos),1.0,20,8,SYS_000117,TAG_000117,23,MODE_B - Config demo,0.5,2,2,0.5,0.025,8.0,0.4,6:11:00 a.m.,7:25:00 a.m.,01:14:00,,Operador_02
13-ago-27,Operador_02,Completado,10011,TIN_000007,20007,40007,50007,Cliente_010,CLI010,Producto_007,Configuracion_008,30008,Desbacterizacion (Otros Y protocolos),1.0,21,9,SYS_000118,TAG_000118,23,MODE_B - Config demo,0.5,2,2,0.5,0.025,8.0,0.4,6:11:00 a.m.,7:25:00 a.m.,01:14:00,,Operador_02
13-ago-27,Operador_04,Completado,10011,TIN_000007,20007,40007,50007,Cliente_010,CLI010,Producto_007,Configuracion_008,30008,Desbacterizacion (Otros Y protocolos),1.0,22,10,SYS_000119,TAG_000119,23,MODE_B - Config demo,0.5,2,2,0.5,0.025,8.0,0.4,6:11:00 a.m.,7:25:00 a.m.,01:14:00,,Operador_05
13-ago-27,Operador_01,Completado,10011,TIN_000007,20007,40007,50007,Cliente_010,CLI010,Producto_007,Configuracion_008,30008,Desbacterizacion (Otros Y protocolos),1.0,23,11,SYS_000120,TAG_000120,23,MODE_B - Config demo,0.5,2,2,0.5,0.025,8.0,0.4,6:11:00 a.m.,7:25:00 a.m.,01:14:00,,Operador_03
11-ago-27,Operador_04,Completado,10012,TIN_000008,20008,40008,50008,Cliente_002,CLI002,Producto_007,Configuracion_001,30001,Fitosanitario 150 Gy,0.3,1,1,SYS_000121,TAG_000121,19,MODE_B - Config demo,0.3,2,1,0.3,0.025,8.0,0.667,10:51:00 a.m.,12:03:00 p.m.,01:12:00,,Operador_03
11-ago-27,Operador_01,Completado,10012,TIN_000008,20008,40008,50008,Cliente_002,CLI002,Producto_007,Configuracion_001,30001,Fitosanitario 150 Gy,0.3,2,2,SYS_000122,TAG_000122,19,MODE_B - Config demo,0.3,2,1,0.3,0.025,8.0,0.667,10:51:00 a.m.,12:03:00 p.m.,01:12:00,,Operador_04
11-ago-27,Operador_01,Completado,10012,TIN_000008,20008,40008,50008,Cliente_002,CLI002,Producto_007,Configuracion_001,30001,Fitosanitario 150 Gy,0.3,3,3,SYS_000123,TAG_000123,19,MODE_B - Config demo,0.3,2,1,0.3,0.025,8.0,0.667,10:51:00 a.m.,12:03:00 p.m.,01:12:00,,Operador_01
11-ago-27,Operador_02,Completado,10012,TIN_000008,20008,40008,50008,Cliente_002,CLI002,Producto_007,Configuracion_001,30001,Fitosanitario 150 Gy,0.3,4,4,SYS_000124,TAG_000124,19,MODE_B - Config demo,0.3,2,1,0.3,0.025,8.0,0.667,10:51:00 a.m.,12:03:00 p.m.,01:12:00,,Operador_01
11-ago-27,Operador_05,Completado,10012,TIN_000008,20008,40008,50008,Cliente_002,CLI002,Producto_007,Configuracion_001,30001,Fitosanitario 150 Gy,0.3,5,5,SYS_000125,TAG_000125,19,MODE_B - Config demo,0.3,2,1,0.3,0.025,8.0,0.667,10:51:00 a.m.,12:03:00 p.m.,01:12:00,,Operador_03
11-ago-27,Operador_05,Completado,10012,TIN_000008,20008,40008,50008,Cliente_002,CLI002,Producto_007,Configuracion_001,30001,Fitosanitario 150 Gy,0.3,6,6,SYS_000126,TAG_000126,19,MODE_B - Config demo,0.3,2,1,0.3,0.025,8.0,0.667,10:51:00 a.m.,12:03:00 p.m.,01:12:00,,Operador_01
11-ago-27,Operador_01,Completado,10012,TIN_000008,20008,40008,50008,Cliente_002,CLI002,Producto_007,Configuracion_001,30001,Fitosanitario 150 Gy,0.3,7,7,SYS_000127,TAG_000127,19,MODE_B - Config demo,0.3,2,1,0.3,0.025,8.0,0.667,10:51:00 a.m.,12:03:00 p.m.,01:12:00,,Operador_01
11-ago-27,Operador_01,Completado,10012,TIN_000008,20008,40008,50008,Cliente_002,CLI002,Producto_007,Configuracion_001,30001,Fitosanitario 150 Gy,0.3,8,8,SYS_000128,TAG_000128,19,MODE_B - Config demo,0.3,2,1,0.3,0.025,8.0,0.667,10:51:00 a.m.,12:03:00 p.m.,01:12:00,,Operador_04
11-ago-27,Operador_01,Completado,10012,TIN_000008,20008,40008,50008,Cliente_002,CLI002,Producto_007,Configuracion_001,30001,Fitosanitario 150 Gy,0.3,9,9,SYS_000129,TAG_000129,19,MODE_B - Config demo,0.3,2,1,0.3,0.025,8.0,0.667,10:51:00 a.m.,12:03:00 p.m.,01:12:00,,Operador_05
11-ago-27,Operador_04,Completado,10012,TIN_000008,20008,40008,50008,Cliente_002,CLI002,Producto_007,Configuracion_001,30001,Fitosanitario 150 Gy,0.3,10,10,SYS_000130,TAG_000130,19,MODE_B - Config demo,0.3,2,1,0.3,0.025,8.0,0.667,10:51:00 a.m.,12:03:00 p.m.,01:12:00,,Operador_02
11-ago-27,Operador_05,Completado,10013,TIN_000008,20008,40008,50008,Cliente_002,CLI002,Producto_007,Configuracion_001,30001,Fitosanitario 150 Gy,0.3,11,1,SYS_000131,TAG_000131,19,MODE_B - Config demo,0.3,2,1,0.3,0.025,8.0,0.667,1:40:00 p.m.,2:40:00 p.m.,01:00:00,,Operador_02
11-ago-27,Operador_05,Completado,10013,TIN_000008,20008,40008,50008,Cliente_002,CLI002,Producto_007,Configuracion_001,30001,Fitosanitario 150 Gy,0.3,12,2,SYS_000132,TAG_000132,19,MODE_B - Config demo,0.3,2,1,0.3,0.025,8.0,0.667,1:40:00 p.m.,2:40:00 p.m.,01:00:00,,Operador_04
11-ago-27,Operador_05,Completado,10013,TIN_000008,20008,40008,50008,Cliente_002,CLI002,Producto_007,Configuracion_001,30001,Fitosanitario 150 Gy,0.3,13,3,SYS_000133,TAG_000133,19,MODE_B - Config demo,0.3,2,1,0.3,0.025,8.0,0.667,1:40:00 p.m.,2:40:00 p.m.,01:00:00,,Operador_01
11-ago-27,Operador_01,Completado,10013,TIN_000008,20008,40008,50008,Cliente_002,CLI002,Producto_007,Configuracion_001,30001,Fitosanitario 150 Gy,0.3,14,4,SYS_000134,TAG_000134,19,MODE_B - Config demo,0.3,2,1,0.3,0.025,8.0,0.667,1:40:00 p.m.,2:40:00 p.m.,01:00:00,,Operador_03
11-ago-27,Operador_02,Completado,10013,TIN_000008,20008,40008,50008,Cliente_002,CLI002,Producto_007,Configuracion_001,30001,Fitosanitario 150 Gy,0.3,15,5,SYS_000135,TAG_000135,19,MODE_B - Config demo,0.3,2,1,0.3,0.025,8.0,0.667,1:40:00 p.m.,2:40:00 p.m.,01:00:00,,Operador_04
11-ago-27,Operador_04,Completado,10013,TIN_000008,20008,40008,50008,Cliente_002,CLI002,Producto_007,Configuracion_001,30001,Fitosanitario 150 Gy,0.3,16,6,SYS_000136,TAG_000136,19,MODE_B - Config demo,0.3,2,1,0.3,0.025,8.0,0.667,1:40:00 p.m.,2:40:00 p.m.,01:00:00,,Operador_03
11-ago-27,Operador_01,Completado,10013,TIN_000008,20008,40008,50008,Cliente_002,CLI002,Producto_007,Configuracion_001,30001,Fitosanitario 150 Gy,0.3,17,7,SYS_000137,TAG_000137,19,MODE_B - Config demo,0.3,2,1,0.3,0.025,8.0,0.667,1:40:00 p.m.,2:40:00 p.m.,01:00:00,,Operador_02
11-ago-27,Operador_02,Completado,10013,TIN_000008,20008,40008,50008,Cliente_002,CLI002,Producto_007,Configuracion_001,30001,Fitosanitario 150 Gy,0.3,18,8,SYS_000138,TAG_000138,19,MODE_B - Config demo,0.3,2,1,0.3,0.025,8.0,0.667,1:40:00 p.m.,2:40:00 p.m.,01:00:00,,Operador_02
11-ago-27,Operador_05,Completado,10013,TIN_000008,20008,40008,50008,Cliente_002,CLI002,Producto_007,Configuracion_001,30001,Fitosanitario 150 Gy,0.3,19,9,SYS_000139,TAG_000139,19,MODE_B - Config demo,0.3,2,1,0.3,0.025,8.0,0.667,1:40:00 p.m.,2:40:00 p.m.,01:00:00,,Operador_04
11-ago-27,Operador_03,Completado,10014,TIN_000009,20009,40009,50009,Cliente_009,CLI009,Producto_008,Configuracion_002,30002,Desbacterizacion (Chiles secos),3.0,1,1,SYS_000140,TAG_000140,15,MODE_A - Config demo,3.0,2,1,3.0,2.5,2.4,2.0,6:55:00 p.m.,7:59:00 p.m.,01:04:00,,Operador_04
11-ago-27,Operador_05,Completado,10014,TIN_000009,20009,40009,50009,Cliente_009,CLI009,Producto_008,Configuracion_002,30002,Desbacterizacion (Chiles secos),3.0,2,2,SYS_000141,TAG_000141,15,MODE_A - Config demo,3.0,2,1,3.0,2.5,2.4,2.0,6:55:00 p.m.,7:59:00 p.m.,01:04:00,,Operador_04
11-ago-27,Operador_04,Completado,10014,TIN_000009,20009,40009,50009,Cliente_009,CLI009,Producto_008,Configuracion_002,30002,Desbacterizacion (Chiles secos),3.0,3,3,SYS_000142,TAG_000142,15,MODE_A - Config demo,3.0,2,1,3.0,2.5,2.4,2.0,6:55:00 p.m.,7:59:00 p.m.,01:04:00,,Operador_03
11-ago-27,Operador_02,Completado,10014,TIN_000009,20009,40009,50009,Cliente_009,CLI009,Producto_008,Configuracion_002,30002,Desbacterizacion (Chiles secos),3.0,4,4,SYS_000143,TAG_000143,15,MODE_A - Config demo,3.0,2,1,3.0,2.5,2.4,2.0,6:55:00 p.m.,7:59:00 p.m.,01:04:00,,Operador_02
11-ago-27,Operador_05,Completado,10014,TIN_000009,20009,40009,50009,Cliente_009,CLI009,Producto_008,Configuracion_002,30002,Desbacterizacion (Chiles secos),3.0,5,5,SYS_000144,TAG_000144,15,MODE_A - Config demo,3.0,2,1,3.0,2.5,2.4,2.0,6:55:00 p.m.,7:59:00 p.m.,01:04:00,,Operador_03
11-ago-27,Operador_03,Completado,10014,TIN_000009,20009,40009,50009,Cliente_009,CLI009,Producto_008,Configuracion_002,30002,Desbacterizacion (Chiles secos),3.0,6,6,SYS_000145,TAG_000145,15,MODE_A - Config demo,3.0,2,1,3.0,2.5,2.4,2.0,6:55:00 p.m.,7:59:00 p.m.,01:04:00,,Operador_03
11-ago-27,Operador_02,Completado,10014,TIN_000009,20009,40009,50009,Cliente_009,CLI009,Producto_008,Configuracion_002,30002,Desbacterizacion (Chiles secos),3.0,7,7,SYS_000146,TAG_000146,15,MODE_A - Config demo,3.0,2,1,3.0,2.5,2.4,2.0,6:55:00 p.m.,7:59:00 p.m.,01:04:00,,Operador_01
11-ago-27,Operador_02,Completado,10014,TIN_000009,20009,40009,50009,Cliente_009,CLI009,Producto_008,Configuracion_002,30002,Desbacterizacion (Chiles secos),3.0,8,8,SYS_000147,TAG_000147,15,MODE_A - Config demo,3.0,2,1,3.0,2.5,2.4,2.0,6:55:00 p.m.,7:59:00 p.m.,01:04:00,,Operador_02
11-ago-27,Operador_03,Completado,10015,TIN_000009,20009,40009,50009,Cliente_009,CLI009,Producto_008,Configuracion_002,30002,Desbacterizacion (Chiles secos),3.0,9,1,SYS_000148,TAG_000148,15,MODE_B - Config demo,3.0,2,1,3.0,0.025,8.0,0.067,7:04:00 p.m.,7:52:00 p.m.,00:48:00,,Operador_01
11-ago-27,Operador_04,Completado,10015,TIN_000009,20009,40009,50009,Cliente_009,CLI009,Producto_008,Configuracion_002,30002,Desbacterizacion (Chiles secos),3.0,10,2,SYS_000149,TAG_000149,15,MODE_B - Config demo,3.0,2,1,3.0,0.025,8.0,0.067,7:04:00 p.m.,7:52:00 p.m.,00:48:00,,Operador_03
11-ago-27,Operador_04,Completado,10015,TIN_000009,20009,40009,50009,Cliente_009,CLI009,Producto_008,Configuracion_002,30002,Desbacterizacion (Chiles secos),3.0,11,3,SYS_000150,TAG_000150,15,MODE_B - Config demo,3.0,2,1,3.0,0.025,8.0,0.067,7:04:00 p.m.,7:52:00 p.m.,00:48:00,,Operador_02
11-ago-27,Operador_03,Completado,10015,TIN_000009,20009,40009,50009,Cliente_009,CLI009,Producto_008,Configuracion_002,30002,Desbacterizacion (Chiles secos),3.0,12,4,SYS_000151,TAG_000151,15,MODE_B - Config demo,3.0,2,1,3.0,0.025,8.0,0.067,7:04:00 p.m.,7:52:00 p.m.,00:48:00,,Operador_05
11-ago-27,Operador_04,Completado,10015,TIN_000009,20009,40009,50009,Cliente_009,CLI009,Producto_008,Configuracion_002,30002,Desbacterizacion (Chiles secos),3.0,13,5,SYS_000152,TAG_000152,15,MODE_B - Config demo,3.0,2,1,3.0,0.025,8.0,0.067,7:04:00 p.m.,7:52:00 p.m.,00:48:00,,Operador_02
11-ago-27,Operador_04,Completado,10015,TIN_000009,20009,40009,50009,Cliente_009,CLI009,Producto_008,Configuracion_002,30002,Desbacterizacion (Chiles secos),3.0,14,6,SYS_000153,TAG_000153,15,MODE_B - Config demo,3.0,2,1,3.0,0.025,8.0,0.067,7:04:00 p.m.,7:52:00 p.m.,00:48:00,,Operador_05
11-ago-27,Operador_04,Completado,10015,TIN_000009,20009,40009,50009,Cliente_009,CLI009,Producto_008,Configuracion_002,30002,Desbacterizacion (Chiles secos),3.0,15,7,SYS_000154,TAG_000154,15,MODE_B - Config demo,3.0,2,1,3.0,0.025,8.0,0.067,7:04:00 p.m.,7:52:00 p.m.,00:48:00,,Operador_04
05-ago-27,Operador_03,Completado,10016,TIN_000010,20010,40010,50010,Cliente_016,CLI016,Producto_012,Configuracion_003,30003,Fitosanitario 150 Gy,0.32,1,1,SYS_000155,TAG_000155,15,MODE_B - Config demo,0.32,2,1,0.32,0.025,8.0,0.625,9:16:00 a.m.,10:14:00 a.m.,00:58:00,,Operador_05
05-ago-27,Operador_04,Completado,10016,TIN_000010,20010,40010,50010,Cliente_016,CLI016,Producto_012,Configuracion_003,30003,Fitosanitario 150 Gy,0.32,2,2,SYS_000156,TAG_000156,15,MODE_B - Config demo,0.32,2,1,0.32,0.025,8.0,0.625,9:16:00 a.m.,10:14:00 a.m.,00:58:00,,Operador_04
05-ago-27,Operador_04,Completado,10016,TIN_000010,20010,40010,50010,Cliente_016,CLI016,Producto_012,Configuracion_003,30003,Fitosanitario 150 Gy,0.32,3,3,SYS_000157,TAG_000157,15,MODE_B - Config demo,0.32,2,1,0.32,0.025,8.0,0.625,9:16:00 a.m.,10:14:00 a.m.,00:58:00,,Operador_01
05-ago-27,Operador_04,Completado,10016,TIN_000010,20010,40010,50010,Cliente_016,CLI016,Producto_012,Configuracion_003,30003,Fitosanitario 150 Gy,0.32,4,4,SYS_000158,TAG_000158,15,MODE_B - Config demo,0.32,2,1,0.32,0.025,8.0,0.625,9:16:00 a.m.,10:14:00 a.m.,00:58:00,,Operador_03
05-ago-27,Operador_04,Completado,10016,TIN_000010,20010,40010,50010,Cliente_016,CLI016,Producto_012,Configuracion_003,30003,Fitosanitario 150 Gy,0.32,5,5,SYS_000159,TAG_000159,15,MODE_B - Config demo,0.32,2,1,0.32,0.025,8.0,0.625,9:16:00 a.m.,10:14:00 a.m.,00:58:00,,Operador_04
05-ago-27,Operador_01,Completado,10016,TIN_000010,20010,40010,50010,Cliente_016,CLI016,Producto_012,Configuracion_003,30003,Fitosanitario 150 Gy,0.32,6,6,SYS_000160,TAG_000160,15,MODE_B - Config demo,0.32,2,1,0.32,0.025,8.0,0.625,9:16:00 a.m.,10:14:00 a.m.,00:58:00,,Operador_04
05-ago-27,Operador_05,Completado,10016,TIN_000010,20010,40010,50010,Cliente_016,CLI016,Producto_012,Configuracion_003,30003,Fitosanitario 150 Gy,0.32,7,7,SYS_000161,TAG_000161,15,MODE_B - Config demo,0.32,2,1,0.32,0.025,8.0,0.625,9:16:00 a.m.,10:14:00 a.m.,00:58:00,,Operador_03
05-ago-27,Operador_04,Completado,10016,TIN_000010,20010,40010,50010,Cliente_016,CLI016,Producto_012,Configuracion_003,30003,Fitosanitario 150 Gy,0.32,8,8,SYS_000162,TAG_000162,15,MODE_B - Config demo,0.32,2,1,0.32,0.025,8.0,0.625,9:16:00 a.m.,10:14:00 a.m.,00:58:00,,Operador_01
05-ago-27,Operador_01,Completado,10017,TIN_000010,20010,40010,50010,Cliente_016,CLI016,Producto_012,Configuracion_003,30003,Fitosanitario 150 Gy,0.32,9,1,SYS_000163,TAG_000163,15,MODE_A - Config demo,0.16,2,2,0.16,2.5,2.4,37.5,10:24:00 a.m.,11:20:00 a.m.,00:56:00,,Operador_01
05-ago-27,Operador_04,Completado,10017,TIN_000010,20010,40010,50010,Cliente_016,CLI016,Producto_012,Configuracion_003,30003,Fitosanitario 150 Gy,0.32,10,2,SYS_000164,TAG_000164,15,MODE_A - Config demo,0.16,2,2,0.16,2.5,2.4,37.5,10:24:00 a.m.,11:20:00 a.m.,00:56:00,,Operador_04
05-ago-27,Operador_04,Completado,10017,TIN_000010,20010,40010,50010,Cliente_016,CLI016,Producto_012,Configuracion_003,30003,Fitosanitario 150 Gy,0.32,11,3,SYS_000165,TAG_000165,15,MODE_A - Config demo,0.16,2,2,0.16,2.5,2.4,37.5,10:24:00 a.m.,11:20:00 a.m.,00:56:00,,Operador_01
05-ago-27,Operador_02,Completado,10017,TIN_000010,20010,40010,50010,Cliente_016,CLI016,Producto_012,Configuracion_003,30003,Fitosanitario 150 Gy,0.32,12,4,SYS_000166,TAG_000166,15,MODE_A - Config demo,0.16,2,2,0.16,2.5,2.4,37.5,10:24:00 a.m.,11:20:00 a.m.,00:56:00,,Operador_05
05-ago-27,Operador_03,Completado,10017,TIN_000010,20010,40010,50010,Cliente_016,CLI016,Producto_012,Configuracion_003,30003,Fitosanitario 150 Gy,0.32,13,5,SYS_000167,TAG_000167,15,MODE_A - Config demo,0.16,2,2,0.16,2.5,2.4,37.5,10:24:00 a.m.,11:20:00 a.m.,00:56:00,,Operador_01
05-ago-27,Operador_05,Completado,10017,TIN_000010,20010,40010,50010,Cliente_016,CLI016,Producto_012,Configuracion_003,30003,Fitosanitario 150 Gy,0.32,14,6,SYS_000168,TAG_000168,15,MODE_A - Config demo,0.16,2,2,0.16,2.5,2.4,37.5,10:24:00 a.m.,11:20:00 a.m.,00:56:00,,Operador_03
05-ago-27,Operador_03,Completado,10017,TIN_000010,20010,40010,50010,Cliente_016,CLI016,Producto_012,Configuracion_003,30003,Fitosanitario 150 Gy,0.32,15,7,SYS_000169,TAG_000169,15,MODE_A - Config demo,0.16,2,2,0.16,2.5,2.4,37.5,10:24:00 a.m.,11:20:00 a.m.,00:56:00,,Operador_03
07-ago-27,Operador_05,Completado,10018,TIN_000011,20011,40011,50011,Cliente_004,CLI004,Producto_014,Configuracion_004,30004,Fitosanitario 150 Gy,0.28,1,1,SYS_000170,TAG_000170,12,MODE_B - Config demo,0.28,2,1,0.28,0.025,8.0,0.714,6:24:00 a.m.,7:27:00 a.m.,01:03:00,,Operador_03
07-ago-27,Operador_01,Completado,10018,TIN_000011,20011,40011,50011,Cliente_004,CLI004,Producto_014,Configuracion_004,30004,Fitosanitario 150 Gy,0.28,2,2,SYS_000171,TAG_000171,12,MODE_B - Config demo,0.28,2,1,0.28,0.025,8.0,0.714,6:24:00 a.m.,7:27:00 a.m.,01:03:00,,Operador_05
07-ago-27,Operador_05,Completado,10018,TIN_000011,20011,40011,50011,Cliente_004,CLI004,Producto_014,Configuracion_004,30004,Fitosanitario 150 Gy,0.28,3,3,SYS_000172,TAG_000172,12,MODE_B - Config demo,0.28,2,1,0.28,0.025,8.0,0.714,6:24:00 a.m.,7:27:00 a.m.,01:03:00,,Operador_01
07-ago-27,Operador_01,Completado,10018,TIN_000011,20011,40011,50011,Cliente_004,CLI004,Producto_014,Configuracion_004,30004,Fitosanitario 150 Gy,0.28,4,4,SYS_000173,TAG_000173,12,MODE_B - Config demo,0.28,2,1,0.28,0.025,8.0,0.714,6:24:00 a.m.,7:27:00 a.m.,01:03:00,,Operador_01
07-ago-27,Operador_02,Completado,10018,TIN_000011,20011,40011,50011,Cliente_004,CLI004,Producto_014,Configuracion_004,30004,Fitosanitario 150 Gy,0.28,5,5,SYS_000174,TAG_000174,12,MODE_B - Config demo,0.28,2,1,0.28,0.025,8.0,0.714,6:24:00 a.m.,7:27:00 a.m.,01:03:00,,Operador_03
07-ago-27,Operador_04,Completado,10018,TIN_000011,20011,40011,50011,Cliente_004,CLI004,Producto_014,Configuracion_004,30004,Fitosanitario 150 Gy,0.28,6,6,SYS_000175,TAG_000175,12,MODE_B - Config demo,0.28,2,1,0.28,0.025,8.0,0.714,6:24:00 a.m.,7:27:00 a.m.,01:03:00,,Operador_05
07-ago-27,Operador_05,Completado,10018,TIN_000011,20011,40011,50011,Cliente_004,CLI004,Producto_014,Configuracion_004,30004,Fitosanitario 150 Gy,0.28,7,7,SYS_000176,TAG_000176,12,MODE_B - Config demo,0.28,2,1,0.28,0.025,8.0,0.714,6:24:00 a.m.,7:27:00 a.m.,01:03:00,,Operador_05
07-ago-27,Operador_01,Completado,10018,TIN_000011,20011,40011,50011,Cliente_004,CLI004,Producto_014,Configuracion_004,30004,Fitosanitario 150 Gy,0.28,8,8,SYS_000177,TAG_000177,12,MODE_B - Config demo,0.28,2,1,0.28,0.025,8.0,0.714,6:24:00 a.m.,7:27:00 a.m.,01:03:00,,Operador_05
07-ago-27,Operador_04,Completado,10018,TIN_000011,20011,40011,50011,Cliente_004,CLI004,Producto_014,Configuracion_004,30004,Fitosanitario 150 Gy,0.28,9,9,SYS_000178,TAG_000178,12,MODE_B - Config demo,0.28,2,1,0.28,0.025,8.0,0.714,6:24:00 a.m.,7:27:00 a.m.,01:03:00,,Operador_01
07-ago-27,Operador_05,Completado,10018,TIN_000011,20011,40011,50011,Cliente_004,CLI004,Producto_014,Configuracion_004,30004,Fitosanitario 150 Gy,0.28,10,10,SYS_000179,TAG_000179,12,MODE_B - Config demo,0.28,2,1,0.28,0.025,8.0,0.714,6:24:00 a.m.,7:27:00 a.m.,01:03:00,,Operador_04
07-ago-27,Operador_04,Completado,10018,TIN_000011,20011,40011,50011,Cliente_004,CLI004,Producto_014,Configuracion_004,30004,Fitosanitario 150 Gy,0.28,11,11,SYS_000180,TAG_000180,12,MODE_B - Config demo,0.28,2,1,0.28,0.025,8.0,0.714,6:24:00 a.m.,7:27:00 a.m.,01:03:00,,Operador_04
07-ago-27,Operador_04,Completado,10018,TIN_000011,20011,40011,50011,Cliente_004,CLI004,Producto_014,Configuracion_004,30004,Fitosanitario 150 Gy,0.28,12,12,SYS_000181,TAG_000181,12,MODE_B - Config demo,0.28,2,1,0.28,0.025,8.0,0.714,6:24:00 a.m.,7:27:00 a.m.,01:03:00,,Operador_01
07-ago-27,Operador_01,Completado,10019,TIN_000012,20012,40012,50012,Cliente_014,CLI014,Producto_004,Configuracion_005,30005,Desbacterizacion (Chiles secos),4.0,1,1,SYS_000182,TAG_000182,19,MODE_B - Config demo,4.0,2,1,4.0,0.025,8.0,0.05,10:33:00 a.m.,11:58:00 a.m.,01:25:00,,Operador_04
07-ago-27,Operador_04,Completado,10019,TIN_000012,20012,40012,50012,Cliente_014,CLI014,Producto_004,Configuracion_005,30005,Desbacterizacion (Chiles secos),4.0,2,2,SYS_000183,TAG_000183,19,MODE_B - Config demo,4.0,2,1,4.0,0.025,8.0,0.05,10:33:00 a.m.,11:58:00 a.m.,01:25:00,,Operador_05
07-ago-27,Operador_01,Completado,10019,TIN_000012,20012,40012,50012,Cliente_014,CLI014,Producto_004,Configuracion_005,30005,Desbacterizacion (Chiles secos),4.0,3,3,SYS_000184,TAG_000184,19,MODE_B - Config demo,4.0,2,1,4.0,0.025,8.0,0.05,10:33:00 a.m.,11:58:00 a.m.,01:25:00,,Operador_04
07-ago-27,Operador_01,Completado,10019,TIN_000012,20012,40012,50012,Cliente_014,CLI014,Producto_004,Configuracion_005,30005,Desbacterizacion (Chiles secos),4.0,4,4,SYS_000185,TAG_000185,19,MODE_B - Config demo,4.0,2,1,4.0,0.025,8.0,0.05,10:33:00 a.m.,11:58:00 a.m.,01:25:00,,Operador_04
07-ago-27,Operador_01,Completado,10019,TIN_000012,20012,40012,50012,Cliente_014,CLI014,Producto_004,Configuracion_005,30005,Desbacterizacion (Chiles secos),4.0,5,5,SYS_000186,TAG_000186,19,MODE_B - Config demo,4.0,2,1,4.0,0.025,8.0,0.05,10:33:00 a.m.,11:58:00 a.m.,01:25:00,,Operador_04
07-ago-27,Operador_01,Completado,10019,TIN_000012,20012,40012,50012,Cliente_014,CLI014,Producto_004,Configuracion_005,30005,Desbacterizacion (Chiles secos),4.0,6,6,SYS_000187,TAG_000187,19,MODE_B - Config demo,4.0,2,1,4.0,0.025,8.0,0.05,10:33:00 a.m.,11:58:00 a.m.,01:25:00,,Operador_01
07-ago-27,Operador_02,Completado,10019,TIN_000012,20012,40012,50012,Cliente_014,CLI014,Producto_004,Configuracion_005,30005,Desbacterizacion (Chiles secos),4.0,7,7,SYS_000188,TAG_000188,19,MODE_B - Config demo,4.0,2,1,4.0,0.025,8.0,0.05,10:33:00 a.m.,11:58:00 a.m.,01:25:00,,Operador_02
07-ago-27,Operador_04,Completado,10019,TIN_000012,20012,40012,50012,Cliente_014,CLI014,Producto_004,Configuracion_005,30005,Desbacterizacion (Chiles secos),4.0,8,8,SYS_000189,TAG_000189,19,MODE_B - Config demo,4.0,2,1,4.0,0.025,8.0,0.05,10:33:00 a.m.,11:58:00 a.m.,01:25:00,,Operador_01
07-ago-27,Operador_04,Completado,10019,TIN_000012,20012,40012,50012,Cliente_014,CLI014,Producto_004,Configuracion_005,30005,Desbacterizacion (Chiles secos),4.0,9,9,SYS_000190,TAG_000190,19,MODE_B - Config demo,4.0,2,1,4.0,0.025,8.0,0.05,10:33:00 a.m.,11:58:00 a.m.,01:25:00,,Operador_03
07-ago-27,Operador_01,Completado,10019,TIN_000012,20012,40012,50012,Cliente_014,CLI014,Producto_004,Configuracion_005,30005,Desbacterizacion (Chiles secos),4.0,10,10,SYS_000191,TAG_000191,19,MODE_B - Config demo,4.0,2,1,4.0,0.025,8.0,0.05,10:33:00 a.m.,11:58:00 a.m.,01:25:00,,Operador_05
07-ago-27,Operador_03,Completado,10019,TIN_000012,20012,40012,50012,Cliente_014,CLI014,Producto_004,Configuracion_005,30005,Desbacterizacion (Chiles secos),4.0,11,11,SYS_000192,TAG_000192,19,MODE_B - Config demo,4.0,2,1,4.0,0.025,8.0,0.05,10:33:00 a.m.,11:58:00 a.m.,01:25:00,,Operador_05
07-ago-27,Operador_01,Completado,10019,TIN_000012,20012,40012,50012,Cliente_014,CLI014,Producto_004,Configuracion_005,30005,Desbacterizacion (Chiles secos),4.0,12,12,SYS_000193,TAG_000193,19,MODE_B - Config demo,4.0,2,1,4.0,0.025,8.0,0.05,10:33:00 a.m.,11:58:00 a.m.,01:25:00,,Operador_03
07-ago-27,Operador_01,Completado,10019,TIN_000012,20012,40012,50012,Cliente_014,CLI014,Producto_004,Configuracion_005,30005,Desbacterizacion (Chiles secos),4.0,13,1,SYS_000194,TAG_000194,19,MODE_B - Config demo,4.0,2,1,4.0,0.025,8.0,0.05,10:33:00 a.m.,11:58:00 a.m.,01:25:00,,Operador_03
07-ago-27,Operador_04,Completado,10019,TIN_000012,20012,40012,50012,Cliente_014,CLI014,Producto_004,Configuracion_005,30005,Desbacterizacion (Chiles secos),4.0,14,2,SYS_000195,TAG_000195,19,MODE_B - Config demo,4.0,2,1,4.0,0.025,8.0,0.05,10:33:00 a.m.,11:58:00 a.m.,01:25:00,,Operador_05
07-ago-27,Operador_05,Completado,10019,TIN_000012,20012,40012,50012,Cliente_014,CLI014,Producto_004,Configuracion_005,30005,Desbacterizacion (Chiles secos),4.0,15,3,SYS_000196,TAG_000196,19,MODE_B - Config demo,4.0,2,1,4.0,0.025,8.0,0.05,10:33:00 a.m.,11:58:00 a.m.,01:25:00,,Operador_02
07-ago-27,Operador_02,Completado,10019,TIN_000012,20012,40012,50012,Cliente_014,CLI014,Producto_004,Configuracion_005,30005,Desbacterizacion (Chiles secos),4.0,16,4,SYS_000197,TAG_000197,19,MODE_B - Config demo,4.0,2,1,4.0,0.025,8.0,0.05,10:33:00 a.m.,11:58:00 a.m.,01:25:00,,Operador_04
07-ago-27,Operador_04,Completado,10019,TIN_000012,20012,40012,50012,Cliente_014,CLI014,Producto_004,Configuracion_005,30005,Desbacterizacion (Chiles secos),4.0,17,5,SYS_000198,TAG_000198,19,MODE_B - Config demo,4.0,2,1,4.0,0.025,8.0,0.05,10:33:00 a.m.,11:58:00 a.m.,01:25:00,,Operador_02
07-ago-27,Operador_02,Completado,10019,TIN_000012,20012,40012,50012,Cliente_014,CLI014,Producto_004,Configuracion_005,30005,Desbacterizacion (Chiles secos),4.0,18,6,SYS_000199,TAG_000199,19,MODE_B - Config demo,4.0,2,1,4.0,0.025,8.0,0.05,10:33:00 a.m.,11:58:00 a.m.,01:25:00,,Operador_01
07-ago-27,Operador_04,Completado,10019,TIN_000012,20012,40012,50012,Cliente_014,CLI014,Producto_004,Configuracion_005,30005,Desbacterizacion (Chiles secos),4.0,19,7,SYS_000200,TAG_000200,19,MODE_B - Config demo,4.0,2,1,4.0,0.025,8.0,0.05,10:33:00 a.m.,11:58:00 a.m.,01:25:00,,Operador_01
14-ago-27,Operador_03,Completado,10020,TIN_000013,20013,40013,50013,Cliente_019,CLI019,Producto_011,Configuracion_006,30006,Fitosanitario 400 Gy,0.65,1,1,SYS_000201,TAG_000201,23,MODE_A - Config demo,0.65,2,1,0.65,2.5,2.4,9.231,11:51:00 a.m.,1:11:00 p.m.,01:20:00,,Operador_03
14-ago-27,Operador_03,Completado,10020,TIN_000013,20013,40013,50013,Cliente_019,CLI019,Producto_011,Configuracion_006,30006,Fitosanitario 400 Gy,0.65,2,2,SYS_000202,TAG_000202,23,MODE_A - Config demo,0.65,2,1,0.65,2.5,2.4,9.231,11:51:00 a.m.,1:11:00 p.m.,01:20:00,,Operador_03
14-ago-27,Operador_05,Completado,10020,TIN_000013,20013,40013,50013,Cliente_019,CLI019,Producto_011,Configuracion_006,30006,Fitosanitario 400 Gy,0.65,3,3,SYS_000203,TAG_000203,23,MODE_A - Config demo,0.65,2,1,0.65,2.5,2.4,9.231,11:51:00 a.m.,1:11:00 p.m.,01:20:00,,Operador_05
14-ago-27,Operador_04,Completado,10020,TIN_000013,20013,40013,50013,Cliente_019,CLI019,Producto_011,Configuracion_006,30006,Fitosanitario 400 Gy,0.65,4,4,SYS_000204,TAG_000204,23,MODE_A - Config demo,0.65,2,1,0.65,2.5,2.4,9.231,11:51:00 a.m.,1:11:00 p.m.,01:20:00,,Operador_03
14-ago-27,Operador_01,Completado,10020,TIN_000013,20013,40013,50013,Cliente_019,CLI019,Producto_011,Configuracion_006,30006,Fitosanitario 400 Gy,0.65,5,5,SYS_000205,TAG_000205,23,MODE_A - Config demo,0.65,2,1,0.65,2.5,2.4,9.231,11:51:00 a.m.,1:11:00 p.m.,01:20:00,,Operador_02
14-ago-27,Operador_01,Completado,10020,TIN_000013,20013,40013,50013,Cliente_019,CLI019,Producto_011,Configuracion_006,30006,Fitosanitario 400 Gy,0.65,6,6,SYS_000206,TAG_000206,23,MODE_A - Config demo,0.65,2,1,0.65,2.5,2.4,9.231,11:51:00 a.m.,1:11:00 p.m.,01:20:00,,Operador_01
14-ago-27,Operador_04,Completado,10020,TIN_000013,20013,40013,50013,Cliente_019,CLI019,Producto_011,Configuracion_006,30006,Fitosanitario 400 Gy,0.65,7,7,SYS_000207,TAG_000207,23,MODE_A - Config demo,0.65,2,1,0.65,2.5,2.4,9.231,11:51:00 a.m.,1:11:00 p.m.,01:20:00,,Operador_02
14-ago-27,Operador_01,Completado,10020,TIN_000013,20013,40013,50013,Cliente_019,CLI019,Producto_011,Configuracion_006,30006,Fitosanitario 400 Gy,0.65,8,8,SYS_000208,TAG_000208,23,MODE_A - Config demo,0.65,2,1,0.65,2.5,2.4,9.231,11:51:00 a.m.,1:11:00 p.m.,01:20:00,,Operador_02
14-ago-27,Operador_01,Completado,10020,TIN_000013,20013,40013,50013,Cliente_019,CLI019,Producto_011,Configuracion_006,30006,Fitosanitario 400 Gy,0.65,9,9,SYS_000209,TAG_000209,23,MODE_A - Config demo,0.65,2,1,0.65,2.5,2.4,9.231,11:51:00 a.m.,1:11:00 p.m.,01:20:00,,Operador_01
14-ago-27,Operador_03,Completado,10020,TIN_000013,20013,40013,50013,Cliente_019,CLI019,Producto_011,Configuracion_006,30006,Fitosanitario 400 Gy,0.65,10,10,SYS_000210,TAG_000210,23,MODE_A - Config demo,0.65,2,1,0.65,2.5,2.4,9.231,11:51:00 a.m.,1:11:00 p.m.,01:20:00,,Operador_04
14-ago-27,Operador_04,Completado,10020,TIN_000013,20013,40013,50013,Cliente_019,CLI019,Producto_011,Configuracion_006,30006,Fitosanitario 400 Gy,0.65,11,11,SYS_000211,TAG_000211,23,MODE_A - Config demo,0.65,2,1,0.65,2.5,2.4,9.231,11:51:00 a.m.,1:11:00 p.m.,01:20:00,,Operador_02
14-ago-27,Operador_04,Completado,10020,TIN_000013,20013,40013,50013,Cliente_019,CLI019,Producto_011,Configuracion_006,30006,Fitosanitario 400 Gy,0.65,12,12,SYS_000212,TAG_000212,23,MODE_A - Config demo,0.65,2,1,0.65,2.5,2.4,9.231,11:51:00 a.m.,1:11:00 p.m.,01:20:00,,Operador_01
14-ago-27,Operador_03,Completado,10021,TIN_000013,20013,40013,50013,Cliente_019,CLI019,Producto_011,Configuracion_006,30006,Fitosanitario 400 Gy,0.65,13,1,SYS_000213,TAG_000213,23,MODE_B - Config demo,0.65,2,1,0.65,0.025,8.0,0.308,2:08:00 p.m.,3:06:00 p.m.,00:58:00,,Operador_03
14-ago-27,Operador_05,Completado,10021,TIN_000013,20013,40013,50013,Cliente_019,CLI019,Producto_011,Configuracion_006,30006,Fitosanitario 400 Gy,0.65,14,2,SYS_000214,TAG_000214,23,MODE_B - Config demo,0.65,2,1,0.65,0.025,8.0,0.308,2:08:00 p.m.,3:06:00 p.m.,00:58:00,,Operador_01
14-ago-27,Operador_04,Completado,10021,TIN_000013,20013,40013,50013,Cliente_019,CLI019,Producto_011,Configuracion_006,30006,Fitosanitario 400 Gy,0.65,15,3,SYS_000215,TAG_000215,23,MODE_B - Config demo,0.65,2,1,0.65,0.025,8.0,0.308,2:08:00 p.m.,3:06:00 p.m.,00:58:00,,Operador_04
14-ago-27,Operador_04,Completado,10021,TIN_000013,20013,40013,50013,Cliente_019,CLI019,Producto_011,Configuracion_006,30006,Fitosanitario 400 Gy,0.65,16,4,SYS_000216,TAG_000216,23,MODE_B - Config demo,0.65,2,1,0.65,0.025,8.0,0.308,2:08:00 p.m.,3:06:00 p.m.,00:58:00,,Operador_01
14-ago-27,Operador_02,Completado,10021,TIN_000013,20013,40013,50013,Cliente_019,CLI019,Producto_011,Configuracion_006,30006,Fitosanitario 400 Gy,0.65,17,5,SYS_000217,TAG_000217,23,MODE_B - Config demo,0.65,2,1,0.65,0.025,8.0,0.308,2:08:00 p.m.,3:06:00 p.m.,00:58:00,,Operador_05
14-ago-27,Operador_04,Completado,10021,TIN_000013,20013,40013,50013,Cliente_019,CLI019,Producto_011,Configuracion_006,30006,Fitosanitario 400 Gy,0.65,18,6,SYS_000218,TAG_000218,23,MODE_B - Config demo,0.65,2,1,0.65,0.025,8.0,0.308,2:08:00 p.m.,3:06:00 p.m.,00:58:00,,Operador_05
14-ago-27,Operador_04,Completado,10021,TIN_000013,20013,40013,50013,Cliente_019,CLI019,Producto_011,Configuracion_006,30006,Fitosanitario 400 Gy,0.65,19,7,SYS_000219,TAG_000219,23,MODE_B - Config demo,0.65,2,1,0.65,0.025,8.0,0.308,2:08:00 p.m.,3:06:00 p.m.,00:58:00,,Operador_01
14-ago-27,Operador_05,Completado,10021,TIN_000013,20013,40013,50013,Cliente_019,CLI019,Producto_011,Configuracion_006,30006,Fitosanitario 400 Gy,0.65,20,8,SYS_000220,TAG_000220,23,MODE_B - Config demo,0.65,2,1,0.65,0.025,8.0,0.308,2:08:00 p.m.,3:06:00 p.m.,00:58:00,,Operador_05
14-ago-27,Operador_04,Completado,10021,TIN_000013,20013,40013,50013,Cliente_019,CLI019,Producto_011,Configuracion_006,30006,Fitosanitario 400 Gy,0.65,21,9,SYS_000221,TAG_000221,23,MODE_B - Config demo,0.65,2,1,0.65,0.025,8.0,0.308,2:08:00 p.m.,3:06:00 p.m.,00:58:00,,Operador_01
14-ago-27,Operador_05,Completado,10021,TIN_000013,20013,40013,50013,Cliente_019,CLI019,Producto_011,Configuracion_006,30006,Fitosanitario 400 Gy,0.65,22,10,SYS_000222,TAG_000222,23,MODE_B - Config demo,0.65,2,1,0.65,0.025,8.0,0.308,2:08:00 p.m.,3:06:00 p.m.,00:58:00,,Operador_05
14-ago-27,Operador_05,Completado,10021,TIN_000013,20013,40013,50013,Cliente_019,CLI019,Producto_011,Configuracion_006,30006,Fitosanitario 400 Gy,0.65,23,11,SYS_000223,TAG_000223,23,MODE_B - Config demo,0.65,2,1,0.65,0.025,8.0,0.308,2:08:00 p.m.,3:06:00 p.m.,00:58:00,,Operador_02
06-ago-27,Operador_04,Completado,10022,TIN_000014,20014,40014,50014,Cliente_020,CLI020,Producto_009,Configuracion_007,30007,Desbacterizacion (Chiles secos),4.0,1,1,SYS_000224,TAG_000224,20,MODE_A - Config demo,4.0,2,1,4.0,2.5,2.4,1.5,7:58:00 p.m.,9:41:00 p.m.,01:43:00,,Operador_05
06-ago-27,Operador_02,Completado,10022,TIN_000014,20014,40014,50014,Cliente_020,CLI020,Producto_009,Configuracion_007,30007,Desbacterizacion (Chiles secos),4.0,2,2,SYS_000225,TAG_000225,20,MODE_A - Config demo,4.0,2,1,4.0,2.5,2.4,1.5,7:58:00 p.m.,9:41:00 p.m.,01:43:00,,Operador_03
06-ago-27,Operador_02,Completado,10022,TIN_000014,20014,40014,50014,Cliente_020,CLI020,Producto_009,Configuracion_007,30007,Desbacterizacion (Chiles secos),4.0,3,3,SYS_000226,TAG_000226,20,MODE_A - Config demo,4.0,2,1,4.0,2.5,2.4,1.5,7:58:00 p.m.,9:41:00 p.m.,01:43:00,,Operador_04
06-ago-27,Operador_04,Completado,10022,TIN_000014,20014,40014,50014,Cliente_020,CLI020,Producto_009,Configuracion_007,30007,Desbacterizacion (Chiles secos),4.0,4,4,SYS_000227,TAG_000227,20,MODE_A - Config demo,4.0,2,1,4.0,2.5,2.4,1.5,7:58:00 p.m.,9:41:00 p.m.,01:43:00,,Operador_03
06-ago-27,Operador_05,Completado,10022,TIN_000014,20014,40014,50014,Cliente_020,CLI020,Producto_009,Configuracion_007,30007,Desbacterizacion (Chiles secos),4.0,5,5,SYS_000228,TAG_000228,20,MODE_A - Config demo,4.0,2,1,4.0,2.5,2.4,1.5,7:58:00 p.m.,9:41:00 p.m.,01:43:00,,Operador_02
06-ago-27,Operador_04,Completado,10022,TIN_000014,20014,40014,50014,Cliente_020,CLI020,Producto_009,Configuracion_007,30007,Desbacterizacion (Chiles secos),4.0,6,6,SYS_000229,TAG_000229,20,MODE_A - Config demo,4.0,2,1,4.0,2.5,2.4,1.5,7:58:00 p.m.,9:41:00 p.m.,01:43:00,,Operador_03
06-ago-27,Operador_01,Completado,10022,TIN_000014,20014,40014,50014,Cliente_020,CLI020,Producto_009,Configuracion_007,30007,Desbacterizacion (Chiles secos),4.0,7,7,SYS_000230,TAG_000230,20,MODE_A - Config demo,4.0,2,1,4.0,2.5,2.4,1.5,7:58:00 p.m.,9:41:00 p.m.,01:43:00,,Operador_02
06-ago-27,Operador_05,Completado,10022,TIN_000014,20014,40014,50014,Cliente_020,CLI020,Producto_009,Configuracion_007,30007,Desbacterizacion (Chiles secos),4.0,8,8,SYS_000231,TAG_000231,20,MODE_A - Config demo,4.0,2,1,4.0,2.5,2.4,1.5,7:58:00 p.m.,9:41:00 p.m.,01:43:00,,Operador_03
06-ago-27,Operador_04,Completado,10022,TIN_000014,20014,40014,50014,Cliente_020,CLI020,Producto_009,Configuracion_007,30007,Desbacterizacion (Chiles secos),4.0,9,9,SYS_000232,TAG_000232,20,MODE_A - Config demo,4.0,2,1,4.0,2.5,2.4,1.5,7:58:00 p.m.,9:41:00 p.m.,01:43:00,,Operador_04
06-ago-27,Operador_03,Completado,10022,TIN_000014,20014,40014,50014,Cliente_020,CLI020,Producto_009,Configuracion_007,30007,Desbacterizacion (Chiles secos),4.0,10,10,SYS_000233,TAG_000233,20,MODE_A - Config demo,4.0,2,1,4.0,2.5,2.4,1.5,7:58:00 p.m.,9:41:00 p.m.,01:43:00,,Operador_02
06-ago-27,Operador_04,Completado,10022,TIN_000014,20014,40014,50014,Cliente_020,CLI020,Producto_009,Configuracion_007,30007,Desbacterizacion (Chiles secos),4.0,11,11,SYS_000234,TAG_000234,20,MODE_A - Config demo,4.0,2,1,4.0,2.5,2.4,1.5,7:58:00 p.m.,9:41:00 p.m.,01:43:00,,Operador_04
06-ago-27,Operador_02,Completado,10022,TIN_000014,20014,40014,50014,Cliente_020,CLI020,Producto_009,Configuracion_007,30007,Desbacterizacion (Chiles secos),4.0,12,12,SYS_000235,TAG_000235,20,MODE_A - Config demo,4.0,2,1,4.0,2.5,2.4,1.5,7:58:00 p.m.,9:41:00 p.m.,01:43:00,,Operador_01
06-ago-27,Operador_02,Completado,10022,TIN_000014,20014,40014,50014,Cliente_020,CLI020,Producto_009,Configuracion_007,30007,Desbacterizacion (Chiles secos),4.0,13,1,SYS_000236,TAG_000236,20,MODE_A - Config demo,4.0,2,1,4.0,2.5,2.4,1.5,7:58:00 p.m.,9:41:00 p.m.,01:43:00,,Operador_01
06-ago-27,Operador_04,Completado,10022,TIN_000014,20014,40014,50014,Cliente_020,CLI020,Producto_009,Configuracion_007,30007,Desbacterizacion (Chiles secos),4.0,14,2,SYS_000237,TAG_000237,20,MODE_A - Config demo,4.0,2,1,4.0,2.5,2.4,1.5,7:58:00 p.m.,9:41:00 p.m.,01:43:00,,Operador_02
06-ago-27,Operador_02,Completado,10022,TIN_000014,20014,40014,50014,Cliente_020,CLI020,Producto_009,Configuracion_007,30007,Desbacterizacion (Chiles secos),4.0,15,3,SYS_000238,TAG_000238,20,MODE_A - Config demo,4.0,2,1,4.0,2.5,2.4,1.5,7:58:00 p.m.,9:41:00 p.m.,01:43:00,,Operador_02
06-ago-27,Operador_05,Completado,10022,TIN_000014,20014,40014,50014,Cliente_020,CLI020,Producto_009,Configuracion_007,30007,Desbacterizacion (Chiles secos),4.0,16,4,SYS_000239,TAG_000239,20,MODE_A - Config demo,4.0,2,1,4.0,2.5,2.4,1.5,7:58:00 p.m.,9:41:00 p.m.,01:43:00,,Operador_05
06-ago-27,Operador_05,Completado,10022,TIN_000014,20014,40014,50014,Cliente_020,CLI020,Producto_009,Configuracion_007,30007,Desbacterizacion (Chiles secos),4.0,17,5,SYS_000240,TAG_000240,20,MODE_A - Config demo,4.0,2,1,4.0,2.5,2.4,1.5,7:58:00 p.m.,9:41:00 p.m.,01:43:00,,Operador_04
06-ago-27,Operador_01,Completado,10022,TIN_000014,20014,40014,50014,Cliente_020,CLI020,Producto_009,Configuracion_007,30007,Desbacterizacion (Chiles secos),4.0,18,6,SYS_000241,TAG_000241,20,MODE_A - Config demo,4.0,2,1,4.0,2.5,2.4,1.5,7:58:00 p.m.,9:41:00 p.m.,01:43:00,,Operador_04
06-ago-27,Operador_03,Completado,10022,TIN_000014,20014,40014,50014,Cliente_020,CLI020,Producto_009,Configuracion_007,30007,Desbacterizacion (Chiles secos),4.0,19,7,SYS_000242,TAG_000242,20,MODE_A - Config demo,4.0,2,1,4.0,2.5,2.4,1.5,7:58:00 p.m.,9:41:00 p.m.,01:43:00,,Operador_04
06-ago-27,Operador_04,Completado,10022,TIN_000014,20014,40014,50014,Cliente_020,CLI020,Producto_009,Configuracion_007,30007,Desbacterizacion (Chiles secos),4.0,20,8,SYS_000243,TAG_000243,20,MODE_A - Config demo,4.0,2,1,4.0,2.5,2.4,1.5,7:58:00 p.m.,9:41:00 p.m.,01:43:00,,Operador_04
27-ago-27,Operador_05,Completado,10023,TIN_000015,20015,40015,50015,Cliente_001,CLI001,Producto_001,Configuracion_008,30008,Desbacterizacion (Vegetales),4.0,1,1,SYS_000244,TAG_000244,16,MODE_B - Config demo,4.0,2,1,4.0,0.025,8.0,0.05,9:55:00 a.m.,11:12:00 a.m.,01:17:00,,Operador_04
27-ago-27,Operador_05,Completado,10023,TIN_000015,20015,40015,50015,Cliente_001,CLI001,Producto_001,Configuracion_008,30008,Desbacterizacion (Vegetales),4.0,2,2,SYS_000245,TAG_000245,16,MODE_B - Config demo,4.0,2,1,4.0,0.025,8.0,0.05,9:55:00 a.m.,11:12:00 a.m.,01:17:00,,Operador_01
27-ago-27,Operador_01,Completado,10023,TIN_000015,20015,40015,50015,Cliente_001,CLI001,Producto_001,Configuracion_008,30008,Desbacterizacion (Vegetales),4.0,3,3,SYS_000246,TAG_000246,16,MODE_B - Config demo,4.0,2,1,4.0,0.025,8.0,0.05,9:55:00 a.m.,11:12:00 a.m.,01:17:00,,Operador_01
27-ago-27,Operador_04,Completado,10023,TIN_000015,20015,40015,50015,Cliente_001,CLI001,Producto_001,Configuracion_008,30008,Desbacterizacion (Vegetales),4.0,4,4,SYS_000247,TAG_000247,16,MODE_B - Config demo,4.0,2,1,4.0,0.025,8.0,0.05,9:55:00 a.m.,11:12:00 a.m.,01:17:00,,Operador_03
27-ago-27,Operador_04,Completado,10023,TIN_000015,20015,40015,50015,Cliente_001,CLI001,Producto_001,Configuracion_008,30008,Desbacterizacion (Vegetales),4.0,5,5,SYS_000248,TAG_000248,16,MODE_B - Config demo,4.0,2,1,4.0,0.025,8.0,0.05,9:55:00 a.m.,11:12:00 a.m.,01:17:00,,Operador_03
27-ago-27,Operador_05,Completado,10023,TIN_000015,20015,40015,50015,Cliente_001,CLI001,Producto_001,Configuracion_008,30008,Desbacterizacion (Vegetales),4.0,6,6,SYS_000249,TAG_000249,16,MODE_B - Config demo,4.0,2,1,4.0,0.025,8.0,0.05,9:55:00 a.m.,11:12:00 a.m.,01:17:00,,Operador_03
27-ago-27,Operador_03,Completado,10023,TIN_000015,20015,40015,50015,Cliente_001,CLI001,Producto_001,Configuracion_008,30008,Desbacterizacion (Vegetales),4.0,7,7,SYS_000250,TAG_000250,16,MODE_B - Config demo,4.0,2,1,4.0,0.025,8.0,0.05,9:55:00 a.m.,11:12:00 a.m.,01:17:00,,Operador_03
27-ago-27,Operador_02,Completado,10023,TIN_000015,20015,40015,50015,Cliente_001,CLI001,Producto_001,Configuracion_008,30008,Desbacterizacion (Vegetales),4.0,8,8,SYS_000251,TAG_000251,16,MODE_B - Config demo,4.0,2,1,4.0,0.025,8.0,0.05,9:55:00 a.m.,11:12:00 a.m.,01:17:00,,Operador_05
27-ago-27,Operador_01,Completado,10023,TIN_000015,20015,40015,50015,Cliente_001,CLI001,Producto_001,Configuracion_008,30008,Desbacterizacion (Vegetales),4.0,9,9,SYS_000252,TAG_000252,16,MODE_B - Config demo,4.0,2,1,4.0,0.025,8.0,0.05,9:55:00 a.m.,11:12:00 a.m.,01:17:00,,Operador_01
27-ago-27,Operador_03,Completado,10023,TIN_000015,20015,40015,50015,Cliente_001,CLI001,Producto_001,Configuracion_008,30008,Desbacterizacion (Vegetales),4.0,10,10,SYS_000253,TAG_000253,16,MODE_B - Config demo,4.0,2,1,4.0,0.025,8.0,0.05,9:55:00 a.m.,11:12:00 a.m.,01:17:00,,Operador_04
27-ago-27,Operador_03,Completado,10023,TIN_000015,20015,40015,50015,Cliente_001,CLI001,Producto_001,Configuracion_008,30008,Desbacterizacion (Vegetales),4.0,11,11,SYS_000254,TAG_000254,16,MODE_B - Config demo,4.0,2,1,4.0,0.025,8.0,0.05,9:55:00 a.m.,11:12:00 a.m.,01:17:00,,Operador_04
27-ago-27,Operador_02,Completado,10023,TIN_000015,20015,40015,50015,Cliente_001,CLI001,Producto_001,Configuracion_008,30008,Desbacterizacion (Vegetales),4.0,12,12,SYS_000255,TAG_000255,16,MODE_B - Config demo,4.0,2,1,4.0,0.025,8.0,0.05,9:55:00 a.m.,11:12:00 a.m.,01:17:00,,Operador_02
27-ago-27,Operador_04,Completado,10023,TIN_000015,20015,40015,50015,Cliente_001,CLI001,Producto_001,Configuracion_008,30008,Desbacterizacion (Vegetales),4.0,13,1,SYS_000256,TAG_000256,16,MODE_B - Config demo,4.0,2,1,4.0,0.025,8.0,0.05,9:55:00 a.m.,11:12:00 a.m.,01:17:00,,Operador_02
27-ago-27,Operador_03,Completado,10023,TIN_000015,20015,40015,50015,Cliente_001,CLI001,Producto_001,Configuracion_008,30008,Desbacterizacion (Vegetales),4.0,14,2,SYS_000257,TAG_000257,16,MODE_B - Config demo,4.0,2,1,4.0,0.025,8.0,0.05,9:55:00 a.m.,11:12:00 a.m.,01:17:00,,Operador_04
27-ago-27,Operador_01,Completado,10023,TIN_000015,20015,40015,50015,Cliente_001,CLI001,Producto_001,Configuracion_008,30008,Desbacterizacion (Vegetales),4.0,15,3,SYS_000258,TAG_000258,16,MODE_B - Config demo,4.0,2,1,4.0,0.025,8.0,0.05,9:55:00 a.m.,11:12:00 a.m.,01:17:00,,Operador_02
27-ago-27,Operador_01,Completado,10023,TIN_000015,20015,40015,50015,Cliente_001,CLI001,Producto_001,Configuracion_008,30008,Desbacterizacion (Vegetales),4.0,16,4,SYS_000259,TAG_000259,16,MODE_B - Config demo,4.0,2,1,4.0,0.025,8.0,0.05,9:55:00 a.m.,11:12:00 a.m.,01:17:00,,Operador_02
29-ago-27,Operador_05,Completado,10024,TIN_000016,20016,40016,50016,Cliente_001,CLI001,Producto_008,Configuracion_001,30001,Desbacterizacion (Alimento mascotas),4.0,1,1,SYS_000260,TAG_000260,9,MODE_B - Config demo,4.0,2,1,4.0,0.025,8.0,0.05,9:42:00 a.m.,10:50:00 a.m.,01:08:00,,Operador_01
29-ago-27,Operador_05,Completado,10024,TIN_000016,20016,40016,50016,Cliente_001,CLI001,Producto_008,Configuracion_001,30001,Desbacterizacion (Alimento mascotas),4.0,2,2,SYS_000261,TAG_000261,9,MODE_B - Config demo,4.0,2,1,4.0,0.025,8.0,0.05,9:42:00 a.m.,10:50:00 a.m.,01:08:00,,Operador_03
29-ago-27,Operador_04,Completado,10024,TIN_000016,20016,40016,50016,Cliente_001,CLI001,Producto_008,Configuracion_001,30001,Desbacterizacion (Alimento mascotas),4.0,3,3,SYS_000262,TAG_000262,9,MODE_B - Config demo,4.0,2,1,4.0,0.025,8.0,0.05,9:42:00 a.m.,10:50:00 a.m.,01:08:00,,Operador_05
29-ago-27,Operador_04,Completado,10024,TIN_000016,20016,40016,50016,Cliente_001,CLI001,Producto_008,Configuracion_001,30001,Desbacterizacion (Alimento mascotas),4.0,4,4,SYS_000263,TAG_000263,9,MODE_B - Config demo,4.0,2,1,4.0,0.025,8.0,0.05,9:42:00 a.m.,10:50:00 a.m.,01:08:00,,Operador_02
29-ago-27,Operador_02,Completado,10024,TIN_000016,20016,40016,50016,Cliente_001,CLI001,Producto_008,Configuracion_001,30001,Desbacterizacion (Alimento mascotas),4.0,5,5,SYS_000264,TAG_000264,9,MODE_B - Config demo,4.0,2,1,4.0,0.025,8.0,0.05,9:42:00 a.m.,10:50:00 a.m.,01:08:00,,Operador_04
29-ago-27,Operador_03,Completado,10024,TIN_000016,20016,40016,50016,Cliente_001,CLI001,Producto_008,Configuracion_001,30001,Desbacterizacion (Alimento mascotas),4.0,6,6,SYS_000265,TAG_000265,9,MODE_B - Config demo,4.0,2,1,4.0,0.025,8.0,0.05,9:42:00 a.m.,10:50:00 a.m.,01:08:00,,Operador_05
29-ago-27,Operador_04,Completado,10024,TIN_000016,20016,40016,50016,Cliente_001,CLI001,Producto_008,Configuracion_001,30001,Desbacterizacion (Alimento mascotas),4.0,7,7,SYS_000266,TAG_000266,9,MODE_B - Config demo,4.0,2,1,4.0,0.025,8.0,0.05,9:42:00 a.m.,10:50:00 a.m.,01:08:00,,Operador_05
29-ago-27,Operador_02,Completado,10024,TIN_000016,20016,40016,50016,Cliente_001,CLI001,Producto_008,Configuracion_001,30001,Desbacterizacion (Alimento mascotas),4.0,8,8,SYS_000267,TAG_000267,9,MODE_B - Config demo,4.0,2,1,4.0,0.025,8.0,0.05,9:42:00 a.m.,10:50:00 a.m.,01:08:00,,Operador_03
29-ago-27,Operador_05,Completado,10024,TIN_000016,20016,40016,50016,Cliente_001,CLI001,Producto_008,Configuracion_001,30001,Desbacterizacion (Alimento mascotas),4.0,9,9,SYS_000268,TAG_000268,9,MODE_B - Config demo,4.0,2,1,4.0,0.025,8.0,0.05,9:42:00 a.m.,10:50:00 a.m.,01:08:00,,Operador_02
30-ago-27,Operador_03,Completado,10025,TIN_000017,20017,40017,50017,Cliente_014,CLI014,Producto_006,Configuracion_002,30002,Desbacterizacion (Chiles secos),2.0,1,1,SYS_000269,TAG_000269,23,MODE_B - Config demo,2.0,2,1,2.0,0.025,8.0,0.1,10:01:00 a.m.,11:54:00 a.m.,01:53:00,,Operador_02
30-ago-27,Operador_01,Completado,10025,TIN_000017,20017,40017,50017,Cliente_014,CLI014,Producto_006,Configuracion_002,30002,Desbacterizacion (Chiles secos),2.0,2,2,SYS_000270,TAG_000270,23,MODE_B - Config demo,2.0,2,1,2.0,0.025,8.0,0.1,10:01:00 a.m.,11:54:00 a.m.,01:53:00,,Operador_04
30-ago-27,Operador_04,Completado,10025,TIN_000017,20017,40017,50017,Cliente_014,CLI014,Producto_006,Configuracion_002,30002,Desbacterizacion (Chiles secos),2.0,3,3,SYS_000271,TAG_000271,23,MODE_B - Config demo,2.0,2,1,2.0,0.025,8.0,0.1,10:01:00 a.m.,11:54:00 a.m.,01:53:00,,Operador_04
30-ago-27,Operador_02,Completado,10025,TIN_000017,20017,40017,50017,Cliente_014,CLI014,Producto_006,Configuracion_002,30002,Desbacterizacion (Chiles secos),2.0,4,4,SYS_000272,TAG_000272,23,MODE_B - Config demo,2.0,2,1,2.0,0.025,8.0,0.1,10:01:00 a.m.,11:54:00 a.m.,01:53:00,,Operador_05
30-ago-27,Operador_03,Completado,10025,TIN_000017,20017,40017,50017,Cliente_014,CLI014,Producto_006,Configuracion_002,30002,Desbacterizacion (Chiles secos),2.0,5,5,SYS_000273,TAG_000273,23,MODE_B - Config demo,2.0,2,1,2.0,0.025,8.0,0.1,10:01:00 a.m.,11:54:00 a.m.,01:53:00,,Operador_01
30-ago-27,Operador_03,Completado,10025,TIN_000017,20017,40017,50017,Cliente_014,CLI014,Producto_006,Configuracion_002,30002,Desbacterizacion (Chiles secos),2.0,6,6,SYS_000274,TAG_000274,23,MODE_B - Config demo,2.0,2,1,2.0,0.025,8.0,0.1,10:01:00 a.m.,11:54:00 a.m.,01:53:00,,Operador_04
30-ago-27,Operador_03,Completado,10025,TIN_000017,20017,40017,50017,Cliente_014,CLI014,Producto_006,Configuracion_002,30002,Desbacterizacion (Chiles secos),2.0,7,7,SYS_000275,TAG_000275,23,MODE_B - Config demo,2.0,2,1,2.0,0.025,8.0,0.1,10:01:00 a.m.,11:54:00 a.m.,01:53:00,,Operador_03
30-ago-27,Operador_05,Completado,10025,TIN_000017,20017,40017,50017,Cliente_014,CLI014,Producto_006,Configuracion_002,30002,Desbacterizacion (Chiles secos),2.0,8,8,SYS_000276,TAG_000276,23,MODE_B - Config demo,2.0,2,1,2.0,0.025,8.0,0.1,10:01:00 a.m.,11:54:00 a.m.,01:53:00,,Operador_03
30-ago-27,Operador_02,Completado,10025,TIN_000017,20017,40017,50017,Cliente_014,CLI014,Producto_006,Configuracion_002,30002,Desbacterizacion (Chiles secos),2.0,9,9,SYS_000277,TAG_000277,23,MODE_B - Config demo,2.0,2,1,2.0,0.025,8.0,0.1,10:01:00 a.m.,11:54:00 a.m.,01:53:00,,Operador_02
30-ago-27,Operador_04,Completado,10025,TIN_000017,20017,40017,50017,Cliente_014,CLI014,Producto_006,Configuracion_002,30002,Desbacterizacion (Chiles secos),2.0,10,10,SYS_000278,TAG_000278,23,MODE_B - Config demo,2.0,2,1,2.0,0.025,8.0,0.1,10:01:00 a.m.,11:54:00 a.m.,01:53:00,,Operador_04
30-ago-27,Operador_01,Completado,10025,TIN_000017,20017,40017,50017,Cliente_014,CLI014,Producto_006,Configuracion_002,30002,Desbacterizacion (Chiles secos),2.0,11,11,SYS_000279,TAG_000279,23,MODE_B - Config demo,2.0,2,1,2.0,0.025,8.0,0.1,10:01:00 a.m.,11:54:00 a.m.,01:53:00,,Operador_04
30-ago-27,Operador_02,Completado,10025,TIN_000017,20017,40017,50017,Cliente_014,CLI014,Producto_006,Configuracion_002,30002,Desbacterizacion (Chiles secos),2.0,12,12,SYS_000280,TAG_000280,23,MODE_B - Config demo,2.0,2,1,2.0,0.025,8.0,0.1,10:01:00 a.m.,11:54:00 a.m.,01:53:00,,Operador_01
30-ago-27,Operador_01,Completado,10025,TIN_000017,20017,40017,50017,Cliente_014,CLI014,Producto_006,Configuracion_002,30002,Desbacterizacion (Chiles secos),2.0,13,1,SYS_000281,TAG_000281,23,MODE_B - Config demo,2.0,2,1,2.0,0.025,8.0,0.1,10:01:00 a.m.,11:54:00 a.m.,01:53:00,,Operador_05
30-ago-27,Operador_02,Completado,10025,TIN_000017,20017,40017,50017,Cliente_014,CLI014,Producto_006,Configuracion_002,30002,Desbacterizacion (Chiles secos),2.0,14,2,SYS_000282,TAG_000282,23,MODE_B - Config demo,2.0,2,1,2.0,0.025,8.0,0.1,10:01:00 a.m.,11:54:00 a.m.,01:53:00,,Operador_03
30-ago-27,Operador_03,Completado,10025,TIN_000017,20017,40017,50017,Cliente_014,CLI014,Producto_006,Configuracion_002,30002,Desbacterizacion (Chiles secos),2.0,15,3,SYS_000283,TAG_000283,23,MODE_B - Config demo,2.0,2,1,2.0,0.025,8.0,0.1,10:01:00 a.m.,11:54:00 a.m.,01:53:00,,Operador_03
30-ago-27,Operador_02,Completado,10025,TIN_000017,20017,40017,50017,Cliente_014,CLI014,Producto_006,Configuracion_002,30002,Desbacterizacion (Chiles secos),2.0,16,4,SYS_000284,TAG_000284,23,MODE_B - Config demo,2.0,2,1,2.0,0.025,8.0,0.1,10:01:00 a.m.,11:54:00 a.m.,01:53:00,,Operador_01
30-ago-27,Operador_01,Completado,10025,TIN_000017,20017,40017,50017,Cliente_014,CLI014,Producto_006,Configuracion_002,30002,Desbacterizacion (Chiles secos),2.0,17,5,SYS_000285,TAG_000285,23,MODE_B - Config demo,2.0,2,1,2.0,0.025,8.0,0.1,10:01:00 a.m.,11:54:00 a.m.,01:53:00,,Operador_03
30-ago-27,Operador_05,Completado,10025,TIN_000017,20017,40017,50017,Cliente_014,CLI014,Producto_006,Configuracion_002,30002,Desbacterizacion (Chiles secos),2.0,18,6,SYS_000286,TAG_000286,23,MODE_B - Config demo,2.0,2,1,2.0,0.025,8.0,0.1,10:01:00 a.m.,11:54:00 a.m.,01:53:00,,Operador_05
30-ago-27,Operador_04,Completado,10025,TIN_000017,20017,40017,50017,Cliente_014,CLI014,Producto_006,Configuracion_002,30002,Desbacterizacion (Chiles secos),2.0,19,7,SYS_000287,TAG_000287,23,MODE_B - Config demo,2.0,2,1,2.0,0.025,8.0,0.1,10:01:00 a.m.,11:54:00 a.m.,01:53:00,,Operador_02
30-ago-27,Operador_05,Completado,10025,TIN_000017,20017,40017,50017,Cliente_014,CLI014,Producto_006,Configuracion_002,30002,Desbacterizacion (Chiles secos),2.0,20,8,SYS_000288,TAG_000288,23,MODE_B - Config demo,2.0,2,1,2.0,0.025,8.0,0.1,10:01:00 a.m.,11:54:00 a.m.,01:53:00,,Operador_02
30-ago-27,Operador_05,Completado,10025,TIN_000017,20017,40017,50017,Cliente_014,CLI014,Producto_006,Configuracion_002,30002,Desbacterizacion (Chiles secos),2.0,21,9,SYS_000289,TAG_000289,23,MODE_B - Config demo,2.0,2,1,2.0,0.025,8.0,0.1,10:01:00 a.m.,11:54:00 a.m.,01:53:00,,Operador_01
30-ago-27,Operador_03,Completado,10025,TIN_000017,20017,40017,50017,Cliente_014,CLI014,Producto_006,Configuracion_002,30002,Desbacterizacion (Chiles secos),2.0,22,10,SYS_000290,TAG_000290,23,MODE_B - Config demo,2.0,2,1,2.0,0.025,8.0,0.1,10:01:00 a.m.,11:54:00 a.m.,01:53:00,,Operador_02
30-ago-27,Operador_03,Completado,10025,TIN_000017,20017,40017,50017,Cliente_014,CLI014,Producto_006,Configuracion_002,30002,Desbacterizacion (Chiles secos),2.0,23,11,SYS_000291,TAG_000291,23,MODE_B - Config demo,2.0,2,1,2.0,0.025,8.0,0.1,10:01:00 a.m.,11:54:00 a.m.,01:53:00,,Operador_04
12-ago-27,Operador_01,Completado,10026,TIN_000018,20018,40018,50018,Cliente_020,CLI020,Producto_006,Configuracion_003,30003,Fitosanitario 150 Gy,0.35,1,1,SYS_000292,TAG_000292,7,MODE_B - Config demo,0.175,2,2,0.175,0.025,8.0,1.143,5:48:00 p.m.,6:29:00 p.m.,00:41:00,,Operador_04
12-ago-27,Operador_03,Completado,10026,TIN_000018,20018,40018,50018,Cliente_020,CLI020,Producto_006,Configuracion_003,30003,Fitosanitario 150 Gy,0.35,2,2,SYS_000293,TAG_000293,7,MODE_B - Config demo,0.175,2,2,0.175,0.025,8.0,1.143,5:48:00 p.m.,6:29:00 p.m.,00:41:00,,Operador_05
12-ago-27,Operador_04,Completado,10026,TIN_000018,20018,40018,50018,Cliente_020,CLI020,Producto_006,Configuracion_003,30003,Fitosanitario 150 Gy,0.35,3,3,SYS_000294,TAG_000294,7,MODE_B - Config demo,0.175,2,2,0.175,0.025,8.0,1.143,5:48:00 p.m.,6:29:00 p.m.,00:41:00,,Operador_05
12-ago-27,Operador_01,Completado,10026,TIN_000018,20018,40018,50018,Cliente_020,CLI020,Producto_006,Configuracion_003,30003,Fitosanitario 150 Gy,0.35,4,4,SYS_000295,TAG_000295,7,MODE_B - Config demo,0.175,2,2,0.175,0.025,8.0,1.143,5:48:00 p.m.,6:29:00 p.m.,00:41:00,,Operador_04
12-ago-27,Operador_01,Completado,10027,TIN_000018,20018,40018,50018,Cliente_020,CLI020,Producto_006,Configuracion_003,30003,Fitosanitario 150 Gy,0.35,5,1,SYS_000296,TAG_000296,7,MODE_B - Config demo,0.35,2,1,0.35,0.025,8.0,0.571,12:30:00 p.m.,1:08:00 p.m.,00:38:00,,Operador_04
12-ago-27,Operador_05,Completado,10027,TIN_000018,20018,40018,50018,Cliente_020,CLI020,Producto_006,Configuracion_003,30003,Fitosanitario 150 Gy,0.35,6,2,SYS_000297,TAG_000297,7,MODE_B - Config demo,0.35,2,1,0.35,0.025,8.0,0.571,12:30:00 p.m.,1:08:00 p.m.,00:38:00,,Operador_02
12-ago-27,Operador_05,Completado,10027,TIN_000018,20018,40018,50018,Cliente_020,CLI020,Producto_006,Configuracion_003,30003,Fitosanitario 150 Gy,0.35,7,3,SYS_000298,TAG_000298,7,MODE_B - Config demo,0.35,2,1,0.35,0.025,8.0,0.571,12:30:00 p.m.,1:08:00 p.m.,00:38:00,,Operador_05
16-ago-27,Operador_04,Completado,10028,TIN_000019,20019,40019,50019,Cliente_017,CLI017,Producto_006,Configuracion_004,30004,Fitosanitario 150 Gy,0.25,1,1,SYS_000299,TAG_000299,8,MODE_B - Config demo,0.25,2,1,0.25,0.025,8.0,0.8,8:02:00 a.m.,8:44:00 a.m.,00:42:00,,Operador_04
16-ago-27,Operador_03,Completado,10028,TIN_000019,20019,40019,50019,Cliente_017,CLI017,Producto_006,Configuracion_004,30004,Fitosanitario 150 Gy,0.25,2,2,SYS_000300,TAG_000300,8,MODE_B - Config demo,0.25,2,1,0.25,0.025,8.0,0.8,8:02:00 a.m.,8:44:00 a.m.,00:42:00,,Operador_02
16-ago-27,Operador_02,Completado,10028,TIN_000019,20019,40019,50019,Cliente_017,CLI017,Producto_006,Configuracion_004,30004,Fitosanitario 150 Gy,0.25,3,3,SYS_000301,TAG_000301,8,MODE_B - Config demo,0.25,2,1,0.25,0.025,8.0,0.8,8:02:00 a.m.,8:44:00 a.m.,00:42:00,,Operador_03
16-ago-27,Operador_02,Completado,10029,TIN_000019,20019,40019,50019,Cliente_017,CLI017,Producto_006,Configuracion_004,30004,Fitosanitario 150 Gy,0.25,4,1,SYS_000302,TAG_000302,8,MODE_A - Config demo,0.25,2,1,0.25,2.5,2.4,24.0,3:19:00 p.m.,4:03:00 p.m.,00:44:00,,Operador_04
16-ago-27,Operador_03,Completado,10029,TIN_000019,20019,40019,50019,Cliente_017,CLI017,Producto_006,Configuracion_004,30004,Fitosanitario 150 Gy,0.25,5,2,SYS_000303,TAG_000303,8,MODE_A - Config demo,0.25,2,1,0.25,2.5,2.4,24.0,3:19:00 p.m.,4:03:00 p.m.,00:44:00,,Operador_04
16-ago-27,Operador_01,Completado,10029,TIN_000019,20019,40019,50019,Cliente_017,CLI017,Producto_006,Configuracion_004,30004,Fitosanitario 150 Gy,0.25,6,3,SYS_000304,TAG_000304,8,MODE_A - Config demo,0.25,2,1,0.25,2.5,2.4,24.0,3:19:00 p.m.,4:03:00 p.m.,00:44:00,,Operador_01
16-ago-27,Operador_02,Completado,10030,TIN_000019,20019,40019,50019,Cliente_017,CLI017,Producto_006,Configuracion_004,30004,Fitosanitario 150 Gy,0.25,7,1,SYS_000305,TAG_000305,8,MODE_A - Config demo,0.25,2,1,0.25,2.5,2.4,24.0,10:38:00 a.m.,11:24:00 a.m.,00:46:00,,Operador_01
16-ago-27,Operador_03,Completado,10030,TIN_000019,20019,40019,50019,Cliente_017,CLI017,Producto_006,Configuracion_004,30004,Fitosanitario 150 Gy,0.25,8,2,SYS_000306,TAG_000306,8,MODE_A - Config demo,0.25,2,1,0.25,2.5,2.4,24.0,10:38:00 a.m.,11:24:00 a.m.,00:46:00,,Operador_01
10-ago-27,Operador_03,Completado,10031,TIN_000020,20020,40020,50020,Cliente_011,CLI011,Producto_015,Configuracion_005,30005,Fitosanitario 150 Gy,0.32,1,1,SYS_000307,TAG_000307,22,MODE_A - Config demo,0.32,2,1,0.32,2.5,2.4,18.75,2:02:00 p.m.,3:34:00 p.m.,01:32:00,,Operador_03
10-ago-27,Operador_02,Completado,10031,TIN_000020,20020,40020,50020,Cliente_011,CLI011,Producto_015,Configuracion_005,30005,Fitosanitario 150 Gy,0.32,2,2,SYS_000308,TAG_000308,22,MODE_A - Config demo,0.32,2,1,0.32,2.5,2.4,18.75,2:02:00 p.m.,3:34:00 p.m.,01:32:00,,Operador_03
10-ago-27,Operador_02,Completado,10031,TIN_000020,20020,40020,50020,Cliente_011,CLI011,Producto_015,Configuracion_005,30005,Fitosanitario 150 Gy,0.32,3,3,SYS_000309,TAG_000309,22,MODE_A - Config demo,0.32,2,1,0.32,2.5,2.4,18.75,2:02:00 p.m.,3:34:00 p.m.,01:32:00,,Operador_01
10-ago-27,Operador_05,Completado,10031,TIN_000020,20020,40020,50020,Cliente_011,CLI011,Producto_015,Configuracion_005,30005,Fitosanitario 150 Gy,0.32,4,4,SYS_000310,TAG_000310,22,MODE_A - Config demo,0.32,2,1,0.32,2.5,2.4,18.75,2:02:00 p.m.,3:34:00 p.m.,01:32:00,,Operador_03
10-ago-27,Operador_05,Completado,10031,TIN_000020,20020,40020,50020,Cliente_011,CLI011,Producto_015,Configuracion_005,30005,Fitosanitario 150 Gy,0.32,5,5,SYS_000311,TAG_000311,22,MODE_A - Config demo,0.32,2,1,0.32,2.5,2.4,18.75,2:02:00 p.m.,3:34:00 p.m.,01:32:00,,Operador_03
10-ago-27,Operador_02,Completado,10031,TIN_000020,20020,40020,50020,Cliente_011,CLI011,Producto_015,Configuracion_005,30005,Fitosanitario 150 Gy,0.32,6,6,SYS_000312,TAG_000312,22,MODE_A - Config demo,0.32,2,1,0.32,2.5,2.4,18.75,2:02:00 p.m.,3:34:00 p.m.,01:32:00,,Operador_01
10-ago-27,Operador_04,Completado,10031,TIN_000020,20020,40020,50020,Cliente_011,CLI011,Producto_015,Configuracion_005,30005,Fitosanitario 150 Gy,0.32,7,7,SYS_000313,TAG_000313,22,MODE_A - Config demo,0.32,2,1,0.32,2.5,2.4,18.75,2:02:00 p.m.,3:34:00 p.m.,01:32:00,,Operador_04
10-ago-27,Operador_05,Completado,10031,TIN_000020,20020,40020,50020,Cliente_011,CLI011,Producto_015,Configuracion_005,30005,Fitosanitario 150 Gy,0.32,8,8,SYS_000314,TAG_000314,22,MODE_A - Config demo,0.32,2,1,0.32,2.5,2.4,18.75,2:02:00 p.m.,3:34:00 p.m.,01:32:00,,Operador_02
10-ago-27,Operador_02,Completado,10031,TIN_000020,20020,40020,50020,Cliente_011,CLI011,Producto_015,Configuracion_005,30005,Fitosanitario 150 Gy,0.32,9,9,SYS_000315,TAG_000315,22,MODE_A - Config demo,0.32,2,1,0.32,2.5,2.4,18.75,2:02:00 p.m.,3:34:00 p.m.,01:32:00,,Operador_02
10-ago-27,Operador_01,Completado,10031,TIN_000020,20020,40020,50020,Cliente_011,CLI011,Producto_015,Configuracion_005,30005,Fitosanitario 150 Gy,0.32,10,10,SYS_000316,TAG_000316,22,MODE_A - Config demo,0.32,2,1,0.32,2.5,2.4,18.75,2:02:00 p.m.,3:34:00 p.m.,01:32:00,,Operador_05
10-ago-27,Operador_02,Completado,10031,TIN_000020,20020,40020,50020,Cliente_011,CLI011,Producto_015,Configuracion_005,30005,Fitosanitario 150 Gy,0.32,11,11,SYS_000317,TAG_000317,22,MODE_A - Config demo,0.32,2,1,0.32,2.5,2.4,18.75,2:02:00 p.m.,3:34:00 p.m.,01:32:00,,Operador_01
10-ago-27,Operador_01,Completado,10031,TIN_000020,20020,40020,50020,Cliente_011,CLI011,Producto_015,Configuracion_005,30005,Fitosanitario 150 Gy,0.32,12,12,SYS_000318,TAG_000318,22,MODE_A - Config demo,0.32,2,1,0.32,2.5,2.4,18.75,2:02:00 p.m.,3:34:00 p.m.,01:32:00,,Operador_02
10-ago-27,Operador_01,Completado,10031,TIN_000020,20020,40020,50020,Cliente_011,CLI011,Producto_015,Configuracion_005,30005,Fitosanitario 150 Gy,0.32,13,1,SYS_000319,TAG_000319,22,MODE_A - Config demo,0.32,2,1,0.32,2.5,2.4,18.75,2:02:00 p.m.,3:34:00 p.m.,01:32:00,,Operador_05
10-ago-27,Operador_05,Completado,10031,TIN_000020,20020,40020,50020,Cliente_011,CLI011,Producto_015,Configuracion_005,30005,Fitosanitario 150 Gy,0.32,14,2,SYS_000320,TAG_000320,22,MODE_A - Config demo,0.32,2,1,0.32,2.5,2.4,18.75,2:02:00 p.m.,3:34:00 p.m.,01:32:00,,Operador_05
10-ago-27,Operador_05,Completado,10031,TIN_000020,20020,40020,50020,Cliente_011,CLI011,Producto_015,Configuracion_005,30005,Fitosanitario 150 Gy,0.32,15,3,SYS_000321,TAG_000321,22,MODE_A - Config demo,0.32,2,1,0.32,2.5,2.4,18.75,2:02:00 p.m.,3:34:00 p.m.,01:32:00,,Operador_01
10-ago-27,Operador_04,Completado,10031,TIN_000020,20020,40020,50020,Cliente_011,CLI011,Producto_015,Configuracion_005,30005,Fitosanitario 150 Gy,0.32,16,4,SYS_000322,TAG_000322,22,MODE_A - Config demo,0.32,2,1,0.32,2.5,2.4,18.75,2:02:00 p.m.,3:34:00 p.m.,01:32:00,,Operador_05
10-ago-27,Operador_05,Completado,10031,TIN_000020,20020,40020,50020,Cliente_011,CLI011,Producto_015,Configuracion_005,30005,Fitosanitario 150 Gy,0.32,17,5,SYS_000323,TAG_000323,22,MODE_A - Config demo,0.32,2,1,0.32,2.5,2.4,18.75,2:02:00 p.m.,3:34:00 p.m.,01:32:00,,Operador_03
10-ago-27,Operador_05,Completado,10031,TIN_000020,20020,40020,50020,Cliente_011,CLI011,Producto_015,Configuracion_005,30005,Fitosanitario 150 Gy,0.32,18,6,SYS_000324,TAG_000324,22,MODE_A - Config demo,0.32,2,1,0.32,2.5,2.4,18.75,2:02:00 p.m.,3:34:00 p.m.,01:32:00,,Operador_01
10-ago-27,Operador_04,Completado,10031,TIN_000020,20020,40020,50020,Cliente_011,CLI011,Producto_015,Configuracion_005,30005,Fitosanitario 150 Gy,0.32,19,7,SYS_000325,TAG_000325,22,MODE_A - Config demo,0.32,2,1,0.32,2.5,2.4,18.75,2:02:00 p.m.,3:34:00 p.m.,01:32:00,,Operador_02
10-ago-27,Operador_05,Completado,10031,TIN_000020,20020,40020,50020,Cliente_011,CLI011,Producto_015,Configuracion_005,30005,Fitosanitario 150 Gy,0.32,20,8,SYS_000326,TAG_000326,22,MODE_A - Config demo,0.32,2,1,0.32,2.5,2.4,18.75,2:02:00 p.m.,3:34:00 p.m.,01:32:00,,Operador_05
10-ago-27,Operador_05,Completado,10031,TIN_000020,20020,40020,50020,Cliente_011,CLI011,Producto_015,Configuracion_005,30005,Fitosanitario 150 Gy,0.32,21,9,SYS_000327,TAG_000327,22,MODE_A - Config demo,0.32,2,1,0.32,2.5,2.4,18.75,2:02:00 p.m.,3:34:00 p.m.,01:32:00,,Operador_01
10-ago-27,Operador_02,Completado,10031,TIN_000020,20020,40020,50020,Cliente_011,CLI011,Producto_015,Configuracion_005,30005,Fitosanitario 150 Gy,0.32,22,10,SYS_000328,TAG_000328,22,MODE_A - Config demo,0.32,2,1,0.32,2.5,2.4,18.75,2:02:00 p.m.,3:34:00 p.m.,01:32:00,,Operador_02
25-ago-27,Operador_05,Completado,10032,TIN_000021,20021,40021,50021,Cliente_004,CLI004,Producto_010,Configuracion_006,30006,Desbacterizacion (Otros Y protocolos),4.0,1,1,SYS_000329,TAG_000329,22,MODE_B - Config demo,4.0,2,1,4.0,0.025,8.0,0.05,11:46:00 a.m.,1:29:00 p.m.,01:43:00,Desviacion_demo_10032,Operador_04
25-ago-27,Operador_02,Completado,10032,TIN_000021,20021,40021,50021,Cliente_004,CLI004,Producto_010,Configuracion_006,30006,Desbacterizacion (Otros Y protocolos),4.0,2,2,SYS_000330,TAG_000330,22,MODE_B - Config demo,4.0,2,1,4.0,0.025,8.0,0.05,11:46:00 a.m.,1:29:00 p.m.,01:43:00,Desviacion_demo_10032,Operador_03
25-ago-27,Operador_02,Completado,10032,TIN_000021,20021,40021,50021,Cliente_004,CLI004,Producto_010,Configuracion_006,30006,Desbacterizacion (Otros Y protocolos),4.0,3,3,SYS_000331,TAG_000331,22,MODE_B - Config demo,4.0,2,1,4.0,0.025,8.0,0.05,11:46:00 a.m.,1:29:00 p.m.,01:43:00,Desviacion_demo_10032,Operador_01
25-ago-27,Operador_03,Completado,10032,TIN_000021,20021,40021,50021,Cliente_004,CLI004,Producto_010,Configuracion_006,30006,Desbacterizacion (Otros Y protocolos),4.0,4,4,SYS_000332,TAG_000332,22,MODE_B - Config demo,4.0,2,1,4.0,0.025,8.0,0.05,11:46:00 a.m.,1:29:00 p.m.,01:43:00,Desviacion_demo_10032,Operador_04
25-ago-27,Operador_04,Completado,10032,TIN_000021,20021,40021,50021,Cliente_004,CLI004,Producto_010,Configuracion_006,30006,Desbacterizacion (Otros Y protocolos),4.0,5,5,SYS_000333,TAG_000333,22,MODE_B - Config demo,4.0,2,1,4.0,0.025,8.0,0.05,11:46:00 a.m.,1:29:00 p.m.,01:43:00,Desviacion_demo_10032,Operador_05
25-ago-27,Operador_04,Completado,10032,TIN_000021,20021,40021,50021,Cliente_004,CLI004,Producto_010,Configuracion_006,30006,Desbacterizacion (Otros Y protocolos),4.0,6,6,SYS_000334,TAG_000334,22,MODE_B - Config demo,4.0,2,1,4.0,0.025,8.0,0.05,11:46:00 a.m.,1:29:00 p.m.,01:43:00,Desviacion_demo_10032,Operador_01
25-ago-27,Operador_02,Completado,10032,TIN_000021,20021,40021,50021,Cliente_004,CLI004,Producto_010,Configuracion_006,30006,Desbacterizacion (Otros Y protocolos),4.0,7,7,SYS_000335,TAG_000335,22,MODE_B - Config demo,4.0,2,1,4.0,0.025,8.0,0.05,11:46:00 a.m.,1:29:00 p.m.,01:43:00,Desviacion_demo_10032,Operador_03
25-ago-27,Operador_05,Completado,10032,TIN_000021,20021,40021,50021,Cliente_004,CLI004,Producto_010,Configuracion_006,30006,Desbacterizacion (Otros Y protocolos),4.0,8,8,SYS_000336,TAG_000336,22,MODE_B - Config demo,4.0,2,1,4.0,0.025,8.0,0.05,11:46:00 a.m.,1:29:00 p.m.,01:43:00,Desviacion_demo_10032,Operador_01
25-ago-27,Operador_05,Completado,10032,TIN_000021,20021,40021,50021,Cliente_004,CLI004,Producto_010,Configuracion_006,30006,Desbacterizacion (Otros Y protocolos),4.0,9,9,SYS_000337,TAG_000337,22,MODE_B - Config demo,4.0,2,1,4.0,0.025,8.0,0.05,11:46:00 a.m.,1:29:00 p.m.,01:43:00,Desviacion_demo_10032,Operador_02
25-ago-27,Operador_04,Completado,10032,TIN_000021,20021,40021,50021,Cliente_004,CLI004,Producto_010,Configuracion_006,30006,Desbacterizacion (Otros Y protocolos),4.0,10,10,SYS_000338,TAG_000338,22,MODE_B - Config demo,4.0,2,1,4.0,0.025,8.0,0.05,11:46:00 a.m.,1:29:00 p.m.,01:43:00,Desviacion_demo_10032,Operador_03
25-ago-27,Operador_05,Completado,10032,TIN_000021,20021,40021,50021,Cliente_004,CLI004,Producto_010,Configuracion_006,30006,Desbacterizacion (Otros Y protocolos),4.0,11,11,SYS_000339,TAG_000339,22,MODE_B - Config demo,4.0,2,1,4.0,0.025,8.0,0.05,11:46:00 a.m.,1:29:00 p.m.,01:43:00,Desviacion_demo_10032,Operador_02
25-ago-27,Operador_03,Completado,10032,TIN_000021,20021,40021,50021,Cliente_004,CLI004,Producto_010,Configuracion_006,30006,Desbacterizacion (Otros Y protocolos),4.0,12,12,SYS_000340,TAG_000340,22,MODE_B - Config demo,4.0,2,1,4.0,0.025,8.0,0.05,11:46:00 a.m.,1:29:00 p.m.,01:43:00,Desviacion_demo_10032,Operador_04
25-ago-27,Operador_01,Completado,10032,TIN_000021,20021,40021,50021,Cliente_004,CLI004,Producto_010,Configuracion_006,30006,Desbacterizacion (Otros Y protocolos),4.0,13,1,SYS_000341,TAG_000341,22,MODE_B - Config demo,4.0,2,1,4.0,0.025,8.0,0.05,11:46:00 a.m.,1:29:00 p.m.,01:43:00,Desviacion_demo_10032,Operador_02
25-ago-27,Operador_04,Completado,10032,TIN_000021,20021,40021,50021,Cliente_004,CLI004,Producto_010,Configuracion_006,30006,Desbacterizacion (Otros Y protocolos),4.0,14,2,SYS_000342,TAG_000342,22,MODE_B - Config demo,4.0,2,1,4.0,0.025,8.0,0.05,11:46:00 a.m.,1:29:00 p.m.,01:43:00,Desviacion_demo_10032,Operador_04
25-ago-27,Operador_04,Completado,10032,TIN_000021,20021,40021,50021,Cliente_004,CLI004,Producto_010,Configuracion_006,30006,Desbacterizacion (Otros Y protocolos),4.0,15,3,SYS_000343,TAG_000343,22,MODE_B - Config demo,4.0,2,1,4.0,0.025,8.0,0.05,11:46:00 a.m.,1:29:00 p.m.,01:43:00,Desviacion_demo_10032,Operador_01
25-ago-27,Operador_02,Completado,10032,TIN_000021,20021,40021,50021,Cliente_004,CLI004,Producto_010,Configuracion_006,30006,Desbacterizacion (Otros Y protocolos),4.0,16,4,SYS_000344,TAG_000344,22,MODE_B - Config demo,4.0,2,1,4.0,0.025,8.0,0.05,11:46:00 a.m.,1:29:00 p.m.,01:43:00,Desviacion_demo_10032,Operador_05
25-ago-27,Operador_05,Completado,10032,TIN_000021,20021,40021,50021,Cliente_004,CLI004,Producto_010,Configuracion_006,30006,Desbacterizacion (Otros Y protocolos),4.0,17,5,SYS_000345,TAG_000345,22,MODE_B - Config demo,4.0,2,1,4.0,0.025,8.0,0.05,11:46:00 a.m.,1:29:00 p.m.,01:43:00,Desviacion_demo_10032,Operador_03
25-ago-27,Operador_03,Completado,10032,TIN_000021,20021,40021,50021,Cliente_004,CLI004,Producto_010,Configuracion_006,30006,Desbacterizacion (Otros Y protocolos),4.0,18,6,SYS_000346,TAG_000346,22,MODE_B - Config demo,4.0,2,1,4.0,0.025,8.0,0.05,11:46:00 a.m.,1:29:00 p.m.,01:43:00,Desviacion_demo_10032,Operador_01
25-ago-27,Operador_04,Completado,10032,TIN_000021,20021,40021,50021,Cliente_004,CLI004,Producto_010,Configuracion_006,30006,Desbacterizacion (Otros Y protocolos),4.0,19,7,SYS_000347,TAG_000347,22,MODE_B - Config demo,4.0,2,1,4.0,0.025,8.0,0.05,11:46:00 a.m.,1:29:00 p.m.,01:43:00,Desviacion_demo_10032,Operador_01
25-ago-27,Operador_01,Completado,10032,TIN_000021,20021,40021,50021,Cliente_004,CLI004,Producto_010,Configuracion_006,30006,Desbacterizacion (Otros Y protocolos),4.0,20,8,SYS_000348,TAG_000348,22,MODE_B - Config demo,4.0,2,1,4.0,0.025,8.0,0.05,11:46:00 a.m.,1:29:00 p.m.,01:43:00,Desviacion_demo_10032,Operador_03
25-ago-27,Operador_05,Completado,10032,TIN_000021,20021,40021,50021,Cliente_004,CLI004,Producto_010,Configuracion_006,30006,Desbacterizacion (Otros Y protocolos),4.0,21,9,SYS_000349,TAG_000349,22,MODE_B - Config demo,4.0,2,1,4.0,0.025,8.0,0.05,11:46:00 a.m.,1:29:00 p.m.,01:43:00,Desviacion_demo_10032,Operador_05
25-ago-27,Operador_03,Completado,10032,TIN_000021,20021,40021,50021,Cliente_004,CLI004,Producto_010,Configuracion_006,30006,Desbacterizacion (Otros Y protocolos),4.0,22,10,SYS_000350,TAG_000350,22,MODE_B - Config demo,4.0,2,1,4.0,0.025,8.0,0.05,11:46:00 a.m.,1:29:00 p.m.,01:43:00,Desviacion_demo_10032,Operador_03
21-ago-27,Operador_05,Completado,10033,TIN_000022,20022,40022,50022,Cliente_005,CLI005,Producto_013,Configuracion_007,30007,Fitosanitario 400 Gy,0.65,1,1,SYS_000351,TAG_000351,20,MODE_B - Config demo,0.65,2,1,0.65,0.025,8.0,0.308,11:50:00 a.m.,1:21:00 p.m.,01:31:00,,Operador_01
21-ago-27,Operador_01,Completado,10033,TIN_000022,20022,40022,50022,Cliente_005,CLI005,Producto_013,Configuracion_007,30007,Fitosanitario 400 Gy,0.65,2,2,SYS_000352,TAG_000352,20,MODE_B - Config demo,0.65,2,1,0.65,0.025,8.0,0.308,11:50:00 a.m.,1:21:00 p.m.,01:31:00,,Operador_02
21-ago-27,Operador_04,Completado,10033,TIN_000022,20022,40022,50022,Cliente_005,CLI005,Producto_013,Configuracion_007,30007,Fitosanitario 400 Gy,0.65,3,3,SYS_000353,TAG_000353,20,MODE_B - Config demo,0.65,2,1,0.65,0.025,8.0,0.308,11:50:00 a.m.,1:21:00 p.m.,01:31:00,,Operador_03
21-ago-27,Operador_04,Completado,10033,TIN_000022,20022,40022,50022,Cliente_005,CLI005,Producto_013,Configuracion_007,30007,Fitosanitario 400 Gy,0.65,4,4,SYS_000354,TAG_000354,20,MODE_B - Config demo,0.65,2,1,0.65,0.025,8.0,0.308,11:50:00 a.m.,1:21:00 p.m.,01:31:00,,Operador_01
21-ago-27,Operador_04,Completado,10033,TIN_000022,20022,40022,50022,Cliente_005,CLI005,Producto_013,Configuracion_007,30007,Fitosanitario 400 Gy,0.65,5,5,SYS_000355,TAG_000355,20,MODE_B - Config demo,0.65,2,1,0.65,0.025,8.0,0.308,11:50:00 a.m.,1:21:00 p.m.,01:31:00,,Operador_04
21-ago-27,Operador_03,Completado,10033,TIN_000022,20022,40022,50022,Cliente_005,CLI005,Producto_013,Configuracion_007,30007,Fitosanitario 400 Gy,0.65,6,6,SYS_000356,TAG_000356,20,MODE_B - Config demo,0.65,2,1,0.65,0.025,8.0,0.308,11:50:00 a.m.,1:21:00 p.m.,01:31:00,,Operador_04
21-ago-27,Operador_01,Completado,10033,TIN_000022,20022,40022,50022,Cliente_005,CLI005,Producto_013,Configuracion_007,30007,Fitosanitario 400 Gy,0.65,7,7,SYS_000357,TAG_000357,20,MODE_B - Config demo,0.65,2,1,0.65,0.025,8.0,0.308,11:50:00 a.m.,1:21:00 p.m.,01:31:00,,Operador_03
21-ago-27,Operador_04,Completado,10033,TIN_000022,20022,40022,50022,Cliente_005,CLI005,Producto_013,Configuracion_007,30007,Fitosanitario 400 Gy,0.65,8,8,SYS_000358,TAG_000358,20,MODE_B - Config demo,0.65,2,1,0.65,0.025,8.0,0.308,11:50:00 a.m.,1:21:00 p.m.,01:31:00,,Operador_01
21-ago-27,Operador_01,Completado,10033,TIN_000022,20022,40022,50022,Cliente_005,CLI005,Producto_013,Configuracion_007,30007,Fitosanitario 400 Gy,0.65,9,9,SYS_000359,TAG_000359,20,MODE_B - Config demo,0.65,2,1,0.65,0.025,8.0,0.308,11:50:00 a.m.,1:21:00 p.m.,01:31:00,,Operador_04
21-ago-27,Operador_03,Completado,10033,TIN_000022,20022,40022,50022,Cliente_005,CLI005,Producto_013,Configuracion_007,30007,Fitosanitario 400 Gy,0.65,10,10,SYS_000360,TAG_000360,20,MODE_B - Config demo,0.65,2,1,0.65,0.025,8.0,0.308,11:50:00 a.m.,1:21:00 p.m.,01:31:00,,Operador_02
21-ago-27,Operador_02,Completado,10033,TIN_000022,20022,40022,50022,Cliente_005,CLI005,Producto_013,Configuracion_007,30007,Fitosanitario 400 Gy,0.65,11,11,SYS_000361,TAG_000361,20,MODE_B - Config demo,0.65,2,1,0.65,0.025,8.0,0.308,11:50:00 a.m.,1:21:00 p.m.,01:31:00,,Operador_05
21-ago-27,Operador_02,Completado,10033,TIN_000022,20022,40022,50022,Cliente_005,CLI005,Producto_013,Configuracion_007,30007,Fitosanitario 400 Gy,0.65,12,12,SYS_000362,TAG_000362,20,MODE_B - Config demo,0.65,2,1,0.65,0.025,8.0,0.308,11:50:00 a.m.,1:21:00 p.m.,01:31:00,,Operador_02
21-ago-27,Operador_05,Completado,10033,TIN_000022,20022,40022,50022,Cliente_005,CLI005,Producto_013,Configuracion_007,30007,Fitosanitario 400 Gy,0.65,13,1,SYS_000363,TAG_000363,20,MODE_B - Config demo,0.65,2,1,0.65,0.025,8.0,0.308,11:50:00 a.m.,1:21:00 p.m.,01:31:00,,Operador_02
21-ago-27,Operador_03,Completado,10033,TIN_000022,20022,40022,50022,Cliente_005,CLI005,Producto_013,Configuracion_007,30007,Fitosanitario 400 Gy,0.65,14,2,SYS_000364,TAG_000364,20,MODE_B - Config demo,0.65,2,1,0.65,0.025,8.0,0.308,11:50:00 a.m.,1:21:00 p.m.,01:31:00,,Operador_02
21-ago-27,Operador_03,Completado,10033,TIN_000022,20022,40022,50022,Cliente_005,CLI005,Producto_013,Configuracion_007,30007,Fitosanitario 400 Gy,0.65,15,3,SYS_000365,TAG_000365,20,MODE_B - Config demo,0.65,2,1,0.65,0.025,8.0,0.308,11:50:00 a.m.,1:21:00 p.m.,01:31:00,,Operador_02
21-ago-27,Operador_05,Completado,10033,TIN_000022,20022,40022,50022,Cliente_005,CLI005,Producto_013,Configuracion_007,30007,Fitosanitario 400 Gy,0.65,16,4,SYS_000366,TAG_000366,20,MODE_B - Config demo,0.65,2,1,0.65,0.025,8.0,0.308,11:50:00 a.m.,1:21:00 p.m.,01:31:00,,Operador_01
21-ago-27,Operador_03,Completado,10033,TIN_000022,20022,40022,50022,Cliente_005,CLI005,Producto_013,Configuracion_007,30007,Fitosanitario 400 Gy,0.65,17,5,SYS_000367,TAG_000367,20,MODE_B - Config demo,0.65,2,1,0.65,0.025,8.0,0.308,11:50:00 a.m.,1:21:00 p.m.,01:31:00,,Operador_04
21-ago-27,Operador_05,Completado,10033,TIN_000022,20022,40022,50022,Cliente_005,CLI005,Producto_013,Configuracion_007,30007,Fitosanitario 400 Gy,0.65,18,6,SYS_000368,TAG_000368,20,MODE_B - Config demo,0.65,2,1,0.65,0.025,8.0,0.308,11:50:00 a.m.,1:21:00 p.m.,01:31:00,,Operador_01
21-ago-27,Operador_05,Completado,10033,TIN_000022,20022,40022,50022,Cliente_005,CLI005,Producto_013,Configuracion_007,30007,Fitosanitario 400 Gy,0.65,19,7,SYS_000369,TAG_000369,20,MODE_B - Config demo,0.65,2,1,0.65,0.025,8.0,0.308,11:50:00 a.m.,1:21:00 p.m.,01:31:00,,Operador_02
21-ago-27,Operador_04,Completado,10033,TIN_000022,20022,40022,50022,Cliente_005,CLI005,Producto_013,Configuracion_007,30007,Fitosanitario 400 Gy,0.65,20,8,SYS_000370,TAG_000370,20,MODE_B - Config demo,0.65,2,1,0.65,0.025,8.0,0.308,11:50:00 a.m.,1:21:00 p.m.,01:31:00,,Operador_01
23-ago-27,Operador_01,Completado,10034,TIN_000023,20023,40023,50023,Cliente_010,CLI010,Producto_001,Configuracion_008,30008,Fitosanitario 150 Gy,0.22,1,1,SYS_000371,TAG_000371,14,MODE_B - Config demo,0.22,2,1,0.22,0.025,8.0,0.909,8:12:00 a.m.,9:19:00 a.m.,01:07:00,,Operador_02
23-ago-27,Operador_01,Completado,10034,TIN_000023,20023,40023,50023,Cliente_010,CLI010,Producto_001,Configuracion_008,30008,Fitosanitario 150 Gy,0.22,2,2,SYS_000372,TAG_000372,14,MODE_B - Config demo,0.22,2,1,0.22,0.025,8.0,0.909,8:12:00 a.m.,9:19:00 a.m.,01:07:00,,Operador_01
23-ago-27,Operador_01,Completado,10034,TIN_000023,20023,40023,50023,Cliente_010,CLI010,Producto_001,Configuracion_008,30008,Fitosanitario 150 Gy,0.22,3,3,SYS_000373,TAG_000373,14,MODE_B - Config demo,0.22,2,1,0.22,0.025,8.0,0.909,8:12:00 a.m.,9:19:00 a.m.,01:07:00,,Operador_04
23-ago-27,Operador_03,Completado,10034,TIN_000023,20023,40023,50023,Cliente_010,CLI010,Producto_001,Configuracion_008,30008,Fitosanitario 150 Gy,0.22,4,4,SYS_000374,TAG_000374,14,MODE_B - Config demo,0.22,2,1,0.22,0.025,8.0,0.909,8:12:00 a.m.,9:19:00 a.m.,01:07:00,,Operador_05
23-ago-27,Operador_05,Completado,10034,TIN_000023,20023,40023,50023,Cliente_010,CLI010,Producto_001,Configuracion_008,30008,Fitosanitario 150 Gy,0.22,5,5,SYS_000375,TAG_000375,14,MODE_B - Config demo,0.22,2,1,0.22,0.025,8.0,0.909,8:12:00 a.m.,9:19:00 a.m.,01:07:00,,Operador_04
23-ago-27,Operador_03,Completado,10034,TIN_000023,20023,40023,50023,Cliente_010,CLI010,Producto_001,Configuracion_008,30008,Fitosanitario 150 Gy,0.22,6,6,SYS_000376,TAG_000376,14,MODE_B - Config demo,0.22,2,1,0.22,0.025,8.0,0.909,8:12:00 a.m.,9:19:00 a.m.,01:07:00,,Operador_05
23-ago-27,Operador_05,Completado,10034,TIN_000023,20023,40023,50023,Cliente_010,CLI010,Producto_001,Configuracion_008,30008,Fitosanitario 150 Gy,0.22,7,7,SYS_000377,TAG_000377,14,MODE_B - Config demo,0.22,2,1,0.22,0.025,8.0,0.909,8:12:00 a.m.,9:19:00 a.m.,01:07:00,,Operador_01
23-ago-27,Operador_03,Completado,10034,TIN_000023,20023,40023,50023,Cliente_010,CLI010,Producto_001,Configuracion_008,30008,Fitosanitario 150 Gy,0.22,8,8,SYS_000378,TAG_000378,14,MODE_B - Config demo,0.22,2,1,0.22,0.025,8.0,0.909,8:12:00 a.m.,9:19:00 a.m.,01:07:00,,Operador_04
23-ago-27,Operador_05,Completado,10034,TIN_000023,20023,40023,50023,Cliente_010,CLI010,Producto_001,Configuracion_008,30008,Fitosanitario 150 Gy,0.22,9,9,SYS_000379,TAG_000379,14,MODE_B - Config demo,0.22,2,1,0.22,0.025,8.0,0.909,8:12:00 a.m.,9:19:00 a.m.,01:07:00,,Operador_03
23-ago-27,Operador_04,Completado,10034,TIN_000023,20023,40023,50023,Cliente_010,CLI010,Producto_001,Configuracion_008,30008,Fitosanitario 150 Gy,0.22,10,10,SYS_000380,TAG_000380,14,MODE_B - Config demo,0.22,2,1,0.22,0.025,8.0,0.909,8:12:00 a.m.,9:19:00 a.m.,01:07:00,,Operador_03
23-ago-27,Operador_04,Completado,10034,TIN_000023,20023,40023,50023,Cliente_010,CLI010,Producto_001,Configuracion_008,30008,Fitosanitario 150 Gy,0.22,11,11,SYS_000381,TAG_000381,14,MODE_B - Config demo,0.22,2,1,0.22,0.025,8.0,0.909,8:12:00 a.m.,9:19:00 a.m.,01:07:00,,Operador_04
23-ago-27,Operador_03,Completado,10034,TIN_000023,20023,40023,50023,Cliente_010,CLI010,Producto_001,Configuracion_008,30008,Fitosanitario 150 Gy,0.22,12,12,SYS_000382,TAG_000382,14,MODE_B - Config demo,0.22,2,1,0.22,0.025,8.0,0.909,8:12:00 a.m.,9:19:00 a.m.,01:07:00,,Operador_04
23-ago-27,Operador_01,Completado,10034,TIN_000023,20023,40023,50023,Cliente_010,CLI010,Producto_001,Configuracion_008,30008,Fitosanitario 150 Gy,0.22,13,1,SYS_000383,TAG_000383,14,MODE_B - Config demo,0.22,2,1,0.22,0.025,8.0,0.909,8:12:00 a.m.,9:19:00 a.m.,01:07:00,,Operador_01
23-ago-27,Operador_05,Completado,10034,TIN_000023,20023,40023,50023,Cliente_010,CLI010,Producto_001,Configuracion_008,30008,Fitosanitario 150 Gy,0.22,14,2,SYS_000384,TAG_000384,14,MODE_B - Config demo,0.22,2,1,0.22,0.025,8.0,0.909,8:12:00 a.m.,9:19:00 a.m.,01:07:00,,Operador_02
02-ago-27,Operador_03,Completado,10035,TIN_000024,20024,40024,50024,Cliente_007,CLI007,Producto_004,Configuracion_001,30001,Desbacterizacion (Alimento mascotas),2.0,1,1,SYS_000385,TAG_000385,16,MODE_A - Config demo,2.0,2,1,2.0,2.5,2.4,3.0,11:25:00 a.m.,12:26:00 p.m.,01:01:00,,Operador_03
02-ago-27,Operador_04,Completado,10035,TIN_000024,20024,40024,50024,Cliente_007,CLI007,Producto_004,Configuracion_001,30001,Desbacterizacion (Alimento mascotas),2.0,2,2,SYS_000386,TAG_000386,16,MODE_A - Config demo,2.0,2,1,2.0,2.5,2.4,3.0,11:25:00 a.m.,12:26:00 p.m.,01:01:00,,Operador_01
02-ago-27,Operador_04,Completado,10035,TIN_000024,20024,40024,50024,Cliente_007,CLI007,Producto_004,Configuracion_001,30001,Desbacterizacion (Alimento mascotas),2.0,3,3,SYS_000387,TAG_000387,16,MODE_A - Config demo,2.0,2,1,2.0,2.5,2.4,3.0,11:25:00 a.m.,12:26:00 p.m.,01:01:00,,Operador_01
02-ago-27,Operador_01,Completado,10035,TIN_000024,20024,40024,50024,Cliente_007,CLI007,Producto_004,Configuracion_001,30001,Desbacterizacion (Alimento mascotas),2.0,4,4,SYS_000388,TAG_000388,16,MODE_A - Config demo,2.0,2,1,2.0,2.5,2.4,3.0,11:25:00 a.m.,12:26:00 p.m.,01:01:00,,Operador_01
02-ago-27,Operador_01,Completado,10035,TIN_000024,20024,40024,50024,Cliente_007,CLI007,Producto_004,Configuracion_001,30001,Desbacterizacion (Alimento mascotas),2.0,5,5,SYS_000389,TAG_000389,16,MODE_A - Config demo,2.0,2,1,2.0,2.5,2.4,3.0,11:25:00 a.m.,12:26:00 p.m.,01:01:00,,Operador_04
02-ago-27,Operador_05,Completado,10035,TIN_000024,20024,40024,50024,Cliente_007,CLI007,Producto_004,Configuracion_001,30001,Desbacterizacion (Alimento mascotas),2.0,6,6,SYS_000390,TAG_000390,16,MODE_A - Config demo,2.0,2,1,2.0,2.5,2.4,3.0,11:25:00 a.m.,12:26:00 p.m.,01:01:00,,Operador_01
02-ago-27,Operador_03,Completado,10036,TIN_000024,20024,40024,50024,Cliente_007,CLI007,Producto_004,Configuracion_001,30001,Desbacterizacion (Alimento mascotas),2.0,7,1,SYS_000391,TAG_000391,16,MODE_A - Config demo,2.0,2,1,2.0,2.5,2.4,3.0,7:48:00 p.m.,8:41:00 p.m.,00:53:00,,Operador_01
02-ago-27,Operador_02,Completado,10036,TIN_000024,20024,40024,50024,Cliente_007,CLI007,Producto_004,Configuracion_001,30001,Desbacterizacion (Alimento mascotas),2.0,8,2,SYS_000392,TAG_000392,16,MODE_A - Config demo,2.0,2,1,2.0,2.5,2.4,3.0,7:48:00 p.m.,8:41:00 p.m.,00:53:00,,Operador_01
02-ago-27,Operador_02,Completado,10036,TIN_000024,20024,40024,50024,Cliente_007,CLI007,Producto_004,Configuracion_001,30001,Desbacterizacion (Alimento mascotas),2.0,9,3,SYS_000393,TAG_000393,16,MODE_A - Config demo,2.0,2,1,2.0,2.5,2.4,3.0,7:48:00 p.m.,8:41:00 p.m.,00:53:00,,Operador_01
02-ago-27,Operador_03,Completado,10036,TIN_000024,20024,40024,50024,Cliente_007,CLI007,Producto_004,Configuracion_001,30001,Desbacterizacion (Alimento mascotas),2.0,10,4,SYS_000394,TAG_000394,16,MODE_A - Config demo,2.0,2,1,2.0,2.5,2.4,3.0,7:48:00 p.m.,8:41:00 p.m.,00:53:00,,Operador_03
02-ago-27,Operador_03,Completado,10036,TIN_000024,20024,40024,50024,Cliente_007,CLI007,Producto_004,Configuracion_001,30001,Desbacterizacion (Alimento mascotas),2.0,11,5,SYS_000395,TAG_000395,16,MODE_A - Config demo,2.0,2,1,2.0,2.5,2.4,3.0,7:48:00 p.m.,8:41:00 p.m.,00:53:00,,Operador_02
02-ago-27,Operador_03,Completado,10037,TIN_000024,20024,40024,50024,Cliente_007,CLI007,Producto_004,Configuracion_001,30001,Desbacterizacion (Alimento mascotas),2.0,12,1,SYS_000396,TAG_000396,16,MODE_B - Config demo,2.0,2,1,2.0,0.025,8.0,0.1,10:00:00 a.m.,10:54:00 a.m.,00:54:00,,Operador_02
02-ago-27,Operador_04,Completado,10037,TIN_000024,20024,40024,50024,Cliente_007,CLI007,Producto_004,Configuracion_001,30001,Desbacterizacion (Alimento mascotas),2.0,13,2,SYS_000397,TAG_000397,16,MODE_B - Config demo,2.0,2,1,2.0,0.025,8.0,0.1,10:00:00 a.m.,10:54:00 a.m.,00:54:00,,Operador_01
02-ago-27,Operador_02,Completado,10037,TIN_000024,20024,40024,50024,Cliente_007,CLI007,Producto_004,Configuracion_001,30001,Desbacterizacion (Alimento mascotas),2.0,14,3,SYS_000398,TAG_000398,16,MODE_B - Config demo,2.0,2,1,2.0,0.025,8.0,0.1,10:00:00 a.m.,10:54:00 a.m.,00:54:00,,Operador_02
02-ago-27,Operador_01,Completado,10037,TIN_000024,20024,40024,50024,Cliente_007,CLI007,Producto_004,Configuracion_001,30001,Desbacterizacion (Alimento mascotas),2.0,15,4,SYS_000399,TAG_000399,16,MODE_B - Config demo,2.0,2,1,2.0,0.025,8.0,0.1,10:00:00 a.m.,10:54:00 a.m.,00:54:00,,Operador_03
02-ago-27,Operador_02,Completado,10037,TIN_000024,20024,40024,50024,Cliente_007,CLI007,Producto_004,Configuracion_001,30001,Desbacterizacion (Alimento mascotas),2.0,16,5,SYS_000400,TAG_000400,16,MODE_B - Config demo,2.0,2,1,2.0,0.025,8.0,0.1,10:00:00 a.m.,10:54:00 a.m.,00:54:00,,Operador_02
22-ago-27,Operador_05,Completado,10038,TIN_000025,20025,40025,50025,Cliente_009,CLI009,Producto_015,Configuracion_002,30002,Fitosanitario 150 Gy,0.3,1,1,SYS_000401,TAG_000401,8,MODE_B - Config demo,0.15,2,2,0.15,0.025,8.0,1.333,6:27:00 a.m.,7:05:00 a.m.,00:38:00,,Operador_01
22-ago-27,Operador_05,Completado,10038,TIN_000025,20025,40025,50025,Cliente_009,CLI009,Producto_015,Configuracion_002,30002,Fitosanitario 150 Gy,0.3,2,2,SYS_000402,TAG_000402,8,MODE_B - Config demo,0.15,2,2,0.15,0.025,8.0,1.333,6:27:00 a.m.,7:05:00 a.m.,00:38:00,,Operador_04
22-ago-27,Operador_05,Completado,10038,TIN_000025,20025,40025,50025,Cliente_009,CLI009,Producto_015,Configuracion_002,30002,Fitosanitario 150 Gy,0.3,3,3,SYS_000403,TAG_000403,8,MODE_B - Config demo,0.15,2,2,0.15,0.025,8.0,1.333,6:27:00 a.m.,7:05:00 a.m.,00:38:00,,Operador_03
22-ago-27,Operador_04,Completado,10038,TIN_000025,20025,40025,50025,Cliente_009,CLI009,Producto_015,Configuracion_002,30002,Fitosanitario 150 Gy,0.3,4,4,SYS_000404,TAG_000404,8,MODE_B - Config demo,0.15,2,2,0.15,0.025,8.0,1.333,6:27:00 a.m.,7:05:00 a.m.,00:38:00,,Operador_03
22-ago-27,Operador_05,Completado,10039,TIN_000025,20025,40025,50025,Cliente_009,CLI009,Producto_015,Configuracion_002,30002,Fitosanitario 150 Gy,0.3,5,1,SYS_000405,TAG_000405,8,MODE_A - Config demo,0.3,2,1,0.3,2.5,2.4,20.0,10:19:00 a.m.,11:15:00 a.m.,00:56:00,,Operador_04
22-ago-27,Operador_04,Completado,10039,TIN_000025,20025,40025,50025,Cliente_009,CLI009,Producto_015,Configuracion_002,30002,Fitosanitario 150 Gy,0.3,6,2,SYS_000406,TAG_000406,8,MODE_A - Config demo,0.3,2,1,0.3,2.5,2.4,20.0,10:19:00 a.m.,11:15:00 a.m.,00:56:00,,Operador_02
22-ago-27,Operador_05,Completado,10039,TIN_000025,20025,40025,50025,Cliente_009,CLI009,Producto_015,Configuracion_002,30002,Fitosanitario 150 Gy,0.3,7,3,SYS_000407,TAG_000407,8,MODE_A - Config demo,0.3,2,1,0.3,2.5,2.4,20.0,10:19:00 a.m.,11:15:00 a.m.,00:56:00,,Operador_01
22-ago-27,Operador_01,Completado,10039,TIN_000025,20025,40025,50025,Cliente_009,CLI009,Producto_015,Configuracion_002,30002,Fitosanitario 150 Gy,0.3,8,4,SYS_000408,TAG_000408,8,MODE_A - Config demo,0.3,2,1,0.3,2.5,2.4,20.0,10:19:00 a.m.,11:15:00 a.m.,00:56:00,,Operador_03
28-ago-27,Operador_04,Completado,10040,TIN_000026,20026,40026,50026,Cliente_016,CLI016,Producto_009,Configuracion_003,30003,Desbacterizacion (Chiles secos),2.0,1,1,SYS_000409,TAG_000409,21,MODE_B - Config demo,2.0,2,1,2.0,0.025,8.0,0.1,4:21:00 p.m.,6:00:00 p.m.,01:39:00,,Operador_04
28-ago-27,Operador_02,Completado,10040,TIN_000026,20026,40026,50026,Cliente_016,CLI016,Producto_009,Configuracion_003,30003,Desbacterizacion (Chiles secos),2.0,2,2,SYS_000410,TAG_000410,21,MODE_B - Config demo,2.0,2,1,2.0,0.025,8.0,0.1,4:21:00 p.m.,6:00:00 p.m.,01:39:00,,Operador_04
28-ago-27,Operador_03,Completado,10040,TIN_000026,20026,40026,50026,Cliente_016,CLI016,Producto_009,Configuracion_003,30003,Desbacterizacion (Chiles secos),2.0,3,3,SYS_000411,TAG_000411,21,MODE_B - Config demo,2.0,2,1,2.0,0.025,8.0,0.1,4:21:00 p.m.,6:00:00 p.m.,01:39:00,,Operador_02
28-ago-27,Operador_05,Completado,10040,TIN_000026,20026,40026,50026,Cliente_016,CLI016,Producto_009,Configuracion_003,30003,Desbacterizacion (Chiles secos),2.0,4,4,SYS_000412,TAG_000412,21,MODE_B - Config demo,2.0,2,1,2.0,0.025,8.0,0.1,4:21:00 p.m.,6:00:00 p.m.,01:39:00,,Operador_01
28-ago-27,Operador_04,Completado,10040,TIN_000026,20026,40026,50026,Cliente_016,CLI016,Producto_009,Configuracion_003,30003,Desbacterizacion (Chiles secos),2.0,5,5,SYS_000413,TAG_000413,21,MODE_B - Config demo,2.0,2,1,2.0,0.025,8.0,0.1,4:21:00 p.m.,6:00:00 p.m.,01:39:00,,Operador_02
28-ago-27,Operador_04,Completado,10040,TIN_000026,20026,40026,50026,Cliente_016,CLI016,Producto_009,Configuracion_003,30003,Desbacterizacion (Chiles secos),2.0,6,6,SYS_000414,TAG_000414,21,MODE_B - Config demo,2.0,2,1,2.0,0.025,8.0,0.1,4:21:00 p.m.,6:00:00 p.m.,01:39:00,,Operador_05
28-ago-27,Operador_04,Completado,10040,TIN_000026,20026,40026,50026,Cliente_016,CLI016,Producto_009,Configuracion_003,30003,Desbacterizacion (Chiles secos),2.0,7,7,SYS_000415,TAG_000415,21,MODE_B - Config demo,2.0,2,1,2.0,0.025,8.0,0.1,4:21:00 p.m.,6:00:00 p.m.,01:39:00,,Operador_02
28-ago-27,Operador_04,Completado,10040,TIN_000026,20026,40026,50026,Cliente_016,CLI016,Producto_009,Configuracion_003,30003,Desbacterizacion (Chiles secos),2.0,8,8,SYS_000416,TAG_000416,21,MODE_B - Config demo,2.0,2,1,2.0,0.025,8.0,0.1,4:21:00 p.m.,6:00:00 p.m.,01:39:00,,Operador_02
28-ago-27,Operador_01,Completado,10040,TIN_000026,20026,40026,50026,Cliente_016,CLI016,Producto_009,Configuracion_003,30003,Desbacterizacion (Chiles secos),2.0,9,9,SYS_000417,TAG_000417,21,MODE_B - Config demo,2.0,2,1,2.0,0.025,8.0,0.1,4:21:00 p.m.,6:00:00 p.m.,01:39:00,,Operador_02
28-ago-27,Operador_04,Completado,10040,TIN_000026,20026,40026,50026,Cliente_016,CLI016,Producto_009,Configuracion_003,30003,Desbacterizacion (Chiles secos),2.0,10,10,SYS_000418,TAG_000418,21,MODE_B - Config demo,2.0,2,1,2.0,0.025,8.0,0.1,4:21:00 p.m.,6:00:00 p.m.,01:39:00,,Operador_02
28-ago-27,Operador_01,Completado,10040,TIN_000026,20026,40026,50026,Cliente_016,CLI016,Producto_009,Configuracion_003,30003,Desbacterizacion (Chiles secos),2.0,11,11,SYS_000419,TAG_000419,21,MODE_B - Config demo,2.0,2,1,2.0,0.025,8.0,0.1,4:21:00 p.m.,6:00:00 p.m.,01:39:00,,Operador_03
28-ago-27,Operador_05,Completado,10040,TIN_000026,20026,40026,50026,Cliente_016,CLI016,Producto_009,Configuracion_003,30003,Desbacterizacion (Chiles secos),2.0,12,12,SYS_000420,TAG_000420,21,MODE_B - Config demo,2.0,2,1,2.0,0.025,8.0,0.1,4:21:00 p.m.,6:00:00 p.m.,01:39:00,,Operador_03
28-ago-27,Operador_03,Completado,10040,TIN_000026,20026,40026,50026,Cliente_016,CLI016,Producto_009,Configuracion_003,30003,Desbacterizacion (Chiles secos),2.0,13,1,SYS_000421,TAG_000421,21,MODE_B - Config demo,2.0,2,1,2.0,0.025,8.0,0.1,4:21:00 p.m.,6:00:00 p.m.,01:39:00,,Operador_02
28-ago-27,Operador_03,Completado,10040,TIN_000026,20026,40026,50026,Cliente_016,CLI016,Producto_009,Configuracion_003,30003,Desbacterizacion (Chiles secos),2.0,14,2,SYS_000422,TAG_000422,21,MODE_B - Config demo,2.0,2,1,2.0,0.025,8.0,0.1,4:21:00 p.m.,6:00:00 p.m.,01:39:00,,Operador_02
28-ago-27,Operador_05,Completado,10040,TIN_000026,20026,40026,50026,Cliente_016,CLI016,Producto_009,Configuracion_003,30003,Desbacterizacion (Chiles secos),2.0,15,3,SYS_000423,TAG_000423,21,MODE_B - Config demo,2.0,2,1,2.0,0.025,8.0,0.1,4:21:00 p.m.,6:00:00 p.m.,01:39:00,,Operador_04
28-ago-27,Operador_04,Completado,10040,TIN_000026,20026,40026,50026,Cliente_016,CLI016,Producto_009,Configuracion_003,30003,Desbacterizacion (Chiles secos),2.0,16,4,SYS_000424,TAG_000424,21,MODE_B - Config demo,2.0,2,1,2.0,0.025,8.0,0.1,4:21:00 p.m.,6:00:00 p.m.,01:39:00,,Operador_04
28-ago-27,Operador_02,Completado,10040,TIN_000026,20026,40026,50026,Cliente_016,CLI016,Producto_009,Configuracion_003,30003,Desbacterizacion (Chiles secos),2.0,17,5,SYS_000425,TAG_000425,21,MODE_B - Config demo,2.0,2,1,2.0,0.025,8.0,0.1,4:21:00 p.m.,6:00:00 p.m.,01:39:00,,Operador_04
28-ago-27,Operador_05,Completado,10040,TIN_000026,20026,40026,50026,Cliente_016,CLI016,Producto_009,Configuracion_003,30003,Desbacterizacion (Chiles secos),2.0,18,6,SYS_000426,TAG_000426,21,MODE_B - Config demo,2.0,2,1,2.0,0.025,8.0,0.1,4:21:00 p.m.,6:00:00 p.m.,01:39:00,,Operador_01
28-ago-27,Operador_05,Completado,10040,TIN_000026,20026,40026,50026,Cliente_016,CLI016,Producto_009,Configuracion_003,30003,Desbacterizacion (Chiles secos),2.0,19,7,SYS_000427,TAG_000427,21,MODE_B - Config demo,2.0,2,1,2.0,0.025,8.0,0.1,4:21:00 p.m.,6:00:00 p.m.,01:39:00,,Operador_05
28-ago-27,Operador_01,Completado,10040,TIN_000026,20026,40026,50026,Cliente_016,CLI016,Producto_009,Configuracion_003,30003,Desbacterizacion (Chiles secos),2.0,20,8,SYS_000428,TAG_000428,21,MODE_B - Config demo,2.0,2,1,2.0,0.025,8.0,0.1,4:21:00 p.m.,6:00:00 p.m.,01:39:00,,Operador_01
28-ago-27,Operador_03,Completado,10040,TIN_000026,20026,40026,50026,Cliente_016,CLI016,Producto_009,Configuracion_003,30003,Desbacterizacion (Chiles secos),2.0,21,9,SYS_000429,TAG_000429,21,MODE_B - Config demo,2.0,2,1,2.0,0.025,8.0,0.1,4:21:00 p.m.,6:00:00 p.m.,01:39:00,,Operador_04
23-ago-27,Operador_04,Completado,10041,TIN_000027,20027,40027,50027,Cliente_002,CLI002,Producto_002,Configuracion_004,30004,Desbacterizacion (Alimento mascotas),4.0,1,1,SYS_000430,TAG_000430,11,MODE_A - Config demo,4.0,2,1,4.0,2.5,2.4,1.5,4:57:00 p.m.,5:41:00 p.m.,00:44:00,,Operador_02
23-ago-27,Operador_04,Completado,10041,TIN_000027,20027,40027,50027,Cliente_002,CLI002,Producto_002,Configuracion_004,30004,Desbacterizacion (Alimento mascotas),4.0,2,2,SYS_000431,TAG_000431,11,MODE_A - Config demo,4.0,2,1,4.0,2.5,2.4,1.5,4:57:00 p.m.,5:41:00 p.m.,00:44:00,,Operador_05
23-ago-27,Operador_03,Completado,10041,TIN_000027,20027,40027,50027,Cliente_002,CLI002,Producto_002,Configuracion_004,30004,Desbacterizacion (Alimento mascotas),4.0,3,3,SYS_000432,TAG_000432,11,MODE_A - Config demo,4.0,2,1,4.0,2.5,2.4,1.5,4:57:00 p.m.,5:41:00 p.m.,00:44:00,,Operador_02
23-ago-27,Operador_05,Completado,10041,TIN_000027,20027,40027,50027,Cliente_002,CLI002,Producto_002,Configuracion_004,30004,Desbacterizacion (Alimento mascotas),4.0,4,4,SYS_000433,TAG_000433,11,MODE_A - Config demo,4.0,2,1,4.0,2.5,2.4,1.5,4:57:00 p.m.,5:41:00 p.m.,00:44:00,,Operador_01
23-ago-27,Operador_05,Completado,10041,TIN_000027,20027,40027,50027,Cliente_002,CLI002,Producto_002,Configuracion_004,30004,Desbacterizacion (Alimento mascotas),4.0,5,5,SYS_000434,TAG_000434,11,MODE_A - Config demo,4.0,2,1,4.0,2.5,2.4,1.5,4:57:00 p.m.,5:41:00 p.m.,00:44:00,,Operador_05
23-ago-27,Operador_01,Completado,10041,TIN_000027,20027,40027,50027,Cliente_002,CLI002,Producto_002,Configuracion_004,30004,Desbacterizacion (Alimento mascotas),4.0,6,6,SYS_000435,TAG_000435,11,MODE_A - Config demo,4.0,2,1,4.0,2.5,2.4,1.5,4:57:00 p.m.,5:41:00 p.m.,00:44:00,,Operador_02
23-ago-27,Operador_04,Completado,10042,TIN_000027,20027,40027,50027,Cliente_002,CLI002,Producto_002,Configuracion_004,30004,Desbacterizacion (Alimento mascotas),4.0,7,1,SYS_000436,TAG_000436,11,MODE_B - Config demo,4.0,2,1,4.0,0.025,8.0,0.05,8:19:00 a.m.,9:17:00 a.m.,00:58:00,,Operador_03
23-ago-27,Operador_01,Completado,10042,TIN_000027,20027,40027,50027,Cliente_002,CLI002,Producto_002,Configuracion_004,30004,Desbacterizacion (Alimento mascotas),4.0,8,2,SYS_000437,TAG_000437,11,MODE_B - Config demo,4.0,2,1,4.0,0.025,8.0,0.05,8:19:00 a.m.,9:17:00 a.m.,00:58:00,,Operador_05
23-ago-27,Operador_03,Completado,10042,TIN_000027,20027,40027,50027,Cliente_002,CLI002,Producto_002,Configuracion_004,30004,Desbacterizacion (Alimento mascotas),4.0,9,3,SYS_000438,TAG_000438,11,MODE_B - Config demo,4.0,2,1,4.0,0.025,8.0,0.05,8:19:00 a.m.,9:17:00 a.m.,00:58:00,,Operador_02
23-ago-27,Operador_03,Completado,10042,TIN_000027,20027,40027,50027,Cliente_002,CLI002,Producto_002,Configuracion_004,30004,Desbacterizacion (Alimento mascotas),4.0,10,4,SYS_000439,TAG_000439,11,MODE_B - Config demo,4.0,2,1,4.0,0.025,8.0,0.05,8:19:00 a.m.,9:17:00 a.m.,00:58:00,,Operador_03
23-ago-27,Operador_05,Completado,10042,TIN_000027,20027,40027,50027,Cliente_002,CLI002,Producto_002,Configuracion_004,30004,Desbacterizacion (Alimento mascotas),4.0,11,5,SYS_000440,TAG_000440,11,MODE_B - Config demo,4.0,2,1,4.0,0.025,8.0,0.05,8:19:00 a.m.,9:17:00 a.m.,00:58:00,,Operador_02
03-ago-27,Operador_02,Completado,10043,TIN_000028,20028,40028,50028,Cliente_012,CLI012,Producto_008,Configuracion_005,30005,Fitosanitario 150 Gy,0.25,1,1,SYS_000441,TAG_000441,8,MODE_B - Config demo,0.125,2,2,0.125,0.025,8.0,1.6,7:19:00 p.m.,8:07:00 p.m.,00:48:00,,Operador_01
03-ago-27,Operador_02,Completado,10043,TIN_000028,20028,40028,50028,Cliente_012,CLI012,Producto_008,Configuracion_005,30005,Fitosanitario 150 Gy,0.25,2,2,SYS_000442,TAG_000442,8,MODE_B - Config demo,0.125,2,2,0.125,0.025,8.0,1.6,7:19:00 p.m.,8:07:00 p.m.,00:48:00,,Operador_01
03-ago-27,Operador_04,Completado,10043,TIN_000028,20028,40028,50028,Cliente_012,CLI012,Producto_008,Configuracion_005,30005,Fitosanitario 150 Gy,0.25,3,3,SYS_000443,TAG_000443,8,MODE_B - Config demo,0.125,2,2,0.125,0.025,8.0,1.6,7:19:00 p.m.,8:07:00 p.m.,00:48:00,,Operador_05
03-ago-27,Operador_04,Completado,10044,TIN_000028,20028,40028,50028,Cliente_012,CLI012,Producto_008,Configuracion_005,30005,Fitosanitario 150 Gy,0.25,4,1,SYS_000444,TAG_000444,8,MODE_A - Config demo,0.125,2,2,0.125,2.5,2.4,48.0,8:03:00 a.m.,8:40:00 a.m.,00:37:00,,Operador_03
03-ago-27,Operador_04,Completado,10044,TIN_000028,20028,40028,50028,Cliente_012,CLI012,Producto_008,Configuracion_005,30005,Fitosanitario 150 Gy,0.25,5,2,SYS_000445,TAG_000445,8,MODE_A - Config demo,0.125,2,2,0.125,2.5,2.4,48.0,8:03:00 a.m.,8:40:00 a.m.,00:37:00,,Operador_01
03-ago-27,Operador_03,Completado,10044,TIN_000028,20028,40028,50028,Cliente_012,CLI012,Producto_008,Configuracion_005,30005,Fitosanitario 150 Gy,0.25,6,3,SYS_000446,TAG_000446,8,MODE_A - Config demo,0.125,2,2,0.125,2.5,2.4,48.0,8:03:00 a.m.,8:40:00 a.m.,00:37:00,,Operador_01
03-ago-27,Operador_02,Completado,10045,TIN_000028,20028,40028,50028,Cliente_012,CLI012,Producto_008,Configuracion_005,30005,Fitosanitario 150 Gy,0.25,7,1,SYS_000447,TAG_000447,8,MODE_B - Config demo,0.25,2,1,0.25,0.025,8.0,0.8,1:47:00 p.m.,2:19:00 p.m.,00:32:00,,Operador_03
03-ago-27,Operador_04,Completado,10045,TIN_000028,20028,40028,50028,Cliente_012,CLI012,Producto_008,Configuracion_005,30005,Fitosanitario 150 Gy,0.25,8,2,SYS_000448,TAG_000448,8,MODE_B - Config demo,0.25,2,1,0.25,0.025,8.0,0.8,1:47:00 p.m.,2:19:00 p.m.,00:32:00,,Operador_01
23-ago-27,Operador_01,Completado,10046,TIN_000029,20029,40029,50029,Cliente_009,CLI009,Producto_007,Configuracion_006,30006,Desbacterizacion (Chiles secos),1.0,1,1,SYS_000449,TAG_000449,8,MODE_B - Config demo,1.0,2,1,1.0,0.025,8.0,0.2,4:06:00 p.m.,5:04:00 p.m.,00:58:00,,Operador_02
23-ago-27,Operador_04,Completado,10046,TIN_000029,20029,40029,50029,Cliente_009,CLI009,Producto_007,Configuracion_006,30006,Desbacterizacion (Chiles secos),1.0,2,2,SYS_000450,TAG_000450,8,MODE_B - Config demo,1.0,2,1,1.0,0.025,8.0,0.2,4:06:00 p.m.,5:04:00 p.m.,00:58:00,,Operador_03
23-ago-27,Operador_01,Completado,10046,TIN_000029,20029,40029,50029,Cliente_009,CLI009,Producto_007,Configuracion_006,30006,Desbacterizacion (Chiles secos),1.0,3,3,SYS_000451,TAG_000451,8,MODE_B - Config demo,1.0,2,1,1.0,0.025,8.0,0.2,4:06:00 p.m.,5:04:00 p.m.,00:58:00,,Operador_05
23-ago-27,Operador_01,Completado,10046,TIN_000029,20029,40029,50029,Cliente_009,CLI009,Producto_007,Configuracion_006,30006,Desbacterizacion (Chiles secos),1.0,4,4,SYS_000452,TAG_000452,8,MODE_B - Config demo,1.0,2,1,1.0,0.025,8.0,0.2,4:06:00 p.m.,5:04:00 p.m.,00:58:00,,Operador_03
23-ago-27,Operador_01,Completado,10046,TIN_000029,20029,40029,50029,Cliente_009,CLI009,Producto_007,Configuracion_006,30006,Desbacterizacion (Chiles secos),1.0,5,5,SYS_000453,TAG_000453,8,MODE_B - Config demo,1.0,2,1,1.0,0.025,8.0,0.2,4:06:00 p.m.,5:04:00 p.m.,00:58:00,,Operador_03
23-ago-27,Operador_02,Completado,10046,TIN_000029,20029,40029,50029,Cliente_009,CLI009,Producto_007,Configuracion_006,30006,Desbacterizacion (Chiles secos),1.0,6,6,SYS_000454,TAG_000454,8,MODE_B - Config demo,1.0,2,1,1.0,0.025,8.0,0.2,4:06:00 p.m.,5:04:00 p.m.,00:58:00,,Operador_04
23-ago-27,Operador_04,Completado,10046,TIN_000029,20029,40029,50029,Cliente_009,CLI009,Producto_007,Configuracion_006,30006,Desbacterizacion (Chiles secos),1.0,7,7,SYS_000455,TAG_000455,8,MODE_B - Config demo,1.0,2,1,1.0,0.025,8.0,0.2,4:06:00 p.m.,5:04:00 p.m.,00:58:00,,Operador_05
23-ago-27,Operador_01,Completado,10046,TIN_000029,20029,40029,50029,Cliente_009,CLI009,Producto_007,Configuracion_006,30006,Desbacterizacion (Chiles secos),1.0,8,8,SYS_000456,TAG_000456,8,MODE_B - Config demo,1.0,2,1,1.0,0.025,8.0,0.2,4:06:00 p.m.,5:04:00 p.m.,00:58:00,,Operador_04
28-ago-27,Operador_02,Completado,10047,TIN_000030,20030,40030,50030,Cliente_020,CLI020,Producto_012,Configuracion_007,30007,Desbacterizacion (Chiles secos),4.0,1,1,SYS_000457,TAG_000457,21,MODE_A - Config demo,4.0,2,1,4.0,2.5,2.4,1.5,6:40:00 p.m.,7:43:00 p.m.,01:03:00,,Operador_01
28-ago-27,Operador_04,Completado,10047,TIN_000030,20030,40030,50030,Cliente_020,CLI020,Producto_012,Configuracion_007,30007,Desbacterizacion (Chiles secos),4.0,2,2,SYS_000458,TAG_000458,21,MODE_A - Config demo,4.0,2,1,4.0,2.5,2.4,1.5,6:40:00 p.m.,7:43:00 p.m.,01:03:00,,Operador_02
28-ago-27,Operador_01,Completado,10047,TIN_000030,20030,40030,50030,Cliente_020,CLI020,Producto_012,Configuracion_007,30007,Desbacterizacion (Chiles secos),4.0,3,3,SYS_000459,TAG_000459,21,MODE_A - Config demo,4.0,2,1,4.0,2.5,2.4,1.5,6:40:00 p.m.,7:43:00 p.m.,01:03:00,,Operador_02
28-ago-27,Operador_04,Completado,10047,TIN_000030,20030,40030,50030,Cliente_020,CLI020,Producto_012,Configuracion_007,30007,Desbacterizacion (Chiles secos),4.0,4,4,SYS_000460,TAG_000460,21,MODE_A - Config demo,4.0,2,1,4.0,2.5,2.4,1.5,6:40:00 p.m.,7:43:00 p.m.,01:03:00,,Operador_04
28-ago-27,Operador_02,Completado,10047,TIN_000030,20030,40030,50030,Cliente_020,CLI020,Producto_012,Configuracion_007,30007,Desbacterizacion (Chiles secos),4.0,5,5,SYS_000461,TAG_000461,21,MODE_A - Config demo,4.0,2,1,4.0,2.5,2.4,1.5,6:40:00 p.m.,7:43:00 p.m.,01:03:00,,Operador_02
28-ago-27,Operador_05,Completado,10047,TIN_000030,20030,40030,50030,Cliente_020,CLI020,Producto_012,Configuracion_007,30007,Desbacterizacion (Chiles secos),4.0,6,6,SYS_000462,TAG_000462,21,MODE_A - Config demo,4.0,2,1,4.0,2.5,2.4,1.5,6:40:00 p.m.,7:43:00 p.m.,01:03:00,,Operador_03
28-ago-27,Operador_02,Completado,10047,TIN_000030,20030,40030,50030,Cliente_020,CLI020,Producto_012,Configuracion_007,30007,Desbacterizacion (Chiles secos),4.0,7,7,SYS_000463,TAG_000463,21,MODE_A - Config demo,4.0,2,1,4.0,2.5,2.4,1.5,6:40:00 p.m.,7:43:00 p.m.,01:03:00,,Operador_05
28-ago-27,Operador_02,Completado,10048,TIN_000030,20030,40030,50030,Cliente_020,CLI020,Producto_012,Configuracion_007,30007,Desbacterizacion (Chiles secos),4.0,8,1,SYS_000464,TAG_000464,21,MODE_B - Config demo,4.0,2,1,4.0,0.025,8.0,0.05,2:23:00 p.m.,3:23:00 p.m.,01:00:00,,Operador_04
28-ago-27,Operador_03,Completado,10048,TIN_000030,20030,40030,50030,Cliente_020,CLI020,Producto_012,Configuracion_007,30007,Desbacterizacion (Chiles secos),4.0,9,2,SYS_000465,TAG_000465,21,MODE_B - Config demo,4.0,2,1,4.0,0.025,8.0,0.05,2:23:00 p.m.,3:23:00 p.m.,01:00:00,,Operador_05
28-ago-27,Operador_03,Completado,10048,TIN_000030,20030,40030,50030,Cliente_020,CLI020,Producto_012,Configuracion_007,30007,Desbacterizacion (Chiles secos),4.0,10,3,SYS_000466,TAG_000466,21,MODE_B - Config demo,4.0,2,1,4.0,0.025,8.0,0.05,2:23:00 p.m.,3:23:00 p.m.,01:00:00,,Operador_01
28-ago-27,Operador_04,Completado,10048,TIN_000030,20030,40030,50030,Cliente_020,CLI020,Producto_012,Configuracion_007,30007,Desbacterizacion (Chiles secos),4.0,11,4,SYS_000467,TAG_000467,21,MODE_B - Config demo,4.0,2,1,4.0,0.025,8.0,0.05,2:23:00 p.m.,3:23:00 p.m.,01:00:00,,Operador_01
28-ago-27,Operador_04,Completado,10048,TIN_000030,20030,40030,50030,Cliente_020,CLI020,Producto_012,Configuracion_007,30007,Desbacterizacion (Chiles secos),4.0,12,5,SYS_000468,TAG_000468,21,MODE_B - Config demo,4.0,2,1,4.0,0.025,8.0,0.05,2:23:00 p.m.,3:23:00 p.m.,01:00:00,,Operador_02
28-ago-27,Operador_05,Completado,10048,TIN_000030,20030,40030,50030,Cliente_020,CLI020,Producto_012,Configuracion_007,30007,Desbacterizacion (Chiles secos),4.0,13,6,SYS_000469,TAG_000469,21,MODE_B - Config demo,4.0,2,1,4.0,0.025,8.0,0.05,2:23:00 p.m.,3:23:00 p.m.,01:00:00,,Operador_02
28-ago-27,Operador_03,Completado,10048,TIN_000030,20030,40030,50030,Cliente_020,CLI020,Producto_012,Configuracion_007,30007,Desbacterizacion (Chiles secos),4.0,14,7,SYS_000470,TAG_000470,21,MODE_B - Config demo,4.0,2,1,4.0,0.025,8.0,0.05,2:23:00 p.m.,3:23:00 p.m.,01:00:00,,Operador_03
28-ago-27,Operador_03,Completado,10049,TIN_000030,20030,40030,50030,Cliente_020,CLI020,Producto_012,Configuracion_007,30007,Desbacterizacion (Chiles secos),4.0,15,1,SYS_000471,TAG_000471,21,MODE_B - Config demo,4.0,2,1,4.0,0.025,8.0,0.05,7:21:00 p.m.,8:22:00 p.m.,01:01:00,,Operador_01
28-ago-27,Operador_05,Completado,10049,TIN_000030,20030,40030,50030,Cliente_020,CLI020,Producto_012,Configuracion_007,30007,Desbacterizacion (Chiles secos),4.0,16,2,SYS_000472,TAG_000472,21,MODE_B - Config demo,4.0,2,1,4.0,0.025,8.0,0.05,7:21:00 p.m.,8:22:00 p.m.,01:01:00,,Operador_04
28-ago-27,Operador_04,Completado,10049,TIN_000030,20030,40030,50030,Cliente_020,CLI020,Producto_012,Configuracion_007,30007,Desbacterizacion (Chiles secos),4.0,17,3,SYS_000473,TAG_000473,21,MODE_B - Config demo,4.0,2,1,4.0,0.025,8.0,0.05,7:21:00 p.m.,8:22:00 p.m.,01:01:00,,Operador_01
28-ago-27,Operador_02,Completado,10049,TIN_000030,20030,40030,50030,Cliente_020,CLI020,Producto_012,Configuracion_007,30007,Desbacterizacion (Chiles secos),4.0,18,4,SYS_000474,TAG_000474,21,MODE_B - Config demo,4.0,2,1,4.0,0.025,8.0,0.05,7:21:00 p.m.,8:22:00 p.m.,01:01:00,,Operador_02
28-ago-27,Operador_02,Completado,10049,TIN_000030,20030,40030,50030,Cliente_020,CLI020,Producto_012,Configuracion_007,30007,Desbacterizacion (Chiles secos),4.0,19,5,SYS_000475,TAG_000475,21,MODE_B - Config demo,4.0,2,1,4.0,0.025,8.0,0.05,7:21:00 p.m.,8:22:00 p.m.,01:01:00,,Operador_01
28-ago-27,Operador_01,Completado,10049,TIN_000030,20030,40030,50030,Cliente_020,CLI020,Producto_012,Configuracion_007,30007,Desbacterizacion (Chiles secos),4.0,20,6,SYS_000476,TAG_000476,21,MODE_B - Config demo,4.0,2,1,4.0,0.025,8.0,0.05,7:21:00 p.m.,8:22:00 p.m.,01:01:00,,Operador_03
28-ago-27,Operador_03,Completado,10049,TIN_000030,20030,40030,50030,Cliente_020,CLI020,Producto_012,Configuracion_007,30007,Desbacterizacion (Chiles secos),4.0,21,7,SYS_000477,TAG_000477,21,MODE_B - Config demo,4.0,2,1,4.0,0.025,8.0,0.05,7:21:00 p.m.,8:22:00 p.m.,01:01:00,,Operador_02
10-ago-27,Operador_03,Completado,10050,TIN_000031,20031,40031,50031,Cliente_004,CLI004,Producto_004,Configuracion_008,30008,Desbacterizacion (Otros Y protocolos),2.0,1,1,SYS_000478,TAG_000478,22,MODE_B - Config demo,2.0,2,1,2.0,0.025,8.0,0.1,2:14:00 p.m.,4:04:00 p.m.,01:50:00,,Operador_03
10-ago-27,Operador_02,Completado,10050,TIN_000031,20031,40031,50031,Cliente_004,CLI004,Producto_004,Configuracion_008,30008,Desbacterizacion (Otros Y protocolos),2.0,2,2,SYS_000479,TAG_000479,22,MODE_B - Config demo,2.0,2,1,2.0,0.025,8.0,0.1,2:14:00 p.m.,4:04:00 p.m.,01:50:00,,Operador_01
10-ago-27,Operador_02,Completado,10050,TIN_000031,20031,40031,50031,Cliente_004,CLI004,Producto_004,Configuracion_008,30008,Desbacterizacion (Otros Y protocolos),2.0,3,3,SYS_000480,TAG_000480,22,MODE_B - Config demo,2.0,2,1,2.0,0.025,8.0,0.1,2:14:00 p.m.,4:04:00 p.m.,01:50:00,,Operador_03
10-ago-27,Operador_02,Completado,10050,TIN_000031,20031,40031,50031,Cliente_004,CLI004,Producto_004,Configuracion_008,30008,Desbacterizacion (Otros Y protocolos),2.0,4,4,SYS_000481,TAG_000481,22,MODE_B - Config demo,2.0,2,1,2.0,0.025,8.0,0.1,2:14:00 p.m.,4:04:00 p.m.,01:50:00,,Operador_02
10-ago-27,Operador_03,Completado,10050,TIN_000031,20031,40031,50031,Cliente_004,CLI004,Producto_004,Configuracion_008,30008,Desbacterizacion (Otros Y protocolos),2.0,5,5,SYS_000482,TAG_000482,22,MODE_B - Config demo,2.0,2,1,2.0,0.025,8.0,0.1,2:14:00 p.m.,4:04:00 p.m.,01:50:00,,Operador_01
10-ago-27,Operador_04,Completado,10050,TIN_000031,20031,40031,50031,Cliente_004,CLI004,Producto_004,Configuracion_008,30008,Desbacterizacion (Otros Y protocolos),2.0,6,6,SYS_000483,TAG_000483,22,MODE_B - Config demo,2.0,2,1,2.0,0.025,8.0,0.1,2:14:00 p.m.,4:04:00 p.m.,01:50:00,,Operador_04
10-ago-27,Operador_05,Completado,10050,TIN_000031,20031,40031,50031,Cliente_004,CLI004,Producto_004,Configuracion_008,30008,Desbacterizacion (Otros Y protocolos),2.0,7,7,SYS_000484,TAG_000484,22,MODE_B - Config demo,2.0,2,1,2.0,0.025,8.0,0.1,2:14:00 p.m.,4:04:00 p.m.,01:50:00,,Operador_01
10-ago-27,Operador_04,Completado,10050,TIN_000031,20031,40031,50031,Cliente_004,CLI004,Producto_004,Configuracion_008,30008,Desbacterizacion (Otros Y protocolos),2.0,8,8,SYS_000485,TAG_000485,22,MODE_B - Config demo,2.0,2,1,2.0,0.025,8.0,0.1,2:14:00 p.m.,4:04:00 p.m.,01:50:00,,Operador_01
10-ago-27,Operador_04,Completado,10050,TIN_000031,20031,40031,50031,Cliente_004,CLI004,Producto_004,Configuracion_008,30008,Desbacterizacion (Otros Y protocolos),2.0,9,9,SYS_000486,TAG_000486,22,MODE_B - Config demo,2.0,2,1,2.0,0.025,8.0,0.1,2:14:00 p.m.,4:04:00 p.m.,01:50:00,,Operador_02
10-ago-27,Operador_05,Completado,10050,TIN_000031,20031,40031,50031,Cliente_004,CLI004,Producto_004,Configuracion_008,30008,Desbacterizacion (Otros Y protocolos),2.0,10,10,SYS_000487,TAG_000487,22,MODE_B - Config demo,2.0,2,1,2.0,0.025,8.0,0.1,2:14:00 p.m.,4:04:00 p.m.,01:50:00,,Operador_01
10-ago-27,Operador_05,Completado,10050,TIN_000031,20031,40031,50031,Cliente_004,CLI004,Producto_004,Configuracion_008,30008,Desbacterizacion (Otros Y protocolos),2.0,11,11,SYS_000488,TAG_000488,22,MODE_B - Config demo,2.0,2,1,2.0,0.025,8.0,0.1,2:14:00 p.m.,4:04:00 p.m.,01:50:00,,Operador_04
10-ago-27,Operador_01,Completado,10050,TIN_000031,20031,40031,50031,Cliente_004,CLI004,Producto_004,Configuracion_008,30008,Desbacterizacion (Otros Y protocolos),2.0,12,12,SYS_000489,TAG_000489,22,MODE_B - Config demo,2.0,2,1,2.0,0.025,8.0,0.1,2:14:00 p.m.,4:04:00 p.m.,01:50:00,,Operador_02
10-ago-27,Operador_03,Completado,10050,TIN_000031,20031,40031,50031,Cliente_004,CLI004,Producto_004,Configuracion_008,30008,Desbacterizacion (Otros Y protocolos),2.0,13,1,SYS_000490,TAG_000490,22,MODE_B - Config demo,2.0,2,1,2.0,0.025,8.0,0.1,2:14:00 p.m.,4:04:00 p.m.,01:50:00,,Operador_04
10-ago-27,Operador_04,Completado,10050,TIN_000031,20031,40031,50031,Cliente_004,CLI004,Producto_004,Configuracion_008,30008,Desbacterizacion (Otros Y protocolos),2.0,14,2,SYS_000491,TAG_000491,22,MODE_B - Config demo,2.0,2,1,2.0,0.025,8.0,0.1,2:14:00 p.m.,4:04:00 p.m.,01:50:00,,Operador_03
10-ago-27,Operador_04,Completado,10050,TIN_000031,20031,40031,50031,Cliente_004,CLI004,Producto_004,Configuracion_008,30008,Desbacterizacion (Otros Y protocolos),2.0,15,3,SYS_000492,TAG_000492,22,MODE_B - Config demo,2.0,2,1,2.0,0.025,8.0,0.1,2:14:00 p.m.,4:04:00 p.m.,01:50:00,,Operador_02
10-ago-27,Operador_02,Completado,10050,TIN_000031,20031,40031,50031,Cliente_004,CLI004,Producto_004,Configuracion_008,30008,Desbacterizacion (Otros Y protocolos),2.0,16,4,SYS_000493,TAG_000493,22,MODE_B - Config demo,2.0,2,1,2.0,0.025,8.0,0.1,2:14:00 p.m.,4:04:00 p.m.,01:50:00,,Operador_01
10-ago-27,Operador_04,Completado,10050,TIN_000031,20031,40031,50031,Cliente_004,CLI004,Producto_004,Configuracion_008,30008,Desbacterizacion (Otros Y protocolos),2.0,17,5,SYS_000494,TAG_000494,22,MODE_B - Config demo,2.0,2,1,2.0,0.025,8.0,0.1,2:14:00 p.m.,4:04:00 p.m.,01:50:00,,Operador_04
10-ago-27,Operador_05,Completado,10050,TIN_000031,20031,40031,50031,Cliente_004,CLI004,Producto_004,Configuracion_008,30008,Desbacterizacion (Otros Y protocolos),2.0,18,6,SYS_000495,TAG_000495,22,MODE_B - Config demo,2.0,2,1,2.0,0.025,8.0,0.1,2:14:00 p.m.,4:04:00 p.m.,01:50:00,,Operador_03
10-ago-27,Operador_04,Completado,10050,TIN_000031,20031,40031,50031,Cliente_004,CLI004,Producto_004,Configuracion_008,30008,Desbacterizacion (Otros Y protocolos),2.0,19,7,SYS_000496,TAG_000496,22,MODE_B - Config demo,2.0,2,1,2.0,0.025,8.0,0.1,2:14:00 p.m.,4:04:00 p.m.,01:50:00,,Operador_04
10-ago-27,Operador_05,Completado,10050,TIN_000031,20031,40031,50031,Cliente_004,CLI004,Producto_004,Configuracion_008,30008,Desbacterizacion (Otros Y protocolos),2.0,20,8,SYS_000497,TAG_000497,22,MODE_B - Config demo,2.0,2,1,2.0,0.025,8.0,0.1,2:14:00 p.m.,4:04:00 p.m.,01:50:00,,Operador_03
10-ago-27,Operador_04,Completado,10050,TIN_000031,20031,40031,50031,Cliente_004,CLI004,Producto_004,Configuracion_008,30008,Desbacterizacion (Otros Y protocolos),2.0,21,9,SYS_000498,TAG_000498,22,MODE_B - Config demo,2.0,2,1,2.0,0.025,8.0,0.1,2:14:00 p.m.,4:04:00 p.m.,01:50:00,,Operador_05
10-ago-27,Operador_03,Completado,10050,TIN_000031,20031,40031,50031,Cliente_004,CLI004,Producto_004,Configuracion_008,30008,Desbacterizacion (Otros Y protocolos),2.0,22,10,SYS_000499,TAG_000499,22,MODE_B - Config demo,2.0,2,1,2.0,0.025,8.0,0.1,2:14:00 p.m.,4:04:00 p.m.,01:50:00,,Operador_03
27-ago-27,Operador_01,Completado,10051,TIN_000032,20032,40032,50032,Cliente_020,CLI020,Producto_001,Configuracion_001,30001,Desbacterizacion (Vegetales),2.0,1,1,SYS_000500,TAG_000500,16,MODE_B - Config demo,2.0,2,1,2.0,0.025,8.0,0.1,9:43:00 a.m.,11:01:00 a.m.,01:18:00,,Operador_05
27-ago-27,Operador_02,Completado,10051,TIN_000032,20032,40032,50032,Cliente_020,CLI020,Producto_001,Configuracion_001,30001,Desbacterizacion (Vegetales),2.0,2,2,SYS_000501,TAG_000501,16,MODE_B - Config demo,2.0,2,1,2.0,0.025,8.0,0.1,9:43:00 a.m.,11:01:00 a.m.,01:18:00,,Operador_04
27-ago-27,Operador_03,Completado,10051,TIN_000032,20032,40032,50032,Cliente_020,CLI020,Producto_001,Configuracion_001,30001,Desbacterizacion (Vegetales),2.0,3,3,SYS_000502,TAG_000502,16,MODE_B - Config demo,2.0,2,1,2.0,0.025,8.0,0.1,9:43:00 a.m.,11:01:00 a.m.,01:18:00,,Operador_02
27-ago-27,Operador_01,Completado,10051,TIN_000032,20032,40032,50032,Cliente_020,CLI020,Producto_001,Configuracion_001,30001,Desbacterizacion (Vegetales),2.0,4,4,SYS_000503,TAG_000503,16,MODE_B - Config demo,2.0,2,1,2.0,0.025,8.0,0.1,9:43:00 a.m.,11:01:00 a.m.,01:18:00,,Operador_01
27-ago-27,Operador_05,Completado,10051,TIN_000032,20032,40032,50032,Cliente_020,CLI020,Producto_001,Configuracion_001,30001,Desbacterizacion (Vegetales),2.0,5,5,SYS_000504,TAG_000504,16,MODE_B - Config demo,2.0,2,1,2.0,0.025,8.0,0.1,9:43:00 a.m.,11:01:00 a.m.,01:18:00,,Operador_05
27-ago-27,Operador_05,Completado,10051,TIN_000032,20032,40032,50032,Cliente_020,CLI020,Producto_001,Configuracion_001,30001,Desbacterizacion (Vegetales),2.0,6,6,SYS_000505,TAG_000505,16,MODE_B - Config demo,2.0,2,1,2.0,0.025,8.0,0.1,9:43:00 a.m.,11:01:00 a.m.,01:18:00,,Operador_05
27-ago-27,Operador_03,Completado,10051,TIN_000032,20032,40032,50032,Cliente_020,CLI020,Producto_001,Configuracion_001,30001,Desbacterizacion (Vegetales),2.0,7,7,SYS_000506,TAG_000506,16,MODE_B - Config demo,2.0,2,1,2.0,0.025,8.0,0.1,9:43:00 a.m.,11:01:00 a.m.,01:18:00,,Operador_01
27-ago-27,Operador_01,Completado,10051,TIN_000032,20032,40032,50032,Cliente_020,CLI020,Producto_001,Configuracion_001,30001,Desbacterizacion (Vegetales),2.0,8,8,SYS_000507,TAG_000507,16,MODE_B - Config demo,2.0,2,1,2.0,0.025,8.0,0.1,9:43:00 a.m.,11:01:00 a.m.,01:18:00,,Operador_04
27-ago-27,Operador_04,Completado,10051,TIN_000032,20032,40032,50032,Cliente_020,CLI020,Producto_001,Configuracion_001,30001,Desbacterizacion (Vegetales),2.0,9,9,SYS_000508,TAG_000508,16,MODE_B - Config demo,2.0,2,1,2.0,0.025,8.0,0.1,9:43:00 a.m.,11:01:00 a.m.,01:18:00,,Operador_05
27-ago-27,Operador_02,Completado,10051,TIN_000032,20032,40032,50032,Cliente_020,CLI020,Producto_001,Configuracion_001,30001,Desbacterizacion (Vegetales),2.0,10,10,SYS_000509,TAG_000509,16,MODE_B - Config demo,2.0,2,1,2.0,0.025,8.0,0.1,9:43:00 a.m.,11:01:00 a.m.,01:18:00,,Operador_02
27-ago-27,Operador_05,Completado,10051,TIN_000032,20032,40032,50032,Cliente_020,CLI020,Producto_001,Configuracion_001,30001,Desbacterizacion (Vegetales),2.0,11,11,SYS_000510,TAG_000510,16,MODE_B - Config demo,2.0,2,1,2.0,0.025,8.0,0.1,9:43:00 a.m.,11:01:00 a.m.,01:18:00,,Operador_05
27-ago-27,Operador_02,Completado,10051,TIN_000032,20032,40032,50032,Cliente_020,CLI020,Producto_001,Configuracion_001,30001,Desbacterizacion (Vegetales),2.0,12,12,SYS_000511,TAG_000511,16,MODE_B - Config demo,2.0,2,1,2.0,0.025,8.0,0.1,9:43:00 a.m.,11:01:00 a.m.,01:18:00,,Operador_05
27-ago-27,Operador_03,Completado,10051,TIN_000032,20032,40032,50032,Cliente_020,CLI020,Producto_001,Configuracion_001,30001,Desbacterizacion (Vegetales),2.0,13,1,SYS_000512,TAG_000512,16,MODE_B - Config demo,2.0,2,1,2.0,0.025,8.0,0.1,9:43:00 a.m.,11:01:00 a.m.,01:18:00,,Operador_05
27-ago-27,Operador_01,Completado,10051,TIN_000032,20032,40032,50032,Cliente_020,CLI020,Producto_001,Configuracion_001,30001,Desbacterizacion (Vegetales),2.0,14,2,SYS_000513,TAG_000513,16,MODE_B - Config demo,2.0,2,1,2.0,0.025,8.0,0.1,9:43:00 a.m.,11:01:00 a.m.,01:18:00,,Operador_03
27-ago-27,Operador_05,Completado,10051,TIN_000032,20032,40032,50032,Cliente_020,CLI020,Producto_001,Configuracion_001,30001,Desbacterizacion (Vegetales),2.0,15,3,SYS_000514,TAG_000514,16,MODE_B - Config demo,2.0,2,1,2.0,0.025,8.0,0.1,9:43:00 a.m.,11:01:00 a.m.,01:18:00,,Operador_05
27-ago-27,Operador_03,Completado,10051,TIN_000032,20032,40032,50032,Cliente_020,CLI020,Producto_001,Configuracion_001,30001,Desbacterizacion (Vegetales),2.0,16,4,SYS_000515,TAG_000515,16,MODE_B - Config demo,2.0,2,1,2.0,0.025,8.0,0.1,9:43:00 a.m.,11:01:00 a.m.,01:18:00,,Operador_01
06-ago-27,Operador_01,Completado,10052,TIN_000033,20033,40033,50033,Cliente_006,CLI006,Producto_001,Configuracion_002,30002,Fitosanitario 150 Gy,0.35,1,1,SYS_000516,TAG_000516,22,MODE_A - Config demo,0.35,2,1,0.35,2.5,2.4,17.143,8:54:00 a.m.,10:00:00 a.m.,01:06:00,,Operador_01
06-ago-27,Operador_04,Completado,10052,TIN_000033,20033,40033,50033,Cliente_006,CLI006,Producto_001,Configuracion_002,30002,Fitosanitario 150 Gy,0.35,2,2,SYS_000517,TAG_000517,22,MODE_A - Config demo,0.35,2,1,0.35,2.5,2.4,17.143,8:54:00 a.m.,10:00:00 a.m.,01:06:00,,Operador_04
06-ago-27,Operador_05,Completado,10052,TIN_000033,20033,40033,50033,Cliente_006,CLI006,Producto_001,Configuracion_002,30002,Fitosanitario 150 Gy,0.35,3,3,SYS_000518,TAG_000518,22,MODE_A - Config demo,0.35,2,1,0.35,2.5,2.4,17.143,8:54:00 a.m.,10:00:00 a.m.,01:06:00,,Operador_05
06-ago-27,Operador_03,Completado,10052,TIN_000033,20033,40033,50033,Cliente_006,CLI006,Producto_001,Configuracion_002,30002,Fitosanitario 150 Gy,0.35,4,4,SYS_000519,TAG_000519,22,MODE_A - Config demo,0.35,2,1,0.35,2.5,2.4,17.143,8:54:00 a.m.,10:00:00 a.m.,01:06:00,,Operador_03
06-ago-27,Operador_03,Completado,10052,TIN_000033,20033,40033,50033,Cliente_006,CLI006,Producto_001,Configuracion_002,30002,Fitosanitario 150 Gy,0.35,5,5,SYS_000520,TAG_000520,22,MODE_A - Config demo,0.35,2,1,0.35,2.5,2.4,17.143,8:54:00 a.m.,10:00:00 a.m.,01:06:00,,Operador_04
06-ago-27,Operador_05,Completado,10052,TIN_000033,20033,40033,50033,Cliente_006,CLI006,Producto_001,Configuracion_002,30002,Fitosanitario 150 Gy,0.35,6,6,SYS_000521,TAG_000521,22,MODE_A - Config demo,0.35,2,1,0.35,2.5,2.4,17.143,8:54:00 a.m.,10:00:00 a.m.,01:06:00,,Operador_01
06-ago-27,Operador_03,Completado,10052,TIN_000033,20033,40033,50033,Cliente_006,CLI006,Producto_001,Configuracion_002,30002,Fitosanitario 150 Gy,0.35,7,7,SYS_000522,TAG_000522,22,MODE_A - Config demo,0.35,2,1,0.35,2.5,2.4,17.143,8:54:00 a.m.,10:00:00 a.m.,01:06:00,,Operador_03
06-ago-27,Operador_02,Completado,10052,TIN_000033,20033,40033,50033,Cliente_006,CLI006,Producto_001,Configuracion_002,30002,Fitosanitario 150 Gy,0.35,8,8,SYS_000523,TAG_000523,22,MODE_A - Config demo,0.35,2,1,0.35,2.5,2.4,17.143,8:54:00 a.m.,10:00:00 a.m.,01:06:00,,Operador_05
06-ago-27,Operador_03,Completado,10052,TIN_000033,20033,40033,50033,Cliente_006,CLI006,Producto_001,Configuracion_002,30002,Fitosanitario 150 Gy,0.35,9,9,SYS_000524,TAG_000524,22,MODE_A - Config demo,0.35,2,1,0.35,2.5,2.4,17.143,8:54:00 a.m.,10:00:00 a.m.,01:06:00,,Operador_01
06-ago-27,Operador_04,Completado,10052,TIN_000033,20033,40033,50033,Cliente_006,CLI006,Producto_001,Configuracion_002,30002,Fitosanitario 150 Gy,0.35,10,10,SYS_000525,TAG_000525,22,MODE_A - Config demo,0.35,2,1,0.35,2.5,2.4,17.143,8:54:00 a.m.,10:00:00 a.m.,01:06:00,,Operador_05
06-ago-27,Operador_01,Completado,10052,TIN_000033,20033,40033,50033,Cliente_006,CLI006,Producto_001,Configuracion_002,30002,Fitosanitario 150 Gy,0.35,11,11,SYS_000526,TAG_000526,22,MODE_A - Config demo,0.35,2,1,0.35,2.5,2.4,17.143,8:54:00 a.m.,10:00:00 a.m.,01:06:00,,Operador_03
06-ago-27,Operador_03,Completado,10053,TIN_000033,20033,40033,50033,Cliente_006,CLI006,Producto_001,Configuracion_002,30002,Fitosanitario 150 Gy,0.35,12,1,SYS_000527,TAG_000527,22,MODE_B - Config demo,0.35,2,1,0.35,0.025,8.0,0.571,12:20:00 p.m.,1:36:00 p.m.,01:16:00,,Operador_03
06-ago-27,Operador_04,Completado,10053,TIN_000033,20033,40033,50033,Cliente_006,CLI006,Producto_001,Configuracion_002,30002,Fitosanitario 150 Gy,0.35,13,2,SYS_000528,TAG_000528,22,MODE_B - Config demo,0.35,2,1,0.35,0.025,8.0,0.571,12:20:00 p.m.,1:36:00 p.m.,01:16:00,,Operador_03
06-ago-27,Operador_03,Completado,10053,TIN_000033,20033,40033,50033,Cliente_006,CLI006,Producto_001,Configuracion_002,30002,Fitosanitario 150 Gy,0.35,14,3,SYS_000529,TAG_000529,22,MODE_B - Config demo,0.35,2,1,0.35,0.025,8.0,0.571,12:20:00 p.m.,1:36:00 p.m.,01:16:00,,Operador_02
06-ago-27,Operador_05,Completado,10053,TIN_000033,20033,40033,50033,Cliente_006,CLI006,Producto_001,Configuracion_002,30002,Fitosanitario 150 Gy,0.35,15,4,SYS_000530,TAG_000530,22,MODE_B - Config demo,0.35,2,1,0.35,0.025,8.0,0.571,12:20:00 p.m.,1:36:00 p.m.,01:16:00,,Operador_02
06-ago-27,Operador_02,Completado,10053,TIN_000033,20033,40033,50033,Cliente_006,CLI006,Producto_001,Configuracion_002,30002,Fitosanitario 150 Gy,0.35,16,5,SYS_000531,TAG_000531,22,MODE_B - Config demo,0.35,2,1,0.35,0.025,8.0,0.571,12:20:00 p.m.,1:36:00 p.m.,01:16:00,,Operador_02
06-ago-27,Operador_02,Completado,10053,TIN_000033,20033,40033,50033,Cliente_006,CLI006,Producto_001,Configuracion_002,30002,Fitosanitario 150 Gy,0.35,17,6,SYS_000532,TAG_000532,22,MODE_B - Config demo,0.35,2,1,0.35,0.025,8.0,0.571,12:20:00 p.m.,1:36:00 p.m.,01:16:00,,Operador_02
06-ago-27,Operador_04,Completado,10053,TIN_000033,20033,40033,50033,Cliente_006,CLI006,Producto_001,Configuracion_002,30002,Fitosanitario 150 Gy,0.35,18,7,SYS_000533,TAG_000533,22,MODE_B - Config demo,0.35,2,1,0.35,0.025,8.0,0.571,12:20:00 p.m.,1:36:00 p.m.,01:16:00,,Operador_04
06-ago-27,Operador_03,Completado,10053,TIN_000033,20033,40033,50033,Cliente_006,CLI006,Producto_001,Configuracion_002,30002,Fitosanitario 150 Gy,0.35,19,8,SYS_000534,TAG_000534,22,MODE_B - Config demo,0.35,2,1,0.35,0.025,8.0,0.571,12:20:00 p.m.,1:36:00 p.m.,01:16:00,,Operador_02
06-ago-27,Operador_02,Completado,10053,TIN_000033,20033,40033,50033,Cliente_006,CLI006,Producto_001,Configuracion_002,30002,Fitosanitario 150 Gy,0.35,20,9,SYS_000535,TAG_000535,22,MODE_B - Config demo,0.35,2,1,0.35,0.025,8.0,0.571,12:20:00 p.m.,1:36:00 p.m.,01:16:00,,Operador_04
06-ago-27,Operador_04,Completado,10053,TIN_000033,20033,40033,50033,Cliente_006,CLI006,Producto_001,Configuracion_002,30002,Fitosanitario 150 Gy,0.35,21,10,SYS_000536,TAG_000536,22,MODE_B - Config demo,0.35,2,1,0.35,0.025,8.0,0.571,12:20:00 p.m.,1:36:00 p.m.,01:16:00,,Operador_03
06-ago-27,Operador_02,Completado,10053,TIN_000033,20033,40033,50033,Cliente_006,CLI006,Producto_001,Configuracion_002,30002,Fitosanitario 150 Gy,0.35,22,11,SYS_000537,TAG_000537,22,MODE_B - Config demo,0.35,2,1,0.35,0.025,8.0,0.571,12:20:00 p.m.,1:36:00 p.m.,01:16:00,,Operador_03
16-ago-27,Operador_02,Completado,10054,TIN_000034,20034,40034,50034,Cliente_017,CLI017,Producto_012,Configuracion_003,30003,Desbacterizacion (Vegetales),2.0,1,1,SYS_000538,TAG_000538,19,MODE_A - Config demo,2.0,2,1,2.0,2.5,2.4,3.0,10:59:00 a.m.,12:24:00 p.m.,01:25:00,,Operador_03
16-ago-27,Operador_05,Completado,10054,TIN_000034,20034,40034,50034,Cliente_017,CLI017,Producto_012,Configuracion_003,30003,Desbacterizacion (Vegetales),2.0,2,2,SYS_000539,TAG_000539,19,MODE_A - Config demo,2.0,2,1,2.0,2.5,2.4,3.0,10:59:00 a.m.,12:24:00 p.m.,01:25:00,,Operador_02
16-ago-27,Operador_02,Completado,10054,TIN_000034,20034,40034,50034,Cliente_017,CLI017,Producto_012,Configuracion_003,30003,Desbacterizacion (Vegetales),2.0,3,3,SYS_000540,TAG_000540,19,MODE_A - Config demo,2.0,2,1,2.0,2.5,2.4,3.0,10:59:00 a.m.,12:24:00 p.m.,01:25:00,,Operador_01
16-ago-27,Operador_02,Completado,10054,TIN_000034,20034,40034,50034,Cliente_017,CLI017,Producto_012,Configuracion_003,30003,Desbacterizacion (Vegetales),2.0,4,4,SYS_000541,TAG_000541,19,MODE_A - Config demo,2.0,2,1,2.0,2.5,2.4,3.0,10:59:00 a.m.,12:24:00 p.m.,01:25:00,,Operador_01
16-ago-27,Operador_02,Completado,10054,TIN_000034,20034,40034,50034,Cliente_017,CLI017,Producto_012,Configuracion_003,30003,Desbacterizacion (Vegetales),2.0,5,5,SYS_000542,TAG_000542,19,MODE_A - Config demo,2.0,2,1,2.0,2.5,2.4,3.0,10:59:00 a.m.,12:24:00 p.m.,01:25:00,,Operador_03
16-ago-27,Operador_04,Completado,10054,TIN_000034,20034,40034,50034,Cliente_017,CLI017,Producto_012,Configuracion_003,30003,Desbacterizacion (Vegetales),2.0,6,6,SYS_000543,TAG_000543,19,MODE_A - Config demo,2.0,2,1,2.0,2.5,2.4,3.0,10:59:00 a.m.,12:24:00 p.m.,01:25:00,,Operador_05
16-ago-27,Operador_02,Completado,10054,TIN_000034,20034,40034,50034,Cliente_017,CLI017,Producto_012,Configuracion_003,30003,Desbacterizacion (Vegetales),2.0,7,7,SYS_000544,TAG_000544,19,MODE_A - Config demo,2.0,2,1,2.0,2.5,2.4,3.0,10:59:00 a.m.,12:24:00 p.m.,01:25:00,,Operador_03
16-ago-27,Operador_01,Completado,10054,TIN_000034,20034,40034,50034,Cliente_017,CLI017,Producto_012,Configuracion_003,30003,Desbacterizacion (Vegetales),2.0,8,8,SYS_000545,TAG_000545,19,MODE_A - Config demo,2.0,2,1,2.0,2.5,2.4,3.0,10:59:00 a.m.,12:24:00 p.m.,01:25:00,,Operador_02
16-ago-27,Operador_02,Completado,10054,TIN_000034,20034,40034,50034,Cliente_017,CLI017,Producto_012,Configuracion_003,30003,Desbacterizacion (Vegetales),2.0,9,9,SYS_000546,TAG_000546,19,MODE_A - Config demo,2.0,2,1,2.0,2.5,2.4,3.0,10:59:00 a.m.,12:24:00 p.m.,01:25:00,,Operador_05
16-ago-27,Operador_05,Completado,10054,TIN_000034,20034,40034,50034,Cliente_017,CLI017,Producto_012,Configuracion_003,30003,Desbacterizacion (Vegetales),2.0,10,10,SYS_000547,TAG_000547,19,MODE_A - Config demo,2.0,2,1,2.0,2.5,2.4,3.0,10:59:00 a.m.,12:24:00 p.m.,01:25:00,,Operador_02
16-ago-27,Operador_01,Completado,10054,TIN_000034,20034,40034,50034,Cliente_017,CLI017,Producto_012,Configuracion_003,30003,Desbacterizacion (Vegetales),2.0,11,11,SYS_000548,TAG_000548,19,MODE_A - Config demo,2.0,2,1,2.0,2.5,2.4,3.0,10:59:00 a.m.,12:24:00 p.m.,01:25:00,,Operador_01
16-ago-27,Operador_03,Completado,10054,TIN_000034,20034,40034,50034,Cliente_017,CLI017,Producto_012,Configuracion_003,30003,Desbacterizacion (Vegetales),2.0,12,12,SYS_000549,TAG_000549,19,MODE_A - Config demo,2.0,2,1,2.0,2.5,2.4,3.0,10:59:00 a.m.,12:24:00 p.m.,01:25:00,,Operador_05
16-ago-27,Operador_03,Completado,10054,TIN_000034,20034,40034,50034,Cliente_017,CLI017,Producto_012,Configuracion_003,30003,Desbacterizacion (Vegetales),2.0,13,1,SYS_000550,TAG_000550,19,MODE_A - Config demo,2.0,2,1,2.0,2.5,2.4,3.0,10:59:00 a.m.,12:24:00 p.m.,01:25:00,,Operador_02
16-ago-27,Operador_05,Completado,10054,TIN_000034,20034,40034,50034,Cliente_017,CLI017,Producto_012,Configuracion_003,30003,Desbacterizacion (Vegetales),2.0,14,2,SYS_000551,TAG_000551,19,MODE_A - Config demo,2.0,2,1,2.0,2.5,2.4,3.0,10:59:00 a.m.,12:24:00 p.m.,01:25:00,,Operador_03
16-ago-27,Operador_02,Completado,10054,TIN_000034,20034,40034,50034,Cliente_017,CLI017,Producto_012,Configuracion_003,30003,Desbacterizacion (Vegetales),2.0,15,3,SYS_000552,TAG_000552,19,MODE_A - Config demo,2.0,2,1,2.0,2.5,2.4,3.0,10:59:00 a.m.,12:24:00 p.m.,01:25:00,,Operador_05
16-ago-27,Operador_05,Completado,10054,TIN_000034,20034,40034,50034,Cliente_017,CLI017,Producto_012,Configuracion_003,30003,Desbacterizacion (Vegetales),2.0,16,4,SYS_000553,TAG_000553,19,MODE_A - Config demo,2.0,2,1,2.0,2.5,2.4,3.0,10:59:00 a.m.,12:24:00 p.m.,01:25:00,,Operador_02
16-ago-27,Operador_05,Completado,10054,TIN_000034,20034,40034,50034,Cliente_017,CLI017,Producto_012,Configuracion_003,30003,Desbacterizacion (Vegetales),2.0,17,5,SYS_000554,TAG_000554,19,MODE_A - Config demo,2.0,2,1,2.0,2.5,2.4,3.0,10:59:00 a.m.,12:24:00 p.m.,01:25:00,,Operador_03
16-ago-27,Operador_02,Completado,10054,TIN_000034,20034,40034,50034,Cliente_017,CLI017,Producto_012,Configuracion_003,30003,Desbacterizacion (Vegetales),2.0,18,6,SYS_000555,TAG_000555,19,MODE_A - Config demo,2.0,2,1,2.0,2.5,2.4,3.0,10:59:00 a.m.,12:24:00 p.m.,01:25:00,,Operador_05
16-ago-27,Operador_01,Completado,10054,TIN_000034,20034,40034,50034,Cliente_017,CLI017,Producto_012,Configuracion_003,30003,Desbacterizacion (Vegetales),2.0,19,7,SYS_000556,TAG_000556,19,MODE_A - Config demo,2.0,2,1,2.0,2.5,2.4,3.0,10:59:00 a.m.,12:24:00 p.m.,01:25:00,,Operador_02
13-ago-27,Operador_02,Completado,10055,TIN_000035,20035,40035,50035,Cliente_018,CLI018,Producto_009,Configuracion_004,30004,Desbacterizacion (Vegetales),4.0,1,1,SYS_000557,TAG_000557,9,MODE_B - Config demo,4.0,2,1,4.0,0.025,8.0,0.05,7:33:00 a.m.,8:28:00 a.m.,00:55:00,,Operador_04
13-ago-27,Operador_04,Completado,10055,TIN_000035,20035,40035,50035,Cliente_018,CLI018,Producto_009,Configuracion_004,30004,Desbacterizacion (Vegetales),4.0,2,2,SYS_000558,TAG_000558,9,MODE_B - Config demo,4.0,2,1,4.0,0.025,8.0,0.05,7:33:00 a.m.,8:28:00 a.m.,00:55:00,,Operador_03
13-ago-27,Operador_05,Completado,10055,TIN_000035,20035,40035,50035,Cliente_018,CLI018,Producto_009,Configuracion_004,30004,Desbacterizacion (Vegetales),4.0,3,3,SYS_000559,TAG_000559,9,MODE_B - Config demo,4.0,2,1,4.0,0.025,8.0,0.05,7:33:00 a.m.,8:28:00 a.m.,00:55:00,,Operador_05
13-ago-27,Operador_01,Completado,10055,TIN_000035,20035,40035,50035,Cliente_018,CLI018,Producto_009,Configuracion_004,30004,Desbacterizacion (Vegetales),4.0,4,4,SYS_000560,TAG_000560,9,MODE_B - Config demo,4.0,2,1,4.0,0.025,8.0,0.05,7:33:00 a.m.,8:28:00 a.m.,00:55:00,,Operador_02
13-ago-27,Operador_04,Completado,10055,TIN_000035,20035,40035,50035,Cliente_018,CLI018,Producto_009,Configuracion_004,30004,Desbacterizacion (Vegetales),4.0,5,5,SYS_000561,TAG_000561,9,MODE_B - Config demo,4.0,2,1,4.0,0.025,8.0,0.05,7:33:00 a.m.,8:28:00 a.m.,00:55:00,,Operador_03
13-ago-27,Operador_02,Completado,10055,TIN_000035,20035,40035,50035,Cliente_018,CLI018,Producto_009,Configuracion_004,30004,Desbacterizacion (Vegetales),4.0,6,6,SYS_000562,TAG_000562,9,MODE_B - Config demo,4.0,2,1,4.0,0.025,8.0,0.05,7:33:00 a.m.,8:28:00 a.m.,00:55:00,,Operador_03
13-ago-27,Operador_03,Completado,10055,TIN_000035,20035,40035,50035,Cliente_018,CLI018,Producto_009,Configuracion_004,30004,Desbacterizacion (Vegetales),4.0,7,7,SYS_000563,TAG_000563,9,MODE_B - Config demo,4.0,2,1,4.0,0.025,8.0,0.05,7:33:00 a.m.,8:28:00 a.m.,00:55:00,,Operador_03
13-ago-27,Operador_03,Completado,10055,TIN_000035,20035,40035,50035,Cliente_018,CLI018,Producto_009,Configuracion_004,30004,Desbacterizacion (Vegetales),4.0,8,8,SYS_000564,TAG_000564,9,MODE_B - Config demo,4.0,2,1,4.0,0.025,8.0,0.05,7:33:00 a.m.,8:28:00 a.m.,00:55:00,,Operador_01
13-ago-27,Operador_04,Completado,10055,TIN_000035,20035,40035,50035,Cliente_018,CLI018,Producto_009,Configuracion_004,30004,Desbacterizacion (Vegetales),4.0,9,9,SYS_000565,TAG_000565,9,MODE_B - Config demo,4.0,2,1,4.0,0.025,8.0,0.05,7:33:00 a.m.,8:28:00 a.m.,00:55:00,,Operador_01
10-ago-27,Operador_02,Completado,10056,TIN_000036,20036,40036,50036,Cliente_005,CLI005,Producto_006,Configuracion_005,30005,Fitosanitario 150 Gy,0.3,1,1,SYS_000566,TAG_000566,11,MODE_B - Config demo,0.3,2,1,0.3,0.025,8.0,0.667,8:30:00 a.m.,9:34:00 a.m.,01:04:00,Desviacion_demo_10056,Operador_02
10-ago-27,Operador_01,Completado,10056,TIN_000036,20036,40036,50036,Cliente_005,CLI005,Producto_006,Configuracion_005,30005,Fitosanitario 150 Gy,0.3,2,2,SYS_000567,TAG_000567,11,MODE_B - Config demo,0.3,2,1,0.3,0.025,8.0,0.667,8:30:00 a.m.,9:34:00 a.m.,01:04:00,Desviacion_demo_10056,Operador_03
10-ago-27,Operador_01,Completado,10056,TIN_000036,20036,40036,50036,Cliente_005,CLI005,Producto_006,Configuracion_005,30005,Fitosanitario 150 Gy,0.3,3,3,SYS_000568,TAG_000568,11,MODE_B - Config demo,0.3,2,1,0.3,0.025,8.0,0.667,8:30:00 a.m.,9:34:00 a.m.,01:04:00,Desviacion_demo_10056,Operador_05
10-ago-27,Operador_01,Completado,10056,TIN_000036,20036,40036,50036,Cliente_005,CLI005,Producto_006,Configuracion_005,30005,Fitosanitario 150 Gy,0.3,4,4,SYS_000569,TAG_000569,11,MODE_B - Config demo,0.3,2,1,0.3,0.025,8.0,0.667,8:30:00 a.m.,9:34:00 a.m.,01:04:00,Desviacion_demo_10056,Operador_01
10-ago-27,Operador_03,Completado,10056,TIN_000036,20036,40036,50036,Cliente_005,CLI005,Producto_006,Configuracion_005,30005,Fitosanitario 150 Gy,0.3,5,5,SYS_000570,TAG_000570,11,MODE_B - Config demo,0.3,2,1,0.3,0.025,8.0,0.667,8:30:00 a.m.,9:34:00 a.m.,01:04:00,Desviacion_demo_10056,Operador_01
10-ago-27,Operador_04,Completado,10056,TIN_000036,20036,40036,50036,Cliente_005,CLI005,Producto_006,Configuracion_005,30005,Fitosanitario 150 Gy,0.3,6,6,SYS_000571,TAG_000571,11,MODE_B - Config demo,0.3,2,1,0.3,0.025,8.0,0.667,8:30:00 a.m.,9:34:00 a.m.,01:04:00,Desviacion_demo_10056,Operador_02
10-ago-27,Operador_01,Completado,10056,TIN_000036,20036,40036,50036,Cliente_005,CLI005,Producto_006,Configuracion_005,30005,Fitosanitario 150 Gy,0.3,7,7,SYS_000572,TAG_000572,11,MODE_B - Config demo,0.3,2,1,0.3,0.025,8.0,0.667,8:30:00 a.m.,9:34:00 a.m.,01:04:00,Desviacion_demo_10056,Operador_04
10-ago-27,Operador_01,Completado,10056,TIN_000036,20036,40036,50036,Cliente_005,CLI005,Producto_006,Configuracion_005,30005,Fitosanitario 150 Gy,0.3,8,8,SYS_000573,TAG_000573,11,MODE_B - Config demo,0.3,2,1,0.3,0.025,8.0,0.667,8:30:00 a.m.,9:34:00 a.m.,01:04:00,Desviacion_demo_10056,Operador_04
10-ago-27,Operador_04,Completado,10056,TIN_000036,20036,40036,50036,Cliente_005,CLI005,Producto_006,Configuracion_005,30005,Fitosanitario 150 Gy,0.3,9,9,SYS_000574,TAG_000574,11,MODE_B - Config demo,0.3,2,1,0.3,0.025,8.0,0.667,8:30:00 a.m.,9:34:00 a.m.,01:04:00,Desviacion_demo_10056,Operador_02
10-ago-27,Operador_04,Completado,10056,TIN_000036,20036,40036,50036,Cliente_005,CLI005,Producto_006,Configuracion_005,30005,Fitosanitario 150 Gy,0.3,10,10,SYS_000575,TAG_000575,11,MODE_B - Config demo,0.3,2,1,0.3,0.025,8.0,0.667,8:30:00 a.m.,9:34:00 a.m.,01:04:00,Desviacion_demo_10056,Operador_01
10-ago-27,Operador_05,Completado,10056,TIN_000036,20036,40036,50036,Cliente_005,CLI005,Producto_006,Configuracion_005,30005,Fitosanitario 150 Gy,0.3,11,11,SYS_000576,TAG_000576,11,MODE_B - Config demo,0.3,2,1,0.3,0.025,8.0,0.667,8:30:00 a.m.,9:34:00 a.m.,01:04:00,Desviacion_demo_10056,Operador_05
26-ago-27,Operador_01,Completado,10057,TIN_000037,20037,40037,50037,Cliente_008,CLI008,Producto_006,Configuracion_006,30006,Fitosanitario 400 Gy,0.6,1,1,SYS_000577,TAG_000577,20,MODE_B - Config demo,0.3,2,2,0.3,0.025,8.0,0.667,7:05:00 a.m.,8:48:00 a.m.,01:43:00,,Operador_03
26-ago-27,Operador_05,Completado,10057,TIN_000037,20037,40037,50037,Cliente_008,CLI008,Producto_006,Configuracion_006,30006,Fitosanitario 400 Gy,0.6,2,2,SYS_000578,TAG_000578,20,MODE_B - Config demo,0.3,2,2,0.3,0.025,8.0,0.667,7:05:00 a.m.,8:48:00 a.m.,01:43:00,,Operador_03
26-ago-27,Operador_02,Completado,10057,TIN_000037,20037,40037,50037,Cliente_008,CLI008,Producto_006,Configuracion_006,30006,Fitosanitario 400 Gy,0.6,3,3,SYS_000579,TAG_000579,20,MODE_B - Config demo,0.3,2,2,0.3,0.025,8.0,0.667,7:05:00 a.m.,8:48:00 a.m.,01:43:00,,Operador_01
26-ago-27,Operador_02,Completado,10057,TIN_000037,20037,40037,50037,Cliente_008,CLI008,Producto_006,Configuracion_006,30006,Fitosanitario 400 Gy,0.6,4,4,SYS_000580,TAG_000580,20,MODE_B - Config demo,0.3,2,2,0.3,0.025,8.0,0.667,7:05:00 a.m.,8:48:00 a.m.,01:43:00,,Operador_05
26-ago-27,Operador_03,Completado,10057,TIN_000037,20037,40037,50037,Cliente_008,CLI008,Producto_006,Configuracion_006,30006,Fitosanitario 400 Gy,0.6,5,5,SYS_000581,TAG_000581,20,MODE_B - Config demo,0.3,2,2,0.3,0.025,8.0,0.667,7:05:00 a.m.,8:48:00 a.m.,01:43:00,,Operador_03
26-ago-27,Operador_04,Completado,10057,TIN_000037,20037,40037,50037,Cliente_008,CLI008,Producto_006,Configuracion_006,30006,Fitosanitario 400 Gy,0.6,6,6,SYS_000582,TAG_000582,20,MODE_B - Config demo,0.3,2,2,0.3,0.025,8.0,0.667,7:05:00 a.m.,8:48:00 a.m.,01:43:00,,Operador_03
26-ago-27,Operador_03,Completado,10057,TIN_000037,20037,40037,50037,Cliente_008,CLI008,Producto_006,Configuracion_006,30006,Fitosanitario 400 Gy,0.6,7,7,SYS_000583,TAG_000583,20,MODE_B - Config demo,0.3,2,2,0.3,0.025,8.0,0.667,7:05:00 a.m.,8:48:00 a.m.,01:43:00,,Operador_01
26-ago-27,Operador_03,Completado,10057,TIN_000037,20037,40037,50037,Cliente_008,CLI008,Producto_006,Configuracion_006,30006,Fitosanitario 400 Gy,0.6,8,8,SYS_000584,TAG_000584,20,MODE_B - Config demo,0.3,2,2,0.3,0.025,8.0,0.667,7:05:00 a.m.,8:48:00 a.m.,01:43:00,,Operador_02
26-ago-27,Operador_02,Completado,10057,TIN_000037,20037,40037,50037,Cliente_008,CLI008,Producto_006,Configuracion_006,30006,Fitosanitario 400 Gy,0.6,9,9,SYS_000585,TAG_000585,20,MODE_B - Config demo,0.3,2,2,0.3,0.025,8.0,0.667,7:05:00 a.m.,8:48:00 a.m.,01:43:00,,Operador_02
26-ago-27,Operador_01,Completado,10057,TIN_000037,20037,40037,50037,Cliente_008,CLI008,Producto_006,Configuracion_006,30006,Fitosanitario 400 Gy,0.6,10,10,SYS_000586,TAG_000586,20,MODE_B - Config demo,0.3,2,2,0.3,0.025,8.0,0.667,7:05:00 a.m.,8:48:00 a.m.,01:43:00,,Operador_03
26-ago-27,Operador_01,Completado,10057,TIN_000037,20037,40037,50037,Cliente_008,CLI008,Producto_006,Configuracion_006,30006,Fitosanitario 400 Gy,0.6,11,11,SYS_000587,TAG_000587,20,MODE_B - Config demo,0.3,2,2,0.3,0.025,8.0,0.667,7:05:00 a.m.,8:48:00 a.m.,01:43:00,,Operador_03
26-ago-27,Operador_05,Completado,10057,TIN_000037,20037,40037,50037,Cliente_008,CLI008,Producto_006,Configuracion_006,30006,Fitosanitario 400 Gy,0.6,12,12,SYS_000588,TAG_000588,20,MODE_B - Config demo,0.3,2,2,0.3,0.025,8.0,0.667,7:05:00 a.m.,8:48:00 a.m.,01:43:00,,Operador_05
26-ago-27,Operador_05,Completado,10057,TIN_000037,20037,40037,50037,Cliente_008,CLI008,Producto_006,Configuracion_006,30006,Fitosanitario 400 Gy,0.6,13,1,SYS_000589,TAG_000589,20,MODE_B - Config demo,0.3,2,2,0.3,0.025,8.0,0.667,7:05:00 a.m.,8:48:00 a.m.,01:43:00,,Operador_01
26-ago-27,Operador_05,Completado,10057,TIN_000037,20037,40037,50037,Cliente_008,CLI008,Producto_006,Configuracion_006,30006,Fitosanitario 400 Gy,0.6,14,2,SYS_000590,TAG_000590,20,MODE_B - Config demo,0.3,2,2,0.3,0.025,8.0,0.667,7:05:00 a.m.,8:48:00 a.m.,01:43:00,,Operador_05
26-ago-27,Operador_02,Completado,10057,TIN_000037,20037,40037,50037,Cliente_008,CLI008,Producto_006,Configuracion_006,30006,Fitosanitario 400 Gy,0.6,15,3,SYS_000591,TAG_000591,20,MODE_B - Config demo,0.3,2,2,0.3,0.025,8.0,0.667,7:05:00 a.m.,8:48:00 a.m.,01:43:00,,Operador_02
26-ago-27,Operador_01,Completado,10057,TIN_000037,20037,40037,50037,Cliente_008,CLI008,Producto_006,Configuracion_006,30006,Fitosanitario 400 Gy,0.6,16,4,SYS_000592,TAG_000592,20,MODE_B - Config demo,0.3,2,2,0.3,0.025,8.0,0.667,7:05:00 a.m.,8:48:00 a.m.,01:43:00,,Operador_05
26-ago-27,Operador_03,Completado,10057,TIN_000037,20037,40037,50037,Cliente_008,CLI008,Producto_006,Configuracion_006,30006,Fitosanitario 400 Gy,0.6,17,5,SYS_000593,TAG_000593,20,MODE_B - Config demo,0.3,2,2,0.3,0.025,8.0,0.667,7:05:00 a.m.,8:48:00 a.m.,01:43:00,,Operador_02
26-ago-27,Operador_01,Completado,10057,TIN_000037,20037,40037,50037,Cliente_008,CLI008,Producto_006,Configuracion_006,30006,Fitosanitario 400 Gy,0.6,18,6,SYS_000594,TAG_000594,20,MODE_B - Config demo,0.3,2,2,0.3,0.025,8.0,0.667,7:05:00 a.m.,8:48:00 a.m.,01:43:00,,Operador_03
26-ago-27,Operador_05,Completado,10057,TIN_000037,20037,40037,50037,Cliente_008,CLI008,Producto_006,Configuracion_006,30006,Fitosanitario 400 Gy,0.6,19,7,SYS_000595,TAG_000595,20,MODE_B - Config demo,0.3,2,2,0.3,0.025,8.0,0.667,7:05:00 a.m.,8:48:00 a.m.,01:43:00,,Operador_02
26-ago-27,Operador_04,Completado,10057,TIN_000037,20037,40037,50037,Cliente_008,CLI008,Producto_006,Configuracion_006,30006,Fitosanitario 400 Gy,0.6,20,8,SYS_000596,TAG_000596,20,MODE_B - Config demo,0.3,2,2,0.3,0.025,8.0,0.667,7:05:00 a.m.,8:48:00 a.m.,01:43:00,,Operador_02
08-ago-27,Operador_01,Completado,10058,TIN_000038,20038,40038,50038,Cliente_001,CLI001,Producto_005,Configuracion_007,30007,Desbacterizacion (Vegetales),4.0,1,1,SYS_000597,TAG_000597,17,MODE_A - Config demo,4.0,2,1,4.0,2.5,2.4,1.5,2:58:00 p.m.,4:31:00 p.m.,01:33:00,,Operador_03
08-ago-27,Operador_05,Completado,10058,TIN_000038,20038,40038,50038,Cliente_001,CLI001,Producto_005,Configuracion_007,30007,Desbacterizacion (Vegetales),4.0,2,2,SYS_000598,TAG_000598,17,MODE_A - Config demo,4.0,2,1,4.0,2.5,2.4,1.5,2:58:00 p.m.,4:31:00 p.m.,01:33:00,,Operador_03
08-ago-27,Operador_05,Completado,10058,TIN_000038,20038,40038,50038,Cliente_001,CLI001,Producto_005,Configuracion_007,30007,Desbacterizacion (Vegetales),4.0,3,3,SYS_000599,TAG_000599,17,MODE_A - Config demo,4.0,2,1,4.0,2.5,2.4,1.5,2:58:00 p.m.,4:31:00 p.m.,01:33:00,,Operador_01
08-ago-27,Operador_01,Completado,10058,TIN_000038,20038,40038,50038,Cliente_001,CLI001,Producto_005,Configuracion_007,30007,Desbacterizacion (Vegetales),4.0,4,4,SYS_000600,TAG_000600,17,MODE_A - Config demo,4.0,2,1,4.0,2.5,2.4,1.5,2:58:00 p.m.,4:31:00 p.m.,01:33:00,,Operador_03
08-ago-27,Operador_02,Completado,10058,TIN_000038,20038,40038,50038,Cliente_001,CLI001,Producto_005,Configuracion_007,30007,Desbacterizacion (Vegetales),4.0,5,5,SYS_000601,TAG_000601,17,MODE_A - Config demo,4.0,2,1,4.0,2.5,2.4,1.5,2:58:00 p.m.,4:31:00 p.m.,01:33:00,,Operador_01
08-ago-27,Operador_05,Completado,10058,TIN_000038,20038,40038,50038,Cliente_001,CLI001,Producto_005,Configuracion_007,30007,Desbacterizacion (Vegetales),4.0,6,6,SYS_000602,TAG_000602,17,MODE_A - Config demo,4.0,2,1,4.0,2.5,2.4,1.5,2:58:00 p.m.,4:31:00 p.m.,01:33:00,,Operador_02
08-ago-27,Operador_02,Completado,10058,TIN_000038,20038,40038,50038,Cliente_001,CLI001,Producto_005,Configuracion_007,30007,Desbacterizacion (Vegetales),4.0,7,7,SYS_000603,TAG_000603,17,MODE_A - Config demo,4.0,2,1,4.0,2.5,2.4,1.5,2:58:00 p.m.,4:31:00 p.m.,01:33:00,,Operador_03
08-ago-27,Operador_05,Completado,10058,TIN_000038,20038,40038,50038,Cliente_001,CLI001,Producto_005,Configuracion_007,30007,Desbacterizacion (Vegetales),4.0,8,8,SYS_000604,TAG_000604,17,MODE_A - Config demo,4.0,2,1,4.0,2.5,2.4,1.5,2:58:00 p.m.,4:31:00 p.m.,01:33:00,,Operador_01
08-ago-27,Operador_02,Completado,10058,TIN_000038,20038,40038,50038,Cliente_001,CLI001,Producto_005,Configuracion_007,30007,Desbacterizacion (Vegetales),4.0,9,9,SYS_000605,TAG_000605,17,MODE_A - Config demo,4.0,2,1,4.0,2.5,2.4,1.5,2:58:00 p.m.,4:31:00 p.m.,01:33:00,,Operador_04
08-ago-27,Operador_04,Completado,10058,TIN_000038,20038,40038,50038,Cliente_001,CLI001,Producto_005,Configuracion_007,30007,Desbacterizacion (Vegetales),4.0,10,10,SYS_000606,TAG_000606,17,MODE_A - Config demo,4.0,2,1,4.0,2.5,2.4,1.5,2:58:00 p.m.,4:31:00 p.m.,01:33:00,,Operador_01
08-ago-27,Operador_01,Completado,10058,TIN_000038,20038,40038,50038,Cliente_001,CLI001,Producto_005,Configuracion_007,30007,Desbacterizacion (Vegetales),4.0,11,11,SYS_000607,TAG_000607,17,MODE_A - Config demo,4.0,2,1,4.0,2.5,2.4,1.5,2:58:00 p.m.,4:31:00 p.m.,01:33:00,,Operador_04
08-ago-27,Operador_02,Completado,10058,TIN_000038,20038,40038,50038,Cliente_001,CLI001,Producto_005,Configuracion_007,30007,Desbacterizacion (Vegetales),4.0,12,12,SYS_000608,TAG_000608,17,MODE_A - Config demo,4.0,2,1,4.0,2.5,2.4,1.5,2:58:00 p.m.,4:31:00 p.m.,01:33:00,,Operador_01
08-ago-27,Operador_05,Completado,10058,TIN_000038,20038,40038,50038,Cliente_001,CLI001,Producto_005,Configuracion_007,30007,Desbacterizacion (Vegetales),4.0,13,1,SYS_000609,TAG_000609,17,MODE_A - Config demo,4.0,2,1,4.0,2.5,2.4,1.5,2:58:00 p.m.,4:31:00 p.m.,01:33:00,,Operador_04
08-ago-27,Operador_03,Completado,10058,TIN_000038,20038,40038,50038,Cliente_001,CLI001,Producto_005,Configuracion_007,30007,Desbacterizacion (Vegetales),4.0,14,2,SYS_000610,TAG_000610,17,MODE_A - Config demo,4.0,2,1,4.0,2.5,2.4,1.5,2:58:00 p.m.,4:31:00 p.m.,01:33:00,,Operador_03
08-ago-27,Operador_05,Completado,10058,TIN_000038,20038,40038,50038,Cliente_001,CLI001,Producto_005,Configuracion_007,30007,Desbacterizacion (Vegetales),4.0,15,3,SYS_000611,TAG_000611,17,MODE_A - Config demo,4.0,2,1,4.0,2.5,2.4,1.5,2:58:00 p.m.,4:31:00 p.m.,01:33:00,,Operador_04
08-ago-27,Operador_03,Completado,10058,TIN_000038,20038,40038,50038,Cliente_001,CLI001,Producto_005,Configuracion_007,30007,Desbacterizacion (Vegetales),4.0,16,4,SYS_000612,TAG_000612,17,MODE_A - Config demo,4.0,2,1,4.0,2.5,2.4,1.5,2:58:00 p.m.,4:31:00 p.m.,01:33:00,,Operador_03
08-ago-27,Operador_03,Completado,10058,TIN_000038,20038,40038,50038,Cliente_001,CLI001,Producto_005,Configuracion_007,30007,Desbacterizacion (Vegetales),4.0,17,5,SYS_000613,TAG_000613,17,MODE_A - Config demo,4.0,2,1,4.0,2.5,2.4,1.5,2:58:00 p.m.,4:31:00 p.m.,01:33:00,,Operador_02
14-ago-27,Operador_05,Completado,10059,TIN_000039,20039,40039,50039,Cliente_008,CLI008,Producto_012,Configuracion_008,30008,Desbacterizacion (Chiles secos),3.0,1,1,SYS_000614,TAG_000614,13,MODE_A - Config demo,3.0,2,1,3.0,2.5,2.4,2.0,4:36:00 p.m.,5:25:00 p.m.,00:49:00,Desviacion_demo_10059,Operador_02
14-ago-27,Operador_01,Completado,10059,TIN_000039,20039,40039,50039,Cliente_008,CLI008,Producto_012,Configuracion_008,30008,Desbacterizacion (Chiles secos),3.0,2,2,SYS_000615,TAG_000615,13,MODE_A - Config demo,3.0,2,1,3.0,2.5,2.4,2.0,4:36:00 p.m.,5:25:00 p.m.,00:49:00,Desviacion_demo_10059,Operador_01
14-ago-27,Operador_03,Completado,10059,TIN_000039,20039,40039,50039,Cliente_008,CLI008,Producto_012,Configuracion_008,30008,Desbacterizacion (Chiles secos),3.0,3,3,SYS_000616,TAG_000616,13,MODE_A - Config demo,3.0,2,1,3.0,2.5,2.4,2.0,4:36:00 p.m.,5:25:00 p.m.,00:49:00,Desviacion_demo_10059,Operador_04
14-ago-27,Operador_04,Completado,10059,TIN_000039,20039,40039,50039,Cliente_008,CLI008,Producto_012,Configuracion_008,30008,Desbacterizacion (Chiles secos),3.0,4,4,SYS_000617,TAG_000617,13,MODE_A - Config demo,3.0,2,1,3.0,2.5,2.4,2.0,4:36:00 p.m.,5:25:00 p.m.,00:49:00,Desviacion_demo_10059,Operador_05
14-ago-27,Operador_01,Completado,10059,TIN_000039,20039,40039,50039,Cliente_008,CLI008,Producto_012,Configuracion_008,30008,Desbacterizacion (Chiles secos),3.0,5,5,SYS_000618,TAG_000618,13,MODE_A - Config demo,3.0,2,1,3.0,2.5,2.4,2.0,4:36:00 p.m.,5:25:00 p.m.,00:49:00,Desviacion_demo_10059,Operador_04
14-ago-27,Operador_02,Completado,10059,TIN_000039,20039,40039,50039,Cliente_008,CLI008,Producto_012,Configuracion_008,30008,Desbacterizacion (Chiles secos),3.0,6,6,SYS_000619,TAG_000619,13,MODE_A - Config demo,3.0,2,1,3.0,2.5,2.4,2.0,4:36:00 p.m.,5:25:00 p.m.,00:49:00,Desviacion_demo_10059,Operador_01
14-ago-27,Operador_05,Completado,10059,TIN_000039,20039,40039,50039,Cliente_008,CLI008,Producto_012,Configuracion_008,30008,Desbacterizacion (Chiles secos),3.0,7,7,SYS_000620,TAG_000620,13,MODE_A - Config demo,3.0,2,1,3.0,2.5,2.4,2.0,4:36:00 p.m.,5:25:00 p.m.,00:49:00,Desviacion_demo_10059,Operador_01
14-ago-27,Operador_01,Completado,10060,TIN_000039,20039,40039,50039,Cliente_008,CLI008,Producto_012,Configuracion_008,30008,Desbacterizacion (Chiles secos),3.0,8,1,SYS_000621,TAG_000621,13,MODE_B - Config demo,3.0,2,1,3.0,0.025,8.0,0.067,11:09:00 a.m.,11:56:00 a.m.,00:47:00,Desviacion_demo_10060,Operador_02
14-ago-27,Operador_05,Completado,10060,TIN_000039,20039,40039,50039,Cliente_008,CLI008,Producto_012,Configuracion_008,30008,Desbacterizacion (Chiles secos),3.0,9,2,SYS_000622,TAG_000622,13,MODE_B - Config demo,3.0,2,1,3.0,0.025,8.0,0.067,11:09:00 a.m.,11:56:00 a.m.,00:47:00,Desviacion_demo_10060,Operador_01
14-ago-27,Operador_04,Completado,10060,TIN_000039,20039,40039,50039,Cliente_008,CLI008,Producto_012,Configuracion_008,30008,Desbacterizacion (Chiles secos),3.0,10,3,SYS_000623,TAG_000623,13,MODE_B - Config demo,3.0,2,1,3.0,0.025,8.0,0.067,11:09:00 a.m.,11:56:00 a.m.,00:47:00,Desviacion_demo_10060,Operador_02
14-ago-27,Operador_03,Completado,10060,TIN_000039,20039,40039,50039,Cliente_008,CLI008,Producto_012,Configuracion_008,30008,Desbacterizacion (Chiles secos),3.0,11,4,SYS_000624,TAG_000624,13,MODE_B - Config demo,3.0,2,1,3.0,0.025,8.0,0.067,11:09:00 a.m.,11:56:00 a.m.,00:47:00,Desviacion_demo_10060,Operador_02
14-ago-27,Operador_05,Completado,10060,TIN_000039,20039,40039,50039,Cliente_008,CLI008,Producto_012,Configuracion_008,30008,Desbacterizacion (Chiles secos),3.0,12,5,SYS_000625,TAG_000625,13,MODE_B - Config demo,3.0,2,1,3.0,0.025,8.0,0.067,11:09:00 a.m.,11:56:00 a.m.,00:47:00,Desviacion_demo_10060,Operador_03
14-ago-27,Operador_01,Completado,10060,TIN_000039,20039,40039,50039,Cliente_008,CLI008,Producto_012,Configuracion_008,30008,Desbacterizacion (Chiles secos),3.0,13,6,SYS_000626,TAG_000626,13,MODE_B - Config demo,3.0,2,1,3.0,0.025,8.0,0.067,11:09:00 a.m.,11:56:00 a.m.,00:47:00,Desviacion_demo_10060,Operador_02
24-ago-27,Operador_02,Completado,10061,TIN_000040,20040,40040,50040,Cliente_004,CLI004,Producto_015,Configuracion_001,30001,Desbacterizacion (Otros Y protocolos),1.0,1,1,SYS_000627,TAG_000627,11,MODE_A - Config demo,0.5,2,2,0.5,2.5,2.4,12.0,6:33:00 p.m.,7:41:00 p.m.,01:08:00,,Operador_02
24-ago-27,Operador_04,Completado,10061,TIN_000040,20040,40040,50040,Cliente_004,CLI004,Producto_015,Configuracion_001,30001,Desbacterizacion (Otros Y protocolos),1.0,2,2,SYS_000628,TAG_000628,11,MODE_A - Config demo,0.5,2,2,0.5,2.5,2.4,12.0,6:33:00 p.m.,7:41:00 p.m.,01:08:00,,Operador_05
24-ago-27,Operador_02,Completado,10061,TIN_000040,20040,40040,50040,Cliente_004,CLI004,Producto_015,Configuracion_001,30001,Desbacterizacion (Otros Y protocolos),1.0,3,3,SYS_000629,TAG_000629,11,MODE_A - Config demo,0.5,2,2,0.5,2.5,2.4,12.0,6:33:00 p.m.,7:41:00 p.m.,01:08:00,,Operador_01
24-ago-27,Operador_02,Completado,10061,TIN_000040,20040,40040,50040,Cliente_004,CLI004,Producto_015,Configuracion_001,30001,Desbacterizacion (Otros Y protocolos),1.0,4,4,SYS_000630,TAG_000630,11,MODE_A - Config demo,0.5,2,2,0.5,2.5,2.4,12.0,6:33:00 p.m.,7:41:00 p.m.,01:08:00,,Operador_05
24-ago-27,Operador_01,Completado,10061,TIN_000040,20040,40040,50040,Cliente_004,CLI004,Producto_015,Configuracion_001,30001,Desbacterizacion (Otros Y protocolos),1.0,5,5,SYS_000631,TAG_000631,11,MODE_A - Config demo,0.5,2,2,0.5,2.5,2.4,12.0,6:33:00 p.m.,7:41:00 p.m.,01:08:00,,Operador_02
24-ago-27,Operador_01,Completado,10061,TIN_000040,20040,40040,50040,Cliente_004,CLI004,Producto_015,Configuracion_001,30001,Desbacterizacion (Otros Y protocolos),1.0,6,6,SYS_000632,TAG_000632,11,MODE_A - Config demo,0.5,2,2,0.5,2.5,2.4,12.0,6:33:00 p.m.,7:41:00 p.m.,01:08:00,,Operador_04
24-ago-27,Operador_01,Completado,10061,TIN_000040,20040,40040,50040,Cliente_004,CLI004,Producto_015,Configuracion_001,30001,Desbacterizacion (Otros Y protocolos),1.0,7,7,SYS_000633,TAG_000633,11,MODE_A - Config demo,0.5,2,2,0.5,2.5,2.4,12.0,6:33:00 p.m.,7:41:00 p.m.,01:08:00,,Operador_02
24-ago-27,Operador_02,Completado,10061,TIN_000040,20040,40040,50040,Cliente_004,CLI004,Producto_015,Configuracion_001,30001,Desbacterizacion (Otros Y protocolos),1.0,8,8,SYS_000634,TAG_000634,11,MODE_A - Config demo,0.5,2,2,0.5,2.5,2.4,12.0,6:33:00 p.m.,7:41:00 p.m.,01:08:00,,Operador_01
24-ago-27,Operador_05,Completado,10061,TIN_000040,20040,40040,50040,Cliente_004,CLI004,Producto_015,Configuracion_001,30001,Desbacterizacion (Otros Y protocolos),1.0,9,9,SYS_000635,TAG_000635,11,MODE_A - Config demo,0.5,2,2,0.5,2.5,2.4,12.0,6:33:00 p.m.,7:41:00 p.m.,01:08:00,,Operador_02
24-ago-27,Operador_05,Completado,10061,TIN_000040,20040,40040,50040,Cliente_004,CLI004,Producto_015,Configuracion_001,30001,Desbacterizacion (Otros Y protocolos),1.0,10,10,SYS_000636,TAG_000636,11,MODE_A - Config demo,0.5,2,2,0.5,2.5,2.4,12.0,6:33:00 p.m.,7:41:00 p.m.,01:08:00,,Operador_03
24-ago-27,Operador_01,Completado,10061,TIN_000040,20040,40040,50040,Cliente_004,CLI004,Producto_015,Configuracion_001,30001,Desbacterizacion (Otros Y protocolos),1.0,11,11,SYS_000637,TAG_000637,11,MODE_A - Config demo,0.5,2,2,0.5,2.5,2.4,12.0,6:33:00 p.m.,7:41:00 p.m.,01:08:00,,Operador_01
11-ago-27,Operador_05,Completado,10062,TIN_000041,20041,40041,50041,Cliente_001,CLI001,Producto_013,Configuracion_002,30002,Desbacterizacion (Chiles secos),1.0,1,1,SYS_000638,TAG_000638,8,MODE_A - Config demo,1.0,2,1,1.0,2.5,2.4,6.0,12:29:00 p.m.,1:21:00 p.m.,00:52:00,,Operador_03
11-ago-27,Operador_04,Completado,10062,TIN_000041,20041,40041,50041,Cliente_001,CLI001,Producto_013,Configuracion_002,30002,Desbacterizacion (Chiles secos),1.0,2,2,SYS_000639,TAG_000639,8,MODE_A - Config demo,1.0,2,1,1.0,2.5,2.4,6.0,12:29:00 p.m.,1:21:00 p.m.,00:52:00,,Operador_03
11-ago-27,Operador_01,Completado,10062,TIN_000041,20041,40041,50041,Cliente_001,CLI001,Producto_013,Configuracion_002,30002,Desbacterizacion (Chiles secos),1.0,3,3,SYS_000640,TAG_000640,8,MODE_A - Config demo,1.0,2,1,1.0,2.5,2.4,6.0,12:29:00 p.m.,1:21:00 p.m.,00:52:00,,Operador_04
11-ago-27,Operador_03,Completado,10062,TIN_000041,20041,40041,50041,Cliente_001,CLI001,Producto_013,Configuracion_002,30002,Desbacterizacion (Chiles secos),1.0,4,4,SYS_000641,TAG_000641,8,MODE_A - Config demo,1.0,2,1,1.0,2.5,2.4,6.0,12:29:00 p.m.,1:21:00 p.m.,00:52:00,,Operador_02
11-ago-27,Operador_01,Completado,10062,TIN_000041,20041,40041,50041,Cliente_001,CLI001,Producto_013,Configuracion_002,30002,Desbacterizacion (Chiles secos),1.0,5,5,SYS_000642,TAG_000642,8,MODE_A - Config demo,1.0,2,1,1.0,2.5,2.4,6.0,12:29:00 p.m.,1:21:00 p.m.,00:52:00,,Operador_02
11-ago-27,Operador_03,Completado,10062,TIN_000041,20041,40041,50041,Cliente_001,CLI001,Producto_013,Configuracion_002,30002,Desbacterizacion (Chiles secos),1.0,6,6,SYS_000643,TAG_000643,8,MODE_A - Config demo,1.0,2,1,1.0,2.5,2.4,6.0,12:29:00 p.m.,1:21:00 p.m.,00:52:00,,Operador_04
11-ago-27,Operador_02,Completado,10062,TIN_000041,20041,40041,50041,Cliente_001,CLI001,Producto_013,Configuracion_002,30002,Desbacterizacion (Chiles secos),1.0,7,7,SYS_000644,TAG_000644,8,MODE_A - Config demo,1.0,2,1,1.0,2.5,2.4,6.0,12:29:00 p.m.,1:21:00 p.m.,00:52:00,,Operador_01
11-ago-27,Operador_02,Completado,10062,TIN_000041,20041,40041,50041,Cliente_001,CLI001,Producto_013,Configuracion_002,30002,Desbacterizacion (Chiles secos),1.0,8,8,SYS_000645,TAG_000645,8,MODE_A - Config demo,1.0,2,1,1.0,2.5,2.4,6.0,12:29:00 p.m.,1:21:00 p.m.,00:52:00,,Operador_01
31-ago-27,Operador_05,Completado,10063,TIN_000042,20042,40042,50042,Cliente_016,CLI016,Producto_013,Configuracion_003,30003,Fitosanitario 400 Gy,0.65,1,1,SYS_000646,TAG_000646,6,MODE_A - Config demo,0.325,2,2,0.325,2.5,2.4,18.462,10:08:00 a.m.,10:42:00 a.m.,00:34:00,,Operador_04
31-ago-27,Operador_02,Completado,10063,TIN_000042,20042,40042,50042,Cliente_016,CLI016,Producto_013,Configuracion_003,30003,Fitosanitario 400 Gy,0.65,2,2,SYS_000647,TAG_000647,6,MODE_A - Config demo,0.325,2,2,0.325,2.5,2.4,18.462,10:08:00 a.m.,10:42:00 a.m.,00:34:00,,Operador_03
31-ago-27,Operador_01,Completado,10063,TIN_000042,20042,40042,50042,Cliente_016,CLI016,Producto_013,Configuracion_003,30003,Fitosanitario 400 Gy,0.65,3,3,SYS_000648,TAG_000648,6,MODE_A - Config demo,0.325,2,2,0.325,2.5,2.4,18.462,10:08:00 a.m.,10:42:00 a.m.,00:34:00,,Operador_03
31-ago-27,Operador_01,Completado,10064,TIN_000042,20042,40042,50042,Cliente_016,CLI016,Producto_013,Configuracion_003,30003,Fitosanitario 400 Gy,0.65,4,1,SYS_000649,TAG_000649,6,MODE_A - Config demo,0.65,2,1,0.65,2.5,2.4,9.231,9:09:00 a.m.,9:56:00 a.m.,00:47:00,,Operador_02
31-ago-27,Operador_01,Completado,10064,TIN_000042,20042,40042,50042,Cliente_016,CLI016,Producto_013,Configuracion_003,30003,Fitosanitario 400 Gy,0.65,5,2,SYS_000650,TAG_000650,6,MODE_A - Config demo,0.65,2,1,0.65,2.5,2.4,9.231,9:09:00 a.m.,9:56:00 a.m.,00:47:00,,Operador_04
31-ago-27,Operador_02,Completado,10064,TIN_000042,20042,40042,50042,Cliente_016,CLI016,Producto_013,Configuracion_003,30003,Fitosanitario 400 Gy,0.65,6,3,SYS_000651,TAG_000651,6,MODE_A - Config demo,0.65,2,1,0.65,2.5,2.4,9.231,9:09:00 a.m.,9:56:00 a.m.,00:47:00,,Operador_02
02-ago-27,Operador_04,Completado,10065,TIN_000043,20043,40043,50043,Cliente_015,CLI015,Producto_010,Configuracion_004,30004,Fitosanitario 150 Gy,0.32,1,1,SYS_000652,TAG_000652,14,MODE_B - Config demo,0.16,2,2,0.16,0.025,8.0,1.25,6:15:00 p.m.,7:01:00 p.m.,00:46:00,,Operador_01
02-ago-27,Operador_02,Completado,10065,TIN_000043,20043,40043,50043,Cliente_015,CLI015,Producto_010,Configuracion_004,30004,Fitosanitario 150 Gy,0.32,2,2,SYS_000653,TAG_000653,14,MODE_B - Config demo,0.16,2,2,0.16,0.025,8.0,1.25,6:15:00 p.m.,7:01:00 p.m.,00:46:00,,Operador_04
02-ago-27,Operador_03,Completado,10065,TIN_000043,20043,40043,50043,Cliente_015,CLI015,Producto_010,Configuracion_004,30004,Fitosanitario 150 Gy,0.32,3,3,SYS_000654,TAG_000654,14,MODE_B - Config demo,0.16,2,2,0.16,0.025,8.0,1.25,6:15:00 p.m.,7:01:00 p.m.,00:46:00,,Operador_03
02-ago-27,Operador_03,Completado,10065,TIN_000043,20043,40043,50043,Cliente_015,CLI015,Producto_010,Configuracion_004,30004,Fitosanitario 150 Gy,0.32,4,4,SYS_000655,TAG_000655,14,MODE_B - Config demo,0.16,2,2,0.16,0.025,8.0,1.25,6:15:00 p.m.,7:01:00 p.m.,00:46:00,,Operador_05
02-ago-27,Operador_02,Completado,10065,TIN_000043,20043,40043,50043,Cliente_015,CLI015,Producto_010,Configuracion_004,30004,Fitosanitario 150 Gy,0.32,5,5,SYS_000656,TAG_000656,14,MODE_B - Config demo,0.16,2,2,0.16,0.025,8.0,1.25,6:15:00 p.m.,7:01:00 p.m.,00:46:00,,Operador_01
02-ago-27,Operador_03,Completado,10065,TIN_000043,20043,40043,50043,Cliente_015,CLI015,Producto_010,Configuracion_004,30004,Fitosanitario 150 Gy,0.32,6,6,SYS_000657,TAG_000657,14,MODE_B - Config demo,0.16,2,2,0.16,0.025,8.0,1.25,6:15:00 p.m.,7:01:00 p.m.,00:46:00,,Operador_03
02-ago-27,Operador_02,Completado,10065,TIN_000043,20043,40043,50043,Cliente_015,CLI015,Producto_010,Configuracion_004,30004,Fitosanitario 150 Gy,0.32,7,7,SYS_000658,TAG_000658,14,MODE_B - Config demo,0.16,2,2,0.16,0.025,8.0,1.25,6:15:00 p.m.,7:01:00 p.m.,00:46:00,,Operador_05
02-ago-27,Operador_01,Completado,10066,TIN_000043,20043,40043,50043,Cliente_015,CLI015,Producto_010,Configuracion_004,30004,Fitosanitario 150 Gy,0.32,8,1,SYS_000659,TAG_000659,14,MODE_B - Config demo,0.32,2,1,0.32,0.025,8.0,0.625,7:56:00 a.m.,8:59:00 a.m.,01:03:00,,Operador_02
02-ago-27,Operador_03,Completado,10066,TIN_000043,20043,40043,50043,Cliente_015,CLI015,Producto_010,Configuracion_004,30004,Fitosanitario 150 Gy,0.32,9,2,SYS_000660,TAG_000660,14,MODE_B - Config demo,0.32,2,1,0.32,0.025,8.0,0.625,7:56:00 a.m.,8:59:00 a.m.,01:03:00,,Operador_02
02-ago-27,Operador_04,Completado,10066,TIN_000043,20043,40043,50043,Cliente_015,CLI015,Producto_010,Configuracion_004,30004,Fitosanitario 150 Gy,0.32,10,3,SYS_000661,TAG_000661,14,MODE_B - Config demo,0.32,2,1,0.32,0.025,8.0,0.625,7:56:00 a.m.,8:59:00 a.m.,01:03:00,,Operador_04
02-ago-27,Operador_04,Completado,10066,TIN_000043,20043,40043,50043,Cliente_015,CLI015,Producto_010,Configuracion_004,30004,Fitosanitario 150 Gy,0.32,11,4,SYS_000662,TAG_000662,14,MODE_B - Config demo,0.32,2,1,0.32,0.025,8.0,0.625,7:56:00 a.m.,8:59:00 a.m.,01:03:00,,Operador_02
02-ago-27,Operador_01,Completado,10066,TIN_000043,20043,40043,50043,Cliente_015,CLI015,Producto_010,Configuracion_004,30004,Fitosanitario 150 Gy,0.32,12,5,SYS_000663,TAG_000663,14,MODE_B - Config demo,0.32,2,1,0.32,0.025,8.0,0.625,7:56:00 a.m.,8:59:00 a.m.,01:03:00,,Operador_02
02-ago-27,Operador_01,Completado,10066,TIN_000043,20043,40043,50043,Cliente_015,CLI015,Producto_010,Configuracion_004,30004,Fitosanitario 150 Gy,0.32,13,6,SYS_000664,TAG_000664,14,MODE_B - Config demo,0.32,2,1,0.32,0.025,8.0,0.625,7:56:00 a.m.,8:59:00 a.m.,01:03:00,,Operador_05
02-ago-27,Operador_05,Completado,10066,TIN_000043,20043,40043,50043,Cliente_015,CLI015,Producto_010,Configuracion_004,30004,Fitosanitario 150 Gy,0.32,14,7,SYS_000665,TAG_000665,14,MODE_B - Config demo,0.32,2,1,0.32,0.025,8.0,0.625,7:56:00 a.m.,8:59:00 a.m.,01:03:00,,Operador_05
31-ago-27,Operador_02,Completado,10067,TIN_000044,20044,40044,50044,Cliente_018,CLI018,Producto_013,Configuracion_005,30005,Fitosanitario 150 Gy,0.28,1,1,SYS_000666,TAG_000666,19,MODE_B - Config demo,0.28,2,1,0.28,0.025,8.0,0.714,2:47:00 p.m.,4:14:00 p.m.,01:27:00,,Operador_01
31-ago-27,Operador_03,Completado,10067,TIN_000044,20044,40044,50044,Cliente_018,CLI018,Producto_013,Configuracion_005,30005,Fitosanitario 150 Gy,0.28,2,2,SYS_000667,TAG_000667,19,MODE_B - Config demo,0.28,2,1,0.28,0.025,8.0,0.714,2:47:00 p.m.,4:14:00 p.m.,01:27:00,,Operador_02
31-ago-27,Operador_04,Completado,10067,TIN_000044,20044,40044,50044,Cliente_018,CLI018,Producto_013,Configuracion_005,30005,Fitosanitario 150 Gy,0.28,3,3,SYS_000668,TAG_000668,19,MODE_B - Config demo,0.28,2,1,0.28,0.025,8.0,0.714,2:47:00 p.m.,4:14:00 p.m.,01:27:00,,Operador_04
31-ago-27,Operador_05,Completado,10067,TIN_000044,20044,40044,50044,Cliente_018,CLI018,Producto_013,Configuracion_005,30005,Fitosanitario 150 Gy,0.28,4,4,SYS_000669,TAG_000669,19,MODE_B - Config demo,0.28,2,1,0.28,0.025,8.0,0.714,2:47:00 p.m.,4:14:00 p.m.,01:27:00,,Operador_02
31-ago-27,Operador_01,Completado,10067,TIN_000044,20044,40044,50044,Cliente_018,CLI018,Producto_013,Configuracion_005,30005,Fitosanitario 150 Gy,0.28,5,5,SYS_000670,TAG_000670,19,MODE_B - Config demo,0.28,2,1,0.28,0.025,8.0,0.714,2:47:00 p.m.,4:14:00 p.m.,01:27:00,,Operador_02
31-ago-27,Operador_02,Completado,10067,TIN_000044,20044,40044,50044,Cliente_018,CLI018,Producto_013,Configuracion_005,30005,Fitosanitario 150 Gy,0.28,6,6,SYS_000671,TAG_000671,19,MODE_B - Config demo,0.28,2,1,0.28,0.025,8.0,0.714,2:47:00 p.m.,4:14:00 p.m.,01:27:00,,Operador_01
31-ago-27,Operador_03,Completado,10067,TIN_000044,20044,40044,50044,Cliente_018,CLI018,Producto_013,Configuracion_005,30005,Fitosanitario 150 Gy,0.28,7,7,SYS_000672,TAG_000672,19,MODE_B - Config demo,0.28,2,1,0.28,0.025,8.0,0.714,2:47:00 p.m.,4:14:00 p.m.,01:27:00,,Operador_04
31-ago-27,Operador_02,Completado,10067,TIN_000044,20044,40044,50044,Cliente_018,CLI018,Producto_013,Configuracion_005,30005,Fitosanitario 150 Gy,0.28,8,8,SYS_000673,TAG_000673,19,MODE_B - Config demo,0.28,2,1,0.28,0.025,8.0,0.714,2:47:00 p.m.,4:14:00 p.m.,01:27:00,,Operador_02
31-ago-27,Operador_03,Completado,10067,TIN_000044,20044,40044,50044,Cliente_018,CLI018,Producto_013,Configuracion_005,30005,Fitosanitario 150 Gy,0.28,9,9,SYS_000674,TAG_000674,19,MODE_B - Config demo,0.28,2,1,0.28,0.025,8.0,0.714,2:47:00 p.m.,4:14:00 p.m.,01:27:00,,Operador_01
31-ago-27,Operador_04,Completado,10067,TIN_000044,20044,40044,50044,Cliente_018,CLI018,Producto_013,Configuracion_005,30005,Fitosanitario 150 Gy,0.28,10,10,SYS_000675,TAG_000675,19,MODE_B - Config demo,0.28,2,1,0.28,0.025,8.0,0.714,2:47:00 p.m.,4:14:00 p.m.,01:27:00,,Operador_02
31-ago-27,Operador_04,Completado,10067,TIN_000044,20044,40044,50044,Cliente_018,CLI018,Producto_013,Configuracion_005,30005,Fitosanitario 150 Gy,0.28,11,11,SYS_000676,TAG_000676,19,MODE_B - Config demo,0.28,2,1,0.28,0.025,8.0,0.714,2:47:00 p.m.,4:14:00 p.m.,01:27:00,,Operador_04
31-ago-27,Operador_04,Completado,10067,TIN_000044,20044,40044,50044,Cliente_018,CLI018,Producto_013,Configuracion_005,30005,Fitosanitario 150 Gy,0.28,12,12,SYS_000677,TAG_000677,19,MODE_B - Config demo,0.28,2,1,0.28,0.025,8.0,0.714,2:47:00 p.m.,4:14:00 p.m.,01:27:00,,Operador_03
31-ago-27,Operador_01,Completado,10067,TIN_000044,20044,40044,50044,Cliente_018,CLI018,Producto_013,Configuracion_005,30005,Fitosanitario 150 Gy,0.28,13,1,SYS_000678,TAG_000678,19,MODE_B - Config demo,0.28,2,1,0.28,0.025,8.0,0.714,2:47:00 p.m.,4:14:00 p.m.,01:27:00,,Operador_01
31-ago-27,Operador_01,Completado,10067,TIN_000044,20044,40044,50044,Cliente_018,CLI018,Producto_013,Configuracion_005,30005,Fitosanitario 150 Gy,0.28,14,2,SYS_000679,TAG_000679,19,MODE_B - Config demo,0.28,2,1,0.28,0.025,8.0,0.714,2:47:00 p.m.,4:14:00 p.m.,01:27:00,,Operador_01
31-ago-27,Operador_05,Completado,10067,TIN_000044,20044,40044,50044,Cliente_018,CLI018,Producto_013,Configuracion_005,30005,Fitosanitario 150 Gy,0.28,15,3,SYS_000680,TAG_000680,19,MODE_B - Config demo,0.28,2,1,0.28,0.025,8.0,0.714,2:47:00 p.m.,4:14:00 p.m.,01:27:00,,Operador_01
31-ago-27,Operador_03,Completado,10067,TIN_000044,20044,40044,50044,Cliente_018,CLI018,Producto_013,Configuracion_005,30005,Fitosanitario 150 Gy,0.28,16,4,SYS_000681,TAG_000681,19,MODE_B - Config demo,0.28,2,1,0.28,0.025,8.0,0.714,2:47:00 p.m.,4:14:00 p.m.,01:27:00,,Operador_03
31-ago-27,Operador_04,Completado,10067,TIN_000044,20044,40044,50044,Cliente_018,CLI018,Producto_013,Configuracion_005,30005,Fitosanitario 150 Gy,0.28,17,5,SYS_000682,TAG_000682,19,MODE_B - Config demo,0.28,2,1,0.28,0.025,8.0,0.714,2:47:00 p.m.,4:14:00 p.m.,01:27:00,,Operador_01
31-ago-27,Operador_01,Completado,10067,TIN_000044,20044,40044,50044,Cliente_018,CLI018,Producto_013,Configuracion_005,30005,Fitosanitario 150 Gy,0.28,18,6,SYS_000683,TAG_000683,19,MODE_B - Config demo,0.28,2,1,0.28,0.025,8.0,0.714,2:47:00 p.m.,4:14:00 p.m.,01:27:00,,Operador_05
31-ago-27,Operador_04,Completado,10067,TIN_000044,20044,40044,50044,Cliente_018,CLI018,Producto_013,Configuracion_005,30005,Fitosanitario 150 Gy,0.28,19,7,SYS_000684,TAG_000684,19,MODE_B - Config demo,0.28,2,1,0.28,0.025,8.0,0.714,2:47:00 p.m.,4:14:00 p.m.,01:27:00,,Operador_04
11-ago-27,Operador_05,Completado,10068,TIN_000045,20045,40045,50045,Cliente_012,CLI012,Producto_002,Configuracion_006,30006,Desbacterizacion (Alimento mascotas),1.0,1,1,SYS_000685,TAG_000685,22,MODE_B - Config demo,1.0,2,1,1.0,0.025,8.0,0.2,8:56:00 a.m.,10:46:00 a.m.,01:50:00,,Operador_03
11-ago-27,Operador_03,Completado,10068,TIN_000045,20045,40045,50045,Cliente_012,CLI012,Producto_002,Configuracion_006,30006,Desbacterizacion (Alimento mascotas),1.0,2,2,SYS_000686,TAG_000686,22,MODE_B - Config demo,1.0,2,1,1.0,0.025,8.0,0.2,8:56:00 a.m.,10:46:00 a.m.,01:50:00,,Operador_01
11-ago-27,Operador_01,Completado,10068,TIN_000045,20045,40045,50045,Cliente_012,CLI012,Producto_002,Configuracion_006,30006,Desbacterizacion (Alimento mascotas),1.0,3,3,SYS_000687,TAG_000687,22,MODE_B - Config demo,1.0,2,1,1.0,0.025,8.0,0.2,8:56:00 a.m.,10:46:00 a.m.,01:50:00,,Operador_03
11-ago-27,Operador_02,Completado,10068,TIN_000045,20045,40045,50045,Cliente_012,CLI012,Producto_002,Configuracion_006,30006,Desbacterizacion (Alimento mascotas),1.0,4,4,SYS_000688,TAG_000688,22,MODE_B - Config demo,1.0,2,1,1.0,0.025,8.0,0.2,8:56:00 a.m.,10:46:00 a.m.,01:50:00,,Operador_01
11-ago-27,Operador_04,Completado,10068,TIN_000045,20045,40045,50045,Cliente_012,CLI012,Producto_002,Configuracion_006,30006,Desbacterizacion (Alimento mascotas),1.0,5,5,SYS_000689,TAG_000689,22,MODE_B - Config demo,1.0,2,1,1.0,0.025,8.0,0.2,8:56:00 a.m.,10:46:00 a.m.,01:50:00,,Operador_04
11-ago-27,Operador_01,Completado,10068,TIN_000045,20045,40045,50045,Cliente_012,CLI012,Producto_002,Configuracion_006,30006,Desbacterizacion (Alimento mascotas),1.0,6,6,SYS_000690,TAG_000690,22,MODE_B - Config demo,1.0,2,1,1.0,0.025,8.0,0.2,8:56:00 a.m.,10:46:00 a.m.,01:50:00,,Operador_05
11-ago-27,Operador_02,Completado,10068,TIN_000045,20045,40045,50045,Cliente_012,CLI012,Producto_002,Configuracion_006,30006,Desbacterizacion (Alimento mascotas),1.0,7,7,SYS_000691,TAG_000691,22,MODE_B - Config demo,1.0,2,1,1.0,0.025,8.0,0.2,8:56:00 a.m.,10:46:00 a.m.,01:50:00,,Operador_02
11-ago-27,Operador_01,Completado,10068,TIN_000045,20045,40045,50045,Cliente_012,CLI012,Producto_002,Configuracion_006,30006,Desbacterizacion (Alimento mascotas),1.0,8,8,SYS_000692,TAG_000692,22,MODE_B - Config demo,1.0,2,1,1.0,0.025,8.0,0.2,8:56:00 a.m.,10:46:00 a.m.,01:50:00,,Operador_05
11-ago-27,Operador_05,Completado,10068,TIN_000045,20045,40045,50045,Cliente_012,CLI012,Producto_002,Configuracion_006,30006,Desbacterizacion (Alimento mascotas),1.0,9,9,SYS_000693,TAG_000693,22,MODE_B - Config demo,1.0,2,1,1.0,0.025,8.0,0.2,8:56:00 a.m.,10:46:00 a.m.,01:50:00,,Operador_05
11-ago-27,Operador_01,Completado,10068,TIN_000045,20045,40045,50045,Cliente_012,CLI012,Producto_002,Configuracion_006,30006,Desbacterizacion (Alimento mascotas),1.0,10,10,SYS_000694,TAG_000694,22,MODE_B - Config demo,1.0,2,1,1.0,0.025,8.0,0.2,8:56:00 a.m.,10:46:00 a.m.,01:50:00,,Operador_05
11-ago-27,Operador_01,Completado,10068,TIN_000045,20045,40045,50045,Cliente_012,CLI012,Producto_002,Configuracion_006,30006,Desbacterizacion (Alimento mascotas),1.0,11,11,SYS_000695,TAG_000695,22,MODE_B - Config demo,1.0,2,1,1.0,0.025,8.0,0.2,8:56:00 a.m.,10:46:00 a.m.,01:50:00,,Operador_04
11-ago-27,Operador_04,Completado,10068,TIN_000045,20045,40045,50045,Cliente_012,CLI012,Producto_002,Configuracion_006,30006,Desbacterizacion (Alimento mascotas),1.0,12,12,SYS_000696,TAG_000696,22,MODE_B - Config demo,1.0,2,1,1.0,0.025,8.0,0.2,8:56:00 a.m.,10:46:00 a.m.,01:50:00,,Operador_05
11-ago-27,Operador_03,Completado,10068,TIN_000045,20045,40045,50045,Cliente_012,CLI012,Producto_002,Configuracion_006,30006,Desbacterizacion (Alimento mascotas),1.0,13,1,SYS_000697,TAG_000697,22,MODE_B - Config demo,1.0,2,1,1.0,0.025,8.0,0.2,8:56:00 a.m.,10:46:00 a.m.,01:50:00,,Operador_02
11-ago-27,Operador_04,Completado,10068,TIN_000045,20045,40045,50045,Cliente_012,CLI012,Producto_002,Configuracion_006,30006,Desbacterizacion (Alimento mascotas),1.0,14,2,SYS_000698,TAG_000698,22,MODE_B - Config demo,1.0,2,1,1.0,0.025,8.0,0.2,8:56:00 a.m.,10:46:00 a.m.,01:50:00,,Operador_03
11-ago-27,Operador_01,Completado,10068,TIN_000045,20045,40045,50045,Cliente_012,CLI012,Producto_002,Configuracion_006,30006,Desbacterizacion (Alimento mascotas),1.0,15,3,SYS_000699,TAG_000699,22,MODE_B - Config demo,1.0,2,1,1.0,0.025,8.0,0.2,8:56:00 a.m.,10:46:00 a.m.,01:50:00,,Operador_04
11-ago-27,Operador_04,Completado,10068,TIN_000045,20045,40045,50045,Cliente_012,CLI012,Producto_002,Configuracion_006,30006,Desbacterizacion (Alimento mascotas),1.0,16,4,SYS_000700,TAG_000700,22,MODE_B - Config demo,1.0,2,1,1.0,0.025,8.0,0.2,8:56:00 a.m.,10:46:00 a.m.,01:50:00,,Operador_02
11-ago-27,Operador_04,Completado,10068,TIN_000045,20045,40045,50045,Cliente_012,CLI012,Producto_002,Configuracion_006,30006,Desbacterizacion (Alimento mascotas),1.0,17,5,SYS_000701,TAG_000701,22,MODE_B - Config demo,1.0,2,1,1.0,0.025,8.0,0.2,8:56:00 a.m.,10:46:00 a.m.,01:50:00,,Operador_02
11-ago-27,Operador_03,Completado,10068,TIN_000045,20045,40045,50045,Cliente_012,CLI012,Producto_002,Configuracion_006,30006,Desbacterizacion (Alimento mascotas),1.0,18,6,SYS_000702,TAG_000702,22,MODE_B - Config demo,1.0,2,1,1.0,0.025,8.0,0.2,8:56:00 a.m.,10:46:00 a.m.,01:50:00,,Operador_02
11-ago-27,Operador_04,Completado,10068,TIN_000045,20045,40045,50045,Cliente_012,CLI012,Producto_002,Configuracion_006,30006,Desbacterizacion (Alimento mascotas),1.0,19,7,SYS_000703,TAG_000703,22,MODE_B - Config demo,1.0,2,1,1.0,0.025,8.0,0.2,8:56:00 a.m.,10:46:00 a.m.,01:50:00,,Operador_01
11-ago-27,Operador_01,Completado,10068,TIN_000045,20045,40045,50045,Cliente_012,CLI012,Producto_002,Configuracion_006,30006,Desbacterizacion (Alimento mascotas),1.0,20,8,SYS_000704,TAG_000704,22,MODE_B - Config demo,1.0,2,1,1.0,0.025,8.0,0.2,8:56:00 a.m.,10:46:00 a.m.,01:50:00,,Operador_03
11-ago-27,Operador_04,Completado,10068,TIN_000045,20045,40045,50045,Cliente_012,CLI012,Producto_002,Configuracion_006,30006,Desbacterizacion (Alimento mascotas),1.0,21,9,SYS_000705,TAG_000705,22,MODE_B - Config demo,1.0,2,1,1.0,0.025,8.0,0.2,8:56:00 a.m.,10:46:00 a.m.,01:50:00,,Operador_04
11-ago-27,Operador_01,Completado,10068,TIN_000045,20045,40045,50045,Cliente_012,CLI012,Producto_002,Configuracion_006,30006,Desbacterizacion (Alimento mascotas),1.0,22,10,SYS_000706,TAG_000706,22,MODE_B - Config demo,1.0,2,1,1.0,0.025,8.0,0.2,8:56:00 a.m.,10:46:00 a.m.,01:50:00,,Operador_04
01-ago-27,Operador_05,Completado,10069,TIN_000046,20046,40046,50046,Cliente_001,CLI001,Producto_007,Configuracion_007,30007,Desbacterizacion (Chiles secos),1.0,1,1,SYS_000707,TAG_000707,17,MODE_B - Config demo,1.0,2,1,1.0,0.025,8.0,0.2,9:54:00 a.m.,11:14:00 a.m.,01:20:00,,Operador_02
01-ago-27,Operador_02,Completado,10069,TIN_000046,20046,40046,50046,Cliente_001,CLI001,Producto_007,Configuracion_007,30007,Desbacterizacion (Chiles secos),1.0,2,2,SYS_000708,TAG_000708,17,MODE_B - Config demo,1.0,2,1,1.0,0.025,8.0,0.2,9:54:00 a.m.,11:14:00 a.m.,01:20:00,,Operador_03
01-ago-27,Operador_05,Completado,10069,TIN_000046,20046,40046,50046,Cliente_001,CLI001,Producto_007,Configuracion_007,30007,Desbacterizacion (Chiles secos),1.0,3,3,SYS_000709,TAG_000709,17,MODE_B - Config demo,1.0,2,1,1.0,0.025,8.0,0.2,9:54:00 a.m.,11:14:00 a.m.,01:20:00,,Operador_04
01-ago-27,Operador_01,Completado,10069,TIN_000046,20046,40046,50046,Cliente_001,CLI001,Producto_007,Configuracion_007,30007,Desbacterizacion (Chiles secos),1.0,4,4,SYS_000710,TAG_000710,17,MODE_B - Config demo,1.0,2,1,1.0,0.025,8.0,0.2,9:54:00 a.m.,11:14:00 a.m.,01:20:00,,Operador_05
01-ago-27,Operador_01,Completado,10069,TIN_000046,20046,40046,50046,Cliente_001,CLI001,Producto_007,Configuracion_007,30007,Desbacterizacion (Chiles secos),1.0,5,5,SYS_000711,TAG_000711,17,MODE_B - Config demo,1.0,2,1,1.0,0.025,8.0,0.2,9:54:00 a.m.,11:14:00 a.m.,01:20:00,,Operador_03
01-ago-27,Operador_04,Completado,10069,TIN_000046,20046,40046,50046,Cliente_001,CLI001,Producto_007,Configuracion_007,30007,Desbacterizacion (Chiles secos),1.0,6,6,SYS_000712,TAG_000712,17,MODE_B - Config demo,1.0,2,1,1.0,0.025,8.0,0.2,9:54:00 a.m.,11:14:00 a.m.,01:20:00,,Operador_03
01-ago-27,Operador_03,Completado,10069,TIN_000046,20046,40046,50046,Cliente_001,CLI001,Producto_007,Configuracion_007,30007,Desbacterizacion (Chiles secos),1.0,7,7,SYS_000713,TAG_000713,17,MODE_B - Config demo,1.0,2,1,1.0,0.025,8.0,0.2,9:54:00 a.m.,11:14:00 a.m.,01:20:00,,Operador_04
01-ago-27,Operador_05,Completado,10069,TIN_000046,20046,40046,50046,Cliente_001,CLI001,Producto_007,Configuracion_007,30007,Desbacterizacion (Chiles secos),1.0,8,8,SYS_000714,TAG_000714,17,MODE_B - Config demo,1.0,2,1,1.0,0.025,8.0,0.2,9:54:00 a.m.,11:14:00 a.m.,01:20:00,,Operador_02
01-ago-27,Operador_05,Completado,10069,TIN_000046,20046,40046,50046,Cliente_001,CLI001,Producto_007,Configuracion_007,30007,Desbacterizacion (Chiles secos),1.0,9,9,SYS_000715,TAG_000715,17,MODE_B - Config demo,1.0,2,1,1.0,0.025,8.0,0.2,9:54:00 a.m.,11:14:00 a.m.,01:20:00,,Operador_01
01-ago-27,Operador_05,Completado,10069,TIN_000046,20046,40046,50046,Cliente_001,CLI001,Producto_007,Configuracion_007,30007,Desbacterizacion (Chiles secos),1.0,10,10,SYS_000716,TAG_000716,17,MODE_B - Config demo,1.0,2,1,1.0,0.025,8.0,0.2,9:54:00 a.m.,11:14:00 a.m.,01:20:00,,Operador_02
01-ago-27,Operador_04,Completado,10069,TIN_000046,20046,40046,50046,Cliente_001,CLI001,Producto_007,Configuracion_007,30007,Desbacterizacion (Chiles secos),1.0,11,11,SYS_000717,TAG_000717,17,MODE_B - Config demo,1.0,2,1,1.0,0.025,8.0,0.2,9:54:00 a.m.,11:14:00 a.m.,01:20:00,,Operador_02
01-ago-27,Operador_05,Completado,10069,TIN_000046,20046,40046,50046,Cliente_001,CLI001,Producto_007,Configuracion_007,30007,Desbacterizacion (Chiles secos),1.0,12,12,SYS_000718,TAG_000718,17,MODE_B - Config demo,1.0,2,1,1.0,0.025,8.0,0.2,9:54:00 a.m.,11:14:00 a.m.,01:20:00,,Operador_03
01-ago-27,Operador_04,Completado,10069,TIN_000046,20046,40046,50046,Cliente_001,CLI001,Producto_007,Configuracion_007,30007,Desbacterizacion (Chiles secos),1.0,13,1,SYS_000719,TAG_000719,17,MODE_B - Config demo,1.0,2,1,1.0,0.025,8.0,0.2,9:54:00 a.m.,11:14:00 a.m.,01:20:00,,Operador_02
01-ago-27,Operador_03,Completado,10069,TIN_000046,20046,40046,50046,Cliente_001,CLI001,Producto_007,Configuracion_007,30007,Desbacterizacion (Chiles secos),1.0,14,2,SYS_000720,TAG_000720,17,MODE_B - Config demo,1.0,2,1,1.0,0.025,8.0,0.2,9:54:00 a.m.,11:14:00 a.m.,01:20:00,,Operador_04
01-ago-27,Operador_03,Completado,10069,TIN_000046,20046,40046,50046,Cliente_001,CLI001,Producto_007,Configuracion_007,30007,Desbacterizacion (Chiles secos),1.0,15,3,SYS_000721,TAG_000721,17,MODE_B - Config demo,1.0,2,1,1.0,0.025,8.0,0.2,9:54:00 a.m.,11:14:00 a.m.,01:20:00,,Operador_01
01-ago-27,Operador_05,Completado,10069,TIN_000046,20046,40046,50046,Cliente_001,CLI001,Producto_007,Configuracion_007,30007,Desbacterizacion (Chiles secos),1.0,16,4,SYS_000722,TAG_000722,17,MODE_B - Config demo,1.0,2,1,1.0,0.025,8.0,0.2,9:54:00 a.m.,11:14:00 a.m.,01:20:00,,Operador_02
01-ago-27,Operador_01,Completado,10069,TIN_000046,20046,40046,50046,Cliente_001,CLI001,Producto_007,Configuracion_007,30007,Desbacterizacion (Chiles secos),1.0,17,5,SYS_000723,TAG_000723,17,MODE_B - Config demo,1.0,2,1,1.0,0.025,8.0,0.2,9:54:00 a.m.,11:14:00 a.m.,01:20:00,,Operador_04
28-ago-27,Operador_04,Completado,10070,TIN_000047,20047,40047,50047,Cliente_005,CLI005,Producto_010,Configuracion_008,30008,Fitosanitario 150 Gy,0.3,1,1,SYS_000724,TAG_000724,6,MODE_B - Config demo,0.3,2,1,0.3,0.025,8.0,0.667,3:34:00 p.m.,4:18:00 p.m.,00:44:00,,Operador_04
28-ago-27,Operador_03,Completado,10070,TIN_000047,20047,40047,50047,Cliente_005,CLI005,Producto_010,Configuracion_008,30008,Fitosanitario 150 Gy,0.3,2,2,SYS_000725,TAG_000725,6,MODE_B - Config demo,0.3,2,1,0.3,0.025,8.0,0.667,3:34:00 p.m.,4:18:00 p.m.,00:44:00,,Operador_01
28-ago-27,Operador_01,Completado,10070,TIN_000047,20047,40047,50047,Cliente_005,CLI005,Producto_010,Configuracion_008,30008,Fitosanitario 150 Gy,0.3,3,3,SYS_000726,TAG_000726,6,MODE_B - Config demo,0.3,2,1,0.3,0.025,8.0,0.667,3:34:00 p.m.,4:18:00 p.m.,00:44:00,,Operador_05
28-ago-27,Operador_02,Completado,10071,TIN_000047,20047,40047,50047,Cliente_005,CLI005,Producto_010,Configuracion_008,30008,Fitosanitario 150 Gy,0.3,4,1,SYS_000727,TAG_000727,6,MODE_B - Config demo,0.15,2,2,0.15,0.025,8.0,1.333,6:04:00 a.m.,6:42:00 a.m.,00:38:00,,Operador_01
28-ago-27,Operador_04,Completado,10071,TIN_000047,20047,40047,50047,Cliente_005,CLI005,Producto_010,Configuracion_008,30008,Fitosanitario 150 Gy,0.3,5,2,SYS_000728,TAG_000728,6,MODE_B - Config demo,0.15,2,2,0.15,0.025,8.0,1.333,6:04:00 a.m.,6:42:00 a.m.,00:38:00,,Operador_05
28-ago-27,Operador_01,Completado,10071,TIN_000047,20047,40047,50047,Cliente_005,CLI005,Producto_010,Configuracion_008,30008,Fitosanitario 150 Gy,0.3,6,3,SYS_000729,TAG_000729,6,MODE_B - Config demo,0.15,2,2,0.15,0.025,8.0,1.333,6:04:00 a.m.,6:42:00 a.m.,00:38:00,,Operador_04
05-ago-27,Operador_02,Completado,10072,TIN_000048,20048,40048,50048,Cliente_013,CLI013,Producto_010,Configuracion_001,30001,Fitosanitario 150 Gy,0.3,1,1,SYS_000730,TAG_000730,10,MODE_B - Config demo,0.15,2,2,0.15,0.025,8.0,1.333,1:53:00 p.m.,2:48:00 p.m.,00:55:00,,Operador_03
05-ago-27,Operador_01,Completado,10072,TIN_000048,20048,40048,50048,Cliente_013,CLI013,Producto_010,Configuracion_001,30001,Fitosanitario 150 Gy,0.3,2,2,SYS_000731,TAG_000731,10,MODE_B - Config demo,0.15,2,2,0.15,0.025,8.0,1.333,1:53:00 p.m.,2:48:00 p.m.,00:55:00,,Operador_01
05-ago-27,Operador_04,Completado,10072,TIN_000048,20048,40048,50048,Cliente_013,CLI013,Producto_010,Configuracion_001,30001,Fitosanitario 150 Gy,0.3,3,3,SYS_000732,TAG_000732,10,MODE_B - Config demo,0.15,2,2,0.15,0.025,8.0,1.333,1:53:00 p.m.,2:48:00 p.m.,00:55:00,,Operador_02
05-ago-27,Operador_05,Completado,10072,TIN_000048,20048,40048,50048,Cliente_013,CLI013,Producto_010,Configuracion_001,30001,Fitosanitario 150 Gy,0.3,4,4,SYS_000733,TAG_000733,10,MODE_B - Config demo,0.15,2,2,0.15,0.025,8.0,1.333,1:53:00 p.m.,2:48:00 p.m.,00:55:00,,Operador_02
05-ago-27,Operador_04,Completado,10072,TIN_000048,20048,40048,50048,Cliente_013,CLI013,Producto_010,Configuracion_001,30001,Fitosanitario 150 Gy,0.3,5,5,SYS_000734,TAG_000734,10,MODE_B - Config demo,0.15,2,2,0.15,0.025,8.0,1.333,1:53:00 p.m.,2:48:00 p.m.,00:55:00,,Operador_03
05-ago-27,Operador_02,Completado,10073,TIN_000048,20048,40048,50048,Cliente_013,CLI013,Producto_010,Configuracion_001,30001,Fitosanitario 150 Gy,0.3,6,1,SYS_000735,TAG_000735,10,MODE_B - Config demo,0.3,2,1,0.3,0.025,8.0,0.667,12:57:00 p.m.,1:44:00 p.m.,00:47:00,,Operador_03
05-ago-27,Operador_04,Completado,10073,TIN_000048,20048,40048,50048,Cliente_013,CLI013,Producto_010,Configuracion_001,30001,Fitosanitario 150 Gy,0.3,7,2,SYS_000736,TAG_000736,10,MODE_B - Config demo,0.3,2,1,0.3,0.025,8.0,0.667,12:57:00 p.m.,1:44:00 p.m.,00:47:00,,Operador_01
05-ago-27,Operador_02,Completado,10073,TIN_000048,20048,40048,50048,Cliente_013,CLI013,Producto_010,Configuracion_001,30001,Fitosanitario 150 Gy,0.3,8,3,SYS_000737,TAG_000737,10,MODE_B - Config demo,0.3,2,1,0.3,0.025,8.0,0.667,12:57:00 p.m.,1:44:00 p.m.,00:47:00,,Operador_02
05-ago-27,Operador_03,Completado,10073,TIN_000048,20048,40048,50048,Cliente_013,CLI013,Producto_010,Configuracion_001,30001,Fitosanitario 150 Gy,0.3,9,4,SYS_000738,TAG_000738,10,MODE_B - Config demo,0.3,2,1,0.3,0.025,8.0,0.667,12:57:00 p.m.,1:44:00 p.m.,00:47:00,,Operador_02
05-ago-27,Operador_03,Completado,10073,TIN_000048,20048,40048,50048,Cliente_013,CLI013,Producto_010,Configuracion_001,30001,Fitosanitario 150 Gy,0.3,10,5,SYS_000739,TAG_000739,10,MODE_B - Config demo,0.3,2,1,0.3,0.025,8.0,0.667,12:57:00 p.m.,1:44:00 p.m.,00:47:00,,Operador_05
06-ago-27,Operador_01,Completado,10074,TIN_000049,20049,40049,50049,Cliente_012,CLI012,Producto_005,Configuracion_002,30002,Fitosanitario 150 Gy,0.28,1,1,SYS_000740,TAG_000740,14,MODE_A - Config demo,0.28,2,1,0.28,2.5,2.4,21.429,8:42:00 a.m.,9:50:00 a.m.,01:08:00,,Operador_05
06-ago-27,Operador_01,Completado,10074,TIN_000049,20049,40049,50049,Cliente_012,CLI012,Producto_005,Configuracion_002,30002,Fitosanitario 150 Gy,0.28,2,2,SYS_000741,TAG_000741,14,MODE_A - Config demo,0.28,2,1,0.28,2.5,2.4,21.429,8:42:00 a.m.,9:50:00 a.m.,01:08:00,,Operador_01
06-ago-27,Operador_03,Completado,10074,TIN_000049,20049,40049,50049,Cliente_012,CLI012,Producto_005,Configuracion_002,30002,Fitosanitario 150 Gy,0.28,3,3,SYS_000742,TAG_000742,14,MODE_A - Config demo,0.28,2,1,0.28,2.5,2.4,21.429,8:42:00 a.m.,9:50:00 a.m.,01:08:00,,Operador_04
06-ago-27,Operador_03,Completado,10074,TIN_000049,20049,40049,50049,Cliente_012,CLI012,Producto_005,Configuracion_002,30002,Fitosanitario 150 Gy,0.28,4,4,SYS_000743,TAG_000743,14,MODE_A - Config demo,0.28,2,1,0.28,2.5,2.4,21.429,8:42:00 a.m.,9:50:00 a.m.,01:08:00,,Operador_01
06-ago-27,Operador_01,Completado,10074,TIN_000049,20049,40049,50049,Cliente_012,CLI012,Producto_005,Configuracion_002,30002,Fitosanitario 150 Gy,0.28,5,5,SYS_000744,TAG_000744,14,MODE_A - Config demo,0.28,2,1,0.28,2.5,2.4,21.429,8:42:00 a.m.,9:50:00 a.m.,01:08:00,,Operador_01
06-ago-27,Operador_05,Completado,10074,TIN_000049,20049,40049,50049,Cliente_012,CLI012,Producto_005,Configuracion_002,30002,Fitosanitario 150 Gy,0.28,6,6,SYS_000745,TAG_000745,14,MODE_A - Config demo,0.28,2,1,0.28,2.5,2.4,21.429,8:42:00 a.m.,9:50:00 a.m.,01:08:00,,Operador_05
06-ago-27,Operador_01,Completado,10074,TIN_000049,20049,40049,50049,Cliente_012,CLI012,Producto_005,Configuracion_002,30002,Fitosanitario 150 Gy,0.28,7,7,SYS_000746,TAG_000746,14,MODE_A - Config demo,0.28,2,1,0.28,2.5,2.4,21.429,8:42:00 a.m.,9:50:00 a.m.,01:08:00,,Operador_04
06-ago-27,Operador_05,Completado,10074,TIN_000049,20049,40049,50049,Cliente_012,CLI012,Producto_005,Configuracion_002,30002,Fitosanitario 150 Gy,0.28,8,8,SYS_000747,TAG_000747,14,MODE_A - Config demo,0.28,2,1,0.28,2.5,2.4,21.429,8:42:00 a.m.,9:50:00 a.m.,01:08:00,,Operador_03
06-ago-27,Operador_01,Completado,10074,TIN_000049,20049,40049,50049,Cliente_012,CLI012,Producto_005,Configuracion_002,30002,Fitosanitario 150 Gy,0.28,9,9,SYS_000748,TAG_000748,14,MODE_A - Config demo,0.28,2,1,0.28,2.5,2.4,21.429,8:42:00 a.m.,9:50:00 a.m.,01:08:00,,Operador_01
06-ago-27,Operador_04,Completado,10074,TIN_000049,20049,40049,50049,Cliente_012,CLI012,Producto_005,Configuracion_002,30002,Fitosanitario 150 Gy,0.28,10,10,SYS_000749,TAG_000749,14,MODE_A - Config demo,0.28,2,1,0.28,2.5,2.4,21.429,8:42:00 a.m.,9:50:00 a.m.,01:08:00,,Operador_03
06-ago-27,Operador_01,Completado,10074,TIN_000049,20049,40049,50049,Cliente_012,CLI012,Producto_005,Configuracion_002,30002,Fitosanitario 150 Gy,0.28,11,11,SYS_000750,TAG_000750,14,MODE_A - Config demo,0.28,2,1,0.28,2.5,2.4,21.429,8:42:00 a.m.,9:50:00 a.m.,01:08:00,,Operador_01
06-ago-27,Operador_03,Completado,10074,TIN_000049,20049,40049,50049,Cliente_012,CLI012,Producto_005,Configuracion_002,30002,Fitosanitario 150 Gy,0.28,12,12,SYS_000751,TAG_000751,14,MODE_A - Config demo,0.28,2,1,0.28,2.5,2.4,21.429,8:42:00 a.m.,9:50:00 a.m.,01:08:00,,Operador_02
06-ago-27,Operador_05,Completado,10074,TIN_000049,20049,40049,50049,Cliente_012,CLI012,Producto_005,Configuracion_002,30002,Fitosanitario 150 Gy,0.28,13,1,SYS_000752,TAG_000752,14,MODE_A - Config demo,0.28,2,1,0.28,2.5,2.4,21.429,8:42:00 a.m.,9:50:00 a.m.,01:08:00,,Operador_04
06-ago-27,Operador_03,Completado,10074,TIN_000049,20049,40049,50049,Cliente_012,CLI012,Producto_005,Configuracion_002,30002,Fitosanitario 150 Gy,0.28,14,2,SYS_000753,TAG_000753,14,MODE_A - Config demo,0.28,2,1,0.28,2.5,2.4,21.429,8:42:00 a.m.,9:50:00 a.m.,01:08:00,,Operador_03
30-ago-27,Operador_01,Completado,10075,TIN_000050,20050,40050,50050,Cliente_016,CLI016,Producto_014,Configuracion_003,30003,Desbacterizacion (Chiles secos),2.0,1,1,SYS_000754,TAG_000754,8,MODE_A - Config demo,1.0,2,2,1.0,2.5,2.4,6.0,6:05:00 a.m.,6:45:00 a.m.,00:40:00,,Operador_03
30-ago-27,Operador_03,Completado,10075,TIN_000050,20050,40050,50050,Cliente_016,CLI016,Producto_014,Configuracion_003,30003,Desbacterizacion (Chiles secos),2.0,2,2,SYS_000755,TAG_000755,8,MODE_A - Config demo,1.0,2,2,1.0,2.5,2.4,6.0,6:05:00 a.m.,6:45:00 a.m.,00:40:00,,Operador_03
30-ago-27,Operador_05,Completado,10075,TIN_000050,20050,40050,50050,Cliente_016,CLI016,Producto_014,Configuracion_003,30003,Desbacterizacion (Chiles secos),2.0,3,3,SYS_000756,TAG_000756,8,MODE_A - Config demo,1.0,2,2,1.0,2.5,2.4,6.0,6:05:00 a.m.,6:45:00 a.m.,00:40:00,,Operador_02
30-ago-27,Operador_02,Completado,10075,TIN_000050,20050,40050,50050,Cliente_016,CLI016,Producto_014,Configuracion_003,30003,Desbacterizacion (Chiles secos),2.0,4,4,SYS_000757,TAG_000757,8,MODE_A - Config demo,1.0,2,2,1.0,2.5,2.4,6.0,6:05:00 a.m.,6:45:00 a.m.,00:40:00,,Operador_01
30-ago-27,Operador_02,Completado,10076,TIN_000050,20050,40050,50050,Cliente_016,CLI016,Producto_014,Configuracion_003,30003,Desbacterizacion (Chiles secos),2.0,5,1,SYS_000758,TAG_000758,8,MODE_B - Config demo,2.0,2,1,2.0,0.025,8.0,0.1,8:32:00 a.m.,9:27:00 a.m.,00:55:00,,Operador_05
30-ago-27,Operador_02,Completado,10076,TIN_000050,20050,40050,50050,Cliente_016,CLI016,Producto_014,Configuracion_003,30003,Desbacterizacion (Chiles secos),2.0,6,2,SYS_000759,TAG_000759,8,MODE_B - Config demo,2.0,2,1,2.0,0.025,8.0,0.1,8:32:00 a.m.,9:27:00 a.m.,00:55:00,,Operador_05
30-ago-27,Operador_05,Completado,10076,TIN_000050,20050,40050,50050,Cliente_016,CLI016,Producto_014,Configuracion_003,30003,Desbacterizacion (Chiles secos),2.0,7,3,SYS_000760,TAG_000760,8,MODE_B - Config demo,2.0,2,1,2.0,0.025,8.0,0.1,8:32:00 a.m.,9:27:00 a.m.,00:55:00,,Operador_01
30-ago-27,Operador_05,Completado,10076,TIN_000050,20050,40050,50050,Cliente_016,CLI016,Producto_014,Configuracion_003,30003,Desbacterizacion (Chiles secos),2.0,8,4,SYS_000761,TAG_000761,8,MODE_B - Config demo,2.0,2,1,2.0,0.025,8.0,0.1,8:32:00 a.m.,9:27:00 a.m.,00:55:00,,Operador_04
29-ago-27,Operador_03,Completado,10077,TIN_000051,20051,40051,50051,Cliente_009,CLI009,Producto_007,Configuracion_004,30004,Fitosanitario 150 Gy,0.28,1,1,SYS_000762,TAG_000762,10,MODE_B - Config demo,0.28,2,1,0.28,0.025,8.0,0.714,2:14:00 p.m.,2:57:00 p.m.,00:43:00,,Operador_01
29-ago-27,Operador_01,Completado,10077,TIN_000051,20051,40051,50051,Cliente_009,CLI009,Producto_007,Configuracion_004,30004,Fitosanitario 150 Gy,0.28,2,2,SYS_000763,TAG_000763,10,MODE_B - Config demo,0.28,2,1,0.28,0.025,8.0,0.714,2:14:00 p.m.,2:57:00 p.m.,00:43:00,,Operador_04
29-ago-27,Operador_01,Completado,10077,TIN_000051,20051,40051,50051,Cliente_009,CLI009,Producto_007,Configuracion_004,30004,Fitosanitario 150 Gy,0.28,3,3,SYS_000764,TAG_000764,10,MODE_B - Config demo,0.28,2,1,0.28,0.025,8.0,0.714,2:14:00 p.m.,2:57:00 p.m.,00:43:00,,Operador_01
29-ago-27,Operador_01,Completado,10077,TIN_000051,20051,40051,50051,Cliente_009,CLI009,Producto_007,Configuracion_004,30004,Fitosanitario 150 Gy,0.28,4,4,SYS_000765,TAG_000765,10,MODE_B - Config demo,0.28,2,1,0.28,0.025,8.0,0.714,2:14:00 p.m.,2:57:00 p.m.,00:43:00,,Operador_03
29-ago-27,Operador_03,Completado,10077,TIN_000051,20051,40051,50051,Cliente_009,CLI009,Producto_007,Configuracion_004,30004,Fitosanitario 150 Gy,0.28,5,5,SYS_000766,TAG_000766,10,MODE_B - Config demo,0.28,2,1,0.28,0.025,8.0,0.714,2:14:00 p.m.,2:57:00 p.m.,00:43:00,,Operador_03
29-ago-27,Operador_01,Completado,10078,TIN_000051,20051,40051,50051,Cliente_009,CLI009,Producto_007,Configuracion_004,30004,Fitosanitario 150 Gy,0.28,6,1,SYS_000767,TAG_000767,10,MODE_B - Config demo,0.28,2,1,0.28,0.025,8.0,0.714,4:51:00 p.m.,5:35:00 p.m.,00:44:00,,Operador_03
29-ago-27,Operador_04,Completado,10078,TIN_000051,20051,40051,50051,Cliente_009,CLI009,Producto_007,Configuracion_004,30004,Fitosanitario 150 Gy,0.28,7,2,SYS_000768,TAG_000768,10,MODE_B - Config demo,0.28,2,1,0.28,0.025,8.0,0.714,4:51:00 p.m.,5:35:00 p.m.,00:44:00,,Operador_01
29-ago-27,Operador_05,Completado,10078,TIN_000051,20051,40051,50051,Cliente_009,CLI009,Producto_007,Configuracion_004,30004,Fitosanitario 150 Gy,0.28,8,3,SYS_000769,TAG_000769,10,MODE_B - Config demo,0.28,2,1,0.28,0.025,8.0,0.714,4:51:00 p.m.,5:35:00 p.m.,00:44:00,,Operador_05
29-ago-27,Operador_05,Completado,10078,TIN_000051,20051,40051,50051,Cliente_009,CLI009,Producto_007,Configuracion_004,30004,Fitosanitario 150 Gy,0.28,9,4,SYS_000770,TAG_000770,10,MODE_B - Config demo,0.28,2,1,0.28,0.025,8.0,0.714,4:51:00 p.m.,5:35:00 p.m.,00:44:00,,Operador_04
29-ago-27,Operador_04,Completado,10078,TIN_000051,20051,40051,50051,Cliente_009,CLI009,Producto_007,Configuracion_004,30004,Fitosanitario 150 Gy,0.28,10,5,SYS_000771,TAG_000771,10,MODE_B - Config demo,0.28,2,1,0.28,0.025,8.0,0.714,4:51:00 p.m.,5:35:00 p.m.,00:44:00,,Operador_03
28-ago-27,Operador_04,Completado,10079,TIN_000052,20052,40052,50052,Cliente_012,CLI012,Producto_012,Configuracion_005,30005,Fitosanitario 150 Gy,0.25,1,1,SYS_000772,TAG_000772,6,MODE_B - Config demo,0.25,2,1,0.25,0.025,8.0,0.8,4:00:00 p.m.,4:49:00 p.m.,00:49:00,,Operador_03
28-ago-27,Operador_01,Completado,10079,TIN_000052,20052,40052,50052,Cliente_012,CLI012,Producto_012,Configuracion_005,30005,Fitosanitario 150 Gy,0.25,2,2,SYS_000773,TAG_000773,6,MODE_B - Config demo,0.25,2,1,0.25,0.025,8.0,0.8,4:00:00 p.m.,4:49:00 p.m.,00:49:00,,Operador_01
28-ago-27,Operador_05,Completado,10079,TIN_000052,20052,40052,50052,Cliente_012,CLI012,Producto_012,Configuracion_005,30005,Fitosanitario 150 Gy,0.25,3,3,SYS_000774,TAG_000774,6,MODE_B - Config demo,0.25,2,1,0.25,0.025,8.0,0.8,4:00:00 p.m.,4:49:00 p.m.,00:49:00,,Operador_01
28-ago-27,Operador_03,Completado,10079,TIN_000052,20052,40052,50052,Cliente_012,CLI012,Producto_012,Configuracion_005,30005,Fitosanitario 150 Gy,0.25,4,4,SYS_000775,TAG_000775,6,MODE_B - Config demo,0.25,2,1,0.25,0.025,8.0,0.8,4:00:00 p.m.,4:49:00 p.m.,00:49:00,,Operador_03
28-ago-27,Operador_04,Completado,10079,TIN_000052,20052,40052,50052,Cliente_012,CLI012,Producto_012,Configuracion_005,30005,Fitosanitario 150 Gy,0.25,5,5,SYS_000776,TAG_000776,6,MODE_B - Config demo,0.25,2,1,0.25,0.025,8.0,0.8,4:00:00 p.m.,4:49:00 p.m.,00:49:00,,Operador_05
28-ago-27,Operador_01,Completado,10079,TIN_000052,20052,40052,50052,Cliente_012,CLI012,Producto_012,Configuracion_005,30005,Fitosanitario 150 Gy,0.25,6,6,SYS_000777,TAG_000777,6,MODE_B - Config demo,0.25,2,1,0.25,0.025,8.0,0.8,4:00:00 p.m.,4:49:00 p.m.,00:49:00,,Operador_05
04-ago-27,Operador_05,Completado,10080,TIN_000053,20053,40053,50053,Cliente_018,CLI018,Producto_009,Configuracion_006,30006,Fitosanitario 400 Gy,0.55,1,1,SYS_000778,TAG_000778,6,MODE_A - Config demo,0.275,2,2,0.275,2.5,2.4,21.818,3:24:00 p.m.,4:11:00 p.m.,00:47:00,,Operador_03
04-ago-27,Operador_04,Completado,10080,TIN_000053,20053,40053,50053,Cliente_018,CLI018,Producto_009,Configuracion_006,30006,Fitosanitario 400 Gy,0.55,2,2,SYS_000779,TAG_000779,6,MODE_A - Config demo,0.275,2,2,0.275,2.5,2.4,21.818,3:24:00 p.m.,4:11:00 p.m.,00:47:00,,Operador_03
04-ago-27,Operador_05,Completado,10080,TIN_000053,20053,40053,50053,Cliente_018,CLI018,Producto_009,Configuracion_006,30006,Fitosanitario 400 Gy,0.55,3,3,SYS_000780,TAG_000780,6,MODE_A - Config demo,0.275,2,2,0.275,2.5,2.4,21.818,3:24:00 p.m.,4:11:00 p.m.,00:47:00,,Operador_03
04-ago-27,Operador_01,Completado,10081,TIN_000053,20053,40053,50053,Cliente_018,CLI018,Producto_009,Configuracion_006,30006,Fitosanitario 400 Gy,0.55,4,1,SYS_000781,TAG_000781,6,MODE_B - Config demo,0.55,2,1,0.55,0.025,8.0,0.364,1:56:00 p.m.,2:33:00 p.m.,00:37:00,,Operador_04
04-ago-27,Operador_04,Completado,10081,TIN_000053,20053,40053,50053,Cliente_018,CLI018,Producto_009,Configuracion_006,30006,Fitosanitario 400 Gy,0.55,5,2,SYS_000782,TAG_000782,6,MODE_B - Config demo,0.55,2,1,0.55,0.025,8.0,0.364,1:56:00 p.m.,2:33:00 p.m.,00:37:00,,Operador_03
04-ago-27,Operador_03,Completado,10081,TIN_000053,20053,40053,50053,Cliente_018,CLI018,Producto_009,Configuracion_006,30006,Fitosanitario 400 Gy,0.55,6,3,SYS_000783,TAG_000783,6,MODE_B - Config demo,0.55,2,1,0.55,0.025,8.0,0.364,1:56:00 p.m.,2:33:00 p.m.,00:37:00,,Operador_04
26-ago-27,Operador_04,Completado,10082,TIN_000054,20054,40054,50054,Cliente_011,CLI011,Producto_014,Configuracion_007,30007,Fitosanitario 400 Gy,0.55,1,1,SYS_000784,TAG_000784,21,MODE_B - Config demo,0.55,2,1,0.55,0.025,8.0,0.364,11:47:00 a.m.,1:27:00 p.m.,01:40:00,Desviacion_demo_10082,Operador_03
26-ago-27,Operador_03,Completado,10082,TIN_000054,20054,40054,50054,Cliente_011,CLI011,Producto_014,Configuracion_007,30007,Fitosanitario 400 Gy,0.55,2,2,SYS_000785,TAG_000785,21,MODE_B - Config demo,0.55,2,1,0.55,0.025,8.0,0.364,11:47:00 a.m.,1:27:00 p.m.,01:40:00,Desviacion_demo_10082,Operador_04
26-ago-27,Operador_05,Completado,10082,TIN_000054,20054,40054,50054,Cliente_011,CLI011,Producto_014,Configuracion_007,30007,Fitosanitario 400 Gy,0.55,3,3,SYS_000786,TAG_000786,21,MODE_B - Config demo,0.55,2,1,0.55,0.025,8.0,0.364,11:47:00 a.m.,1:27:00 p.m.,01:40:00,Desviacion_demo_10082,Operador_02
26-ago-27,Operador_05,Completado,10082,TIN_000054,20054,40054,50054,Cliente_011,CLI011,Producto_014,Configuracion_007,30007,Fitosanitario 400 Gy,0.55,4,4,SYS_000787,TAG_000787,21,MODE_B - Config demo,0.55,2,1,0.55,0.025,8.0,0.364,11:47:00 a.m.,1:27:00 p.m.,01:40:00,Desviacion_demo_10082,Operador_01
26-ago-27,Operador_04,Completado,10082,TIN_000054,20054,40054,50054,Cliente_011,CLI011,Producto_014,Configuracion_007,30007,Fitosanitario 400 Gy,0.55,5,5,SYS_000788,TAG_000788,21,MODE_B - Config demo,0.55,2,1,0.55,0.025,8.0,0.364,11:47:00 a.m.,1:27:00 p.m.,01:40:00,Desviacion_demo_10082,Operador_03
26-ago-27,Operador_04,Completado,10082,TIN_000054,20054,40054,50054,Cliente_011,CLI011,Producto_014,Configuracion_007,30007,Fitosanitario 400 Gy,0.55,6,6,SYS_000789,TAG_000789,21,MODE_B - Config demo,0.55,2,1,0.55,0.025,8.0,0.364,11:47:00 a.m.,1:27:00 p.m.,01:40:00,Desviacion_demo_10082,Operador_03
26-ago-27,Operador_03,Completado,10082,TIN_000054,20054,40054,50054,Cliente_011,CLI011,Producto_014,Configuracion_007,30007,Fitosanitario 400 Gy,0.55,7,7,SYS_000790,TAG_000790,21,MODE_B - Config demo,0.55,2,1,0.55,0.025,8.0,0.364,11:47:00 a.m.,1:27:00 p.m.,01:40:00,Desviacion_demo_10082,Operador_03
26-ago-27,Operador_04,Completado,10082,TIN_000054,20054,40054,50054,Cliente_011,CLI011,Producto_014,Configuracion_007,30007,Fitosanitario 400 Gy,0.55,8,8,SYS_000791,TAG_000791,21,MODE_B - Config demo,0.55,2,1,0.55,0.025,8.0,0.364,11:47:00 a.m.,1:27:00 p.m.,01:40:00,Desviacion_demo_10082,Operador_02
26-ago-27,Operador_02,Completado,10082,TIN_000054,20054,40054,50054,Cliente_011,CLI011,Producto_014,Configuracion_007,30007,Fitosanitario 400 Gy,0.55,9,9,SYS_000792,TAG_000792,21,MODE_B - Config demo,0.55,2,1,0.55,0.025,8.0,0.364,11:47:00 a.m.,1:27:00 p.m.,01:40:00,Desviacion_demo_10082,Operador_03
26-ago-27,Operador_02,Completado,10082,TIN_000054,20054,40054,50054,Cliente_011,CLI011,Producto_014,Configuracion_007,30007,Fitosanitario 400 Gy,0.55,10,10,SYS_000793,TAG_000793,21,MODE_B - Config demo,0.55,2,1,0.55,0.025,8.0,0.364,11:47:00 a.m.,1:27:00 p.m.,01:40:00,Desviacion_demo_10082,Operador_02
26-ago-27,Operador_01,Completado,10082,TIN_000054,20054,40054,50054,Cliente_011,CLI011,Producto_014,Configuracion_007,30007,Fitosanitario 400 Gy,0.55,11,11,SYS_000794,TAG_000794,21,MODE_B - Config demo,0.55,2,1,0.55,0.025,8.0,0.364,11:47:00 a.m.,1:27:00 p.m.,01:40:00,Desviacion_demo_10082,Operador_02
26-ago-27,Operador_03,Completado,10082,TIN_000054,20054,40054,50054,Cliente_011,CLI011,Producto_014,Configuracion_007,30007,Fitosanitario 400 Gy,0.55,12,12,SYS_000795,TAG_000795,21,MODE_B - Config demo,0.55,2,1,0.55,0.025,8.0,0.364,11:47:00 a.m.,1:27:00 p.m.,01:40:00,Desviacion_demo_10082,Operador_03
26-ago-27,Operador_04,Completado,10082,TIN_000054,20054,40054,50054,Cliente_011,CLI011,Producto_014,Configuracion_007,30007,Fitosanitario 400 Gy,0.55,13,1,SYS_000796,TAG_000796,21,MODE_B - Config demo,0.55,2,1,0.55,0.025,8.0,0.364,11:47:00 a.m.,1:27:00 p.m.,01:40:00,Desviacion_demo_10082,Operador_02
26-ago-27,Operador_04,Completado,10082,TIN_000054,20054,40054,50054,Cliente_011,CLI011,Producto_014,Configuracion_007,30007,Fitosanitario 400 Gy,0.55,14,2,SYS_000797,TAG_000797,21,MODE_B - Config demo,0.55,2,1,0.55,0.025,8.0,0.364,11:47:00 a.m.,1:27:00 p.m.,01:40:00,Desviacion_demo_10082,Operador_03
26-ago-27,Operador_03,Completado,10082,TIN_000054,20054,40054,50054,Cliente_011,CLI011,Producto_014,Configuracion_007,30007,Fitosanitario 400 Gy,0.55,15,3,SYS_000798,TAG_000798,21,MODE_B - Config demo,0.55,2,1,0.55,0.025,8.0,0.364,11:47:00 a.m.,1:27:00 p.m.,01:40:00,Desviacion_demo_10082,Operador_01
26-ago-27,Operador_04,Completado,10082,TIN_000054,20054,40054,50054,Cliente_011,CLI011,Producto_014,Configuracion_007,30007,Fitosanitario 400 Gy,0.55,16,4,SYS_000799,TAG_000799,21,MODE_B - Config demo,0.55,2,1,0.55,0.025,8.0,0.364,11:47:00 a.m.,1:27:00 p.m.,01:40:00,Desviacion_demo_10082,Operador_04
26-ago-27,Operador_01,Completado,10082,TIN_000054,20054,40054,50054,Cliente_011,CLI011,Producto_014,Configuracion_007,30007,Fitosanitario 400 Gy,0.55,17,5,SYS_000800,TAG_000800,21,MODE_B - Config demo,0.55,2,1,0.55,0.025,8.0,0.364,11:47:00 a.m.,1:27:00 p.m.,01:40:00,Desviacion_demo_10082,Operador_01
26-ago-27,Operador_04,Completado,10082,TIN_000054,20054,40054,50054,Cliente_011,CLI011,Producto_014,Configuracion_007,30007,Fitosanitario 400 Gy,0.55,18,6,SYS_000801,TAG_000801,21,MODE_B - Config demo,0.55,2,1,0.55,0.025,8.0,0.364,11:47:00 a.m.,1:27:00 p.m.,01:40:00,Desviacion_demo_10082,Operador_02
26-ago-27,Operador_05,Completado,10082,TIN_000054,20054,40054,50054,Cliente_011,CLI011,Producto_014,Configuracion_007,30007,Fitosanitario 400 Gy,0.55,19,7,SYS_000802,TAG_000802,21,MODE_B - Config demo,0.55,2,1,0.55,0.025,8.0,0.364,11:47:00 a.m.,1:27:00 p.m.,01:40:00,Desviacion_demo_10082,Operador_05
26-ago-27,Operador_03,Completado,10082,TIN_000054,20054,40054,50054,Cliente_011,CLI011,Producto_014,Configuracion_007,30007,Fitosanitario 400 Gy,0.55,20,8,SYS_000803,TAG_000803,21,MODE_B - Config demo,0.55,2,1,0.55,0.025,8.0,0.364,11:47:00 a.m.,1:27:00 p.m.,01:40:00,Desviacion_demo_10082,Operador_05
26-ago-27,Operador_03,Completado,10082,TIN_000054,20054,40054,50054,Cliente_011,CLI011,Producto_014,Configuracion_007,30007,Fitosanitario 400 Gy,0.55,21,9,SYS_000804,TAG_000804,21,MODE_B - Config demo,0.55,2,1,0.55,0.025,8.0,0.364,11:47:00 a.m.,1:27:00 p.m.,01:40:00,Desviacion_demo_10082,Operador_05
21-ago-27,Operador_03,Completado,10083,TIN_000055,20055,40055,50055,Cliente_017,CLI017,Producto_012,Configuracion_008,30008,Desbacterizacion (Chiles secos),4.0,1,1,SYS_000805,TAG_000805,10,MODE_B - Config demo,2.0,2,2,2.0,0.025,8.0,0.1,6:32:00 p.m.,7:19:00 p.m.,00:47:00,Desviacion_demo_10083,Operador_03
21-ago-27,Operador_01,Completado,10083,TIN_000055,20055,40055,50055,Cliente_017,CLI017,Producto_012,Configuracion_008,30008,Desbacterizacion (Chiles secos),4.0,2,2,SYS_000806,TAG_000806,10,MODE_B - Config demo,2.0,2,2,2.0,0.025,8.0,0.1,6:32:00 p.m.,7:19:00 p.m.,00:47:00,Desviacion_demo_10083,Operador_05
21-ago-27,Operador_04,Completado,10083,TIN_000055,20055,40055,50055,Cliente_017,CLI017,Producto_012,Configuracion_008,30008,Desbacterizacion (Chiles secos),4.0,3,3,SYS_000807,TAG_000807,10,MODE_B - Config demo,2.0,2,2,2.0,0.025,8.0,0.1,6:32:00 p.m.,7:19:00 p.m.,00:47:00,Desviacion_demo_10083,Operador_05
21-ago-27,Operador_05,Completado,10083,TIN_000055,20055,40055,50055,Cliente_017,CLI017,Producto_012,Configuracion_008,30008,Desbacterizacion (Chiles secos),4.0,4,4,SYS_000808,TAG_000808,10,MODE_B - Config demo,2.0,2,2,2.0,0.025,8.0,0.1,6:32:00 p.m.,7:19:00 p.m.,00:47:00,Desviacion_demo_10083,Operador_01
21-ago-27,Operador_03,Completado,10083,TIN_000055,20055,40055,50055,Cliente_017,CLI017,Producto_012,Configuracion_008,30008,Desbacterizacion (Chiles secos),4.0,5,5,SYS_000809,TAG_000809,10,MODE_B - Config demo,2.0,2,2,2.0,0.025,8.0,0.1,6:32:00 p.m.,7:19:00 p.m.,00:47:00,Desviacion_demo_10083,Operador_05
21-ago-27,Operador_05,Completado,10084,TIN_000055,20055,40055,50055,Cliente_017,CLI017,Producto_012,Configuracion_008,30008,Desbacterizacion (Chiles secos),4.0,6,1,SYS_000810,TAG_000810,10,MODE_B - Config demo,2.0,2,2,2.0,0.025,8.0,0.1,11:32:00 a.m.,12:14:00 p.m.,00:42:00,,Operador_01
21-ago-27,Operador_03,Completado,10084,TIN_000055,20055,40055,50055,Cliente_017,CLI017,Producto_012,Configuracion_008,30008,Desbacterizacion (Chiles secos),4.0,7,2,SYS_000811,TAG_000811,10,MODE_B - Config demo,2.0,2,2,2.0,0.025,8.0,0.1,11:32:00 a.m.,12:14:00 p.m.,00:42:00,,Operador_01
21-ago-27,Operador_05,Completado,10084,TIN_000055,20055,40055,50055,Cliente_017,CLI017,Producto_012,Configuracion_008,30008,Desbacterizacion (Chiles secos),4.0,8,3,SYS_000812,TAG_000812,10,MODE_B - Config demo,2.0,2,2,2.0,0.025,8.0,0.1,11:32:00 a.m.,12:14:00 p.m.,00:42:00,,Operador_03
21-ago-27,Operador_02,Completado,10084,TIN_000055,20055,40055,50055,Cliente_017,CLI017,Producto_012,Configuracion_008,30008,Desbacterizacion (Chiles secos),4.0,9,4,SYS_000813,TAG_000813,10,MODE_B - Config demo,2.0,2,2,2.0,0.025,8.0,0.1,11:32:00 a.m.,12:14:00 p.m.,00:42:00,,Operador_03
21-ago-27,Operador_02,Completado,10084,TIN_000055,20055,40055,50055,Cliente_017,CLI017,Producto_012,Configuracion_008,30008,Desbacterizacion (Chiles secos),4.0,10,5,SYS_000814,TAG_000814,10,MODE_B - Config demo,2.0,2,2,2.0,0.025,8.0,0.1,11:32:00 a.m.,12:14:00 p.m.,00:42:00,,Operador_04
02-ago-27,Operador_03,Completado,10085,TIN_000056,20056,40056,50056,Cliente_012,CLI012,Producto_005,Configuracion_001,30001,Fitosanitario 150 Gy,0.32,1,1,SYS_000815,TAG_000815,23,MODE_B - Config demo,0.32,2,1,0.32,0.025,8.0,0.625,4:28:00 p.m.,6:12:00 p.m.,01:44:00,,Operador_01
02-ago-27,Operador_01,Completado,10085,TIN_000056,20056,40056,50056,Cliente_012,CLI012,Producto_005,Configuracion_001,30001,Fitosanitario 150 Gy,0.32,2,2,SYS_000816,TAG_000816,23,MODE_B - Config demo,0.32,2,1,0.32,0.025,8.0,0.625,4:28:00 p.m.,6:12:00 p.m.,01:44:00,,Operador_01
02-ago-27,Operador_01,Completado,10085,TIN_000056,20056,40056,50056,Cliente_012,CLI012,Producto_005,Configuracion_001,30001,Fitosanitario 150 Gy,0.32,3,3,SYS_000817,TAG_000817,23,MODE_B - Config demo,0.32,2,1,0.32,0.025,8.0,0.625,4:28:00 p.m.,6:12:00 p.m.,01:44:00,,Operador_03
02-ago-27,Operador_01,Completado,10085,TIN_000056,20056,40056,50056,Cliente_012,CLI012,Producto_005,Configuracion_001,30001,Fitosanitario 150 Gy,0.32,4,4,SYS_000818,TAG_000818,23,MODE_B - Config demo,0.32,2,1,0.32,0.025,8.0,0.625,4:28:00 p.m.,6:12:00 p.m.,01:44:00,,Operador_02
02-ago-27,Operador_04,Completado,10085,TIN_000056,20056,40056,50056,Cliente_012,CLI012,Producto_005,Configuracion_001,30001,Fitosanitario 150 Gy,0.32,5,5,SYS_000819,TAG_000819,23,MODE_B - Config demo,0.32,2,1,0.32,0.025,8.0,0.625,4:28:00 p.m.,6:12:00 p.m.,01:44:00,,Operador_03
02-ago-27,Operador_04,Completado,10085,TIN_000056,20056,40056,50056,Cliente_012,CLI012,Producto_005,Configuracion_001,30001,Fitosanitario 150 Gy,0.32,6,6,SYS_000820,TAG_000820,23,MODE_B - Config demo,0.32,2,1,0.32,0.025,8.0,0.625,4:28:00 p.m.,6:12:00 p.m.,01:44:00,,Operador_02
02-ago-27,Operador_01,Completado,10085,TIN_000056,20056,40056,50056,Cliente_012,CLI012,Producto_005,Configuracion_001,30001,Fitosanitario 150 Gy,0.32,7,7,SYS_000821,TAG_000821,23,MODE_B - Config demo,0.32,2,1,0.32,0.025,8.0,0.625,4:28:00 p.m.,6:12:00 p.m.,01:44:00,,Operador_01
02-ago-27,Operador_03,Completado,10085,TIN_000056,20056,40056,50056,Cliente_012,CLI012,Producto_005,Configuracion_001,30001,Fitosanitario 150 Gy,0.32,8,8,SYS_000822,TAG_000822,23,MODE_B - Config demo,0.32,2,1,0.32,0.025,8.0,0.625,4:28:00 p.m.,6:12:00 p.m.,01:44:00,,Operador_05
02-ago-27,Operador_05,Completado,10085,TIN_000056,20056,40056,50056,Cliente_012,CLI012,Producto_005,Configuracion_001,30001,Fitosanitario 150 Gy,0.32,9,9,SYS_000823,TAG_000823,23,MODE_B - Config demo,0.32,2,1,0.32,0.025,8.0,0.625,4:28:00 p.m.,6:12:00 p.m.,01:44:00,,Operador_01
02-ago-27,Operador_01,Completado,10085,TIN_000056,20056,40056,50056,Cliente_012,CLI012,Producto_005,Configuracion_001,30001,Fitosanitario 150 Gy,0.32,10,10,SYS_000824,TAG_000824,23,MODE_B - Config demo,0.32,2,1,0.32,0.025,8.0,0.625,4:28:00 p.m.,6:12:00 p.m.,01:44:00,,Operador_03
02-ago-27,Operador_01,Completado,10085,TIN_000056,20056,40056,50056,Cliente_012,CLI012,Producto_005,Configuracion_001,30001,Fitosanitario 150 Gy,0.32,11,11,SYS_000825,TAG_000825,23,MODE_B - Config demo,0.32,2,1,0.32,0.025,8.0,0.625,4:28:00 p.m.,6:12:00 p.m.,01:44:00,,Operador_01
02-ago-27,Operador_02,Completado,10085,TIN_000056,20056,40056,50056,Cliente_012,CLI012,Producto_005,Configuracion_001,30001,Fitosanitario 150 Gy,0.32,12,12,SYS_000826,TAG_000826,23,MODE_B - Config demo,0.32,2,1,0.32,0.025,8.0,0.625,4:28:00 p.m.,6:12:00 p.m.,01:44:00,,Operador_05
02-ago-27,Operador_02,Completado,10085,TIN_000056,20056,40056,50056,Cliente_012,CLI012,Producto_005,Configuracion_001,30001,Fitosanitario 150 Gy,0.32,13,1,SYS_000827,TAG_000827,23,MODE_B - Config demo,0.32,2,1,0.32,0.025,8.0,0.625,4:28:00 p.m.,6:12:00 p.m.,01:44:00,,Operador_01
02-ago-27,Operador_01,Completado,10085,TIN_000056,20056,40056,50056,Cliente_012,CLI012,Producto_005,Configuracion_001,30001,Fitosanitario 150 Gy,0.32,14,2,SYS_000828,TAG_000828,23,MODE_B - Config demo,0.32,2,1,0.32,0.025,8.0,0.625,4:28:00 p.m.,6:12:00 p.m.,01:44:00,,Operador_04
02-ago-27,Operador_05,Completado,10085,TIN_000056,20056,40056,50056,Cliente_012,CLI012,Producto_005,Configuracion_001,30001,Fitosanitario 150 Gy,0.32,15,3,SYS_000829,TAG_000829,23,MODE_B - Config demo,0.32,2,1,0.32,0.025,8.0,0.625,4:28:00 p.m.,6:12:00 p.m.,01:44:00,,Operador_05
02-ago-27,Operador_04,Completado,10085,TIN_000056,20056,40056,50056,Cliente_012,CLI012,Producto_005,Configuracion_001,30001,Fitosanitario 150 Gy,0.32,16,4,SYS_000830,TAG_000830,23,MODE_B - Config demo,0.32,2,1,0.32,0.025,8.0,0.625,4:28:00 p.m.,6:12:00 p.m.,01:44:00,,Operador_03
02-ago-27,Operador_04,Completado,10085,TIN_000056,20056,40056,50056,Cliente_012,CLI012,Producto_005,Configuracion_001,30001,Fitosanitario 150 Gy,0.32,17,5,SYS_000831,TAG_000831,23,MODE_B - Config demo,0.32,2,1,0.32,0.025,8.0,0.625,4:28:00 p.m.,6:12:00 p.m.,01:44:00,,Operador_01
02-ago-27,Operador_05,Completado,10085,TIN_000056,20056,40056,50056,Cliente_012,CLI012,Producto_005,Configuracion_001,30001,Fitosanitario 150 Gy,0.32,18,6,SYS_000832,TAG_000832,23,MODE_B - Config demo,0.32,2,1,0.32,0.025,8.0,0.625,4:28:00 p.m.,6:12:00 p.m.,01:44:00,,Operador_04
02-ago-27,Operador_01,Completado,10085,TIN_000056,20056,40056,50056,Cliente_012,CLI012,Producto_005,Configuracion_001,30001,Fitosanitario 150 Gy,0.32,19,7,SYS_000833,TAG_000833,23,MODE_B - Config demo,0.32,2,1,0.32,0.025,8.0,0.625,4:28:00 p.m.,6:12:00 p.m.,01:44:00,,Operador_02
02-ago-27,Operador_05,Completado,10085,TIN_000056,20056,40056,50056,Cliente_012,CLI012,Producto_005,Configuracion_001,30001,Fitosanitario 150 Gy,0.32,20,8,SYS_000834,TAG_000834,23,MODE_B - Config demo,0.32,2,1,0.32,0.025,8.0,0.625,4:28:00 p.m.,6:12:00 p.m.,01:44:00,,Operador_03
02-ago-27,Operador_05,Completado,10085,TIN_000056,20056,40056,50056,Cliente_012,CLI012,Producto_005,Configuracion_001,30001,Fitosanitario 150 Gy,0.32,21,9,SYS_000835,TAG_000835,23,MODE_B - Config demo,0.32,2,1,0.32,0.025,8.0,0.625,4:28:00 p.m.,6:12:00 p.m.,01:44:00,,Operador_02
02-ago-27,Operador_03,Completado,10085,TIN_000056,20056,40056,50056,Cliente_012,CLI012,Producto_005,Configuracion_001,30001,Fitosanitario 150 Gy,0.32,22,10,SYS_000836,TAG_000836,23,MODE_B - Config demo,0.32,2,1,0.32,0.025,8.0,0.625,4:28:00 p.m.,6:12:00 p.m.,01:44:00,,Operador_01
02-ago-27,Operador_05,Completado,10085,TIN_000056,20056,40056,50056,Cliente_012,CLI012,Producto_005,Configuracion_001,30001,Fitosanitario 150 Gy,0.32,23,11,SYS_000837,TAG_000837,23,MODE_B - Config demo,0.32,2,1,0.32,0.025,8.0,0.625,4:28:00 p.m.,6:12:00 p.m.,01:44:00,,Operador_05
27-ago-27,Operador_03,Completado,10086,TIN_000057,20057,40057,50057,Cliente_014,CLI014,Producto_011,Configuracion_002,30002,Fitosanitario 150 Gy,0.32,1,1,SYS_000838,TAG_000838,6,MODE_B - Config demo,0.32,2,1,0.32,0.025,8.0,0.625,11:58:00 a.m.,12:41:00 p.m.,00:43:00,Desviacion_demo_10086,Operador_01
27-ago-27,Operador_02,Completado,10086,TIN_000057,20057,40057,50057,Cliente_014,CLI014,Producto_011,Configuracion_002,30002,Fitosanitario 150 Gy,0.32,2,2,SYS_000839,TAG_000839,6,MODE_B - Config demo,0.32,2,1,0.32,0.025,8.0,0.625,11:58:00 a.m.,12:41:00 p.m.,00:43:00,Desviacion_demo_10086,Operador_03
27-ago-27,Operador_02,Completado,10086,TIN_000057,20057,40057,50057,Cliente_014,CLI014,Producto_011,Configuracion_002,30002,Fitosanitario 150 Gy,0.32,3,3,SYS_000840,TAG_000840,6,MODE_B - Config demo,0.32,2,1,0.32,0.025,8.0,0.625,11:58:00 a.m.,12:41:00 p.m.,00:43:00,Desviacion_demo_10086,Operador_01
27-ago-27,Operador_04,Completado,10086,TIN_000057,20057,40057,50057,Cliente_014,CLI014,Producto_011,Configuracion_002,30002,Fitosanitario 150 Gy,0.32,4,4,SYS_000841,TAG_000841,6,MODE_B - Config demo,0.32,2,1,0.32,0.025,8.0,0.625,11:58:00 a.m.,12:41:00 p.m.,00:43:00,Desviacion_demo_10086,Operador_01
27-ago-27,Operador_04,Completado,10086,TIN_000057,20057,40057,50057,Cliente_014,CLI014,Producto_011,Configuracion_002,30002,Fitosanitario 150 Gy,0.32,5,5,SYS_000842,TAG_000842,6,MODE_B - Config demo,0.32,2,1,0.32,0.025,8.0,0.625,11:58:00 a.m.,12:41:00 p.m.,00:43:00,Desviacion_demo_10086,Operador_05
27-ago-27,Operador_02,Completado,10086,TIN_000057,20057,40057,50057,Cliente_014,CLI014,Producto_011,Configuracion_002,30002,Fitosanitario 150 Gy,0.32,6,6,SYS_000843,TAG_000843,6,MODE_B - Config demo,0.32,2,1,0.32,0.025,8.0,0.625,11:58:00 a.m.,12:41:00 p.m.,00:43:00,Desviacion_demo_10086,Operador_03
21-ago-27,Operador_05,Completado,10087,TIN_000058,20058,40058,50058,Cliente_008,CLI008,Producto_013,Configuracion_003,30003,Desbacterizacion (Otros Y protocolos),1.5,1,1,SYS_000844,TAG_000844,9,MODE_B - Config demo,0.75,2,2,0.75,0.025,8.0,0.267,2:41:00 p.m.,3:33:00 p.m.,00:52:00,Desviacion_demo_10087,Operador_04
21-ago-27,Operador_02,Completado,10087,TIN_000058,20058,40058,50058,Cliente_008,CLI008,Producto_013,Configuracion_003,30003,Desbacterizacion (Otros Y protocolos),1.5,2,2,SYS_000845,TAG_000845,9,MODE_B - Config demo,0.75,2,2,0.75,0.025,8.0,0.267,2:41:00 p.m.,3:33:00 p.m.,00:52:00,Desviacion_demo_10087,Operador_05
21-ago-27,Operador_05,Completado,10087,TIN_000058,20058,40058,50058,Cliente_008,CLI008,Producto_013,Configuracion_003,30003,Desbacterizacion (Otros Y protocolos),1.5,3,3,SYS_000846,TAG_000846,9,MODE_B - Config demo,0.75,2,2,0.75,0.025,8.0,0.267,2:41:00 p.m.,3:33:00 p.m.,00:52:00,Desviacion_demo_10087,Operador_03
21-ago-27,Operador_03,Completado,10087,TIN_000058,20058,40058,50058,Cliente_008,CLI008,Producto_013,Configuracion_003,30003,Desbacterizacion (Otros Y protocolos),1.5,4,4,SYS_000847,TAG_000847,9,MODE_B - Config demo,0.75,2,2,0.75,0.025,8.0,0.267,2:41:00 p.m.,3:33:00 p.m.,00:52:00,Desviacion_demo_10087,Operador_01
21-ago-27,Operador_01,Completado,10087,TIN_000058,20058,40058,50058,Cliente_008,CLI008,Producto_013,Configuracion_003,30003,Desbacterizacion (Otros Y protocolos),1.5,5,5,SYS_000848,TAG_000848,9,MODE_B - Config demo,0.75,2,2,0.75,0.025,8.0,0.267,2:41:00 p.m.,3:33:00 p.m.,00:52:00,Desviacion_demo_10087,Operador_01
21-ago-27,Operador_01,Completado,10087,TIN_000058,20058,40058,50058,Cliente_008,CLI008,Producto_013,Configuracion_003,30003,Desbacterizacion (Otros Y protocolos),1.5,6,6,SYS_000849,TAG_000849,9,MODE_B - Config demo,0.75,2,2,0.75,0.025,8.0,0.267,2:41:00 p.m.,3:33:00 p.m.,00:52:00,Desviacion_demo_10087,Operador_03
21-ago-27,Operador_04,Completado,10087,TIN_000058,20058,40058,50058,Cliente_008,CLI008,Producto_013,Configuracion_003,30003,Desbacterizacion (Otros Y protocolos),1.5,7,7,SYS_000850,TAG_000850,9,MODE_B - Config demo,0.75,2,2,0.75,0.025,8.0,0.267,2:41:00 p.m.,3:33:00 p.m.,00:52:00,Desviacion_demo_10087,Operador_01
21-ago-27,Operador_01,Completado,10087,TIN_000058,20058,40058,50058,Cliente_008,CLI008,Producto_013,Configuracion_003,30003,Desbacterizacion (Otros Y protocolos),1.5,8,8,SYS_000851,TAG_000851,9,MODE_B - Config demo,0.75,2,2,0.75,0.025,8.0,0.267,2:41:00 p.m.,3:33:00 p.m.,00:52:00,Desviacion_demo_10087,Operador_02
21-ago-27,Operador_03,Completado,10087,TIN_000058,20058,40058,50058,Cliente_008,CLI008,Producto_013,Configuracion_003,30003,Desbacterizacion (Otros Y protocolos),1.5,9,9,SYS_000852,TAG_000852,9,MODE_B - Config demo,0.75,2,2,0.75,0.025,8.0,0.267,2:41:00 p.m.,3:33:00 p.m.,00:52:00,Desviacion_demo_10087,Operador_03
04-ago-27,Operador_03,Completado,10088,TIN_000059,20059,40059,50059,Cliente_020,CLI020,Producto_002,Configuracion_004,30004,Fitosanitario 150 Gy,0.25,1,1,SYS_000853,TAG_000853,8,MODE_B - Config demo,0.25,2,1,0.25,0.025,8.0,0.8,8:39:00 a.m.,9:43:00 a.m.,01:04:00,,Operador_02
04-ago-27,Operador_01,Completado,10088,TIN_000059,20059,40059,50059,Cliente_020,CLI020,Producto_002,Configuracion_004,30004,Fitosanitario 150 Gy,0.25,2,2,SYS_000854,TAG_000854,8,MODE_B - Config demo,0.25,2,1,0.25,0.025,8.0,0.8,8:39:00 a.m.,9:43:00 a.m.,01:04:00,,Operador_04
04-ago-27,Operador_04,Completado,10088,TIN_000059,20059,40059,50059,Cliente_020,CLI020,Producto_002,Configuracion_004,30004,Fitosanitario 150 Gy,0.25,3,3,SYS_000855,TAG_000855,8,MODE_B - Config demo,0.25,2,1,0.25,0.025,8.0,0.8,8:39:00 a.m.,9:43:00 a.m.,01:04:00,,Operador_03
04-ago-27,Operador_04,Completado,10088,TIN_000059,20059,40059,50059,Cliente_020,CLI020,Producto_002,Configuracion_004,30004,Fitosanitario 150 Gy,0.25,4,4,SYS_000856,TAG_000856,8,MODE_B - Config demo,0.25,2,1,0.25,0.025,8.0,0.8,8:39:00 a.m.,9:43:00 a.m.,01:04:00,,Operador_01
04-ago-27,Operador_01,Completado,10088,TIN_000059,20059,40059,50059,Cliente_020,CLI020,Producto_002,Configuracion_004,30004,Fitosanitario 150 Gy,0.25,5,5,SYS_000857,TAG_000857,8,MODE_B - Config demo,0.25,2,1,0.25,0.025,8.0,0.8,8:39:00 a.m.,9:43:00 a.m.,01:04:00,,Operador_02
04-ago-27,Operador_02,Completado,10088,TIN_000059,20059,40059,50059,Cliente_020,CLI020,Producto_002,Configuracion_004,30004,Fitosanitario 150 Gy,0.25,6,6,SYS_000858,TAG_000858,8,MODE_B - Config demo,0.25,2,1,0.25,0.025,8.0,0.8,8:39:00 a.m.,9:43:00 a.m.,01:04:00,,Operador_03
04-ago-27,Operador_01,Completado,10088,TIN_000059,20059,40059,50059,Cliente_020,CLI020,Producto_002,Configuracion_004,30004,Fitosanitario 150 Gy,0.25,7,7,SYS_000859,TAG_000859,8,MODE_B - Config demo,0.25,2,1,0.25,0.025,8.0,0.8,8:39:00 a.m.,9:43:00 a.m.,01:04:00,,Operador_01
04-ago-27,Operador_04,Completado,10088,TIN_000059,20059,40059,50059,Cliente_020,CLI020,Producto_002,Configuracion_004,30004,Fitosanitario 150 Gy,0.25,8,8,SYS_000860,TAG_000860,8,MODE_B - Config demo,0.25,2,1,0.25,0.025,8.0,0.8,8:39:00 a.m.,9:43:00 a.m.,01:04:00,,Operador_04
03-ago-27,Operador_01,Completado,10089,TIN_000060,20060,40060,50060,Cliente_001,CLI001,Producto_010,Configuracion_005,30005,Fitosanitario 150 Gy,0.32,1,1,SYS_000861,TAG_000861,9,MODE_A - Config demo,0.32,2,1,0.32,2.5,2.4,18.75,6:22:00 a.m.,7:13:00 a.m.,00:51:00,,Operador_05
03-ago-27,Operador_01,Completado,10089,TIN_000060,20060,40060,50060,Cliente_001,CLI001,Producto_010,Configuracion_005,30005,Fitosanitario 150 Gy,0.32,2,2,SYS_000862,TAG_000862,9,MODE_A - Config demo,0.32,2,1,0.32,2.5,2.4,18.75,6:22:00 a.m.,7:13:00 a.m.,00:51:00,,Operador_02
03-ago-27,Operador_05,Completado,10089,TIN_000060,20060,40060,50060,Cliente_001,CLI001,Producto_010,Configuracion_005,30005,Fitosanitario 150 Gy,0.32,3,3,SYS_000863,TAG_000863,9,MODE_A - Config demo,0.32,2,1,0.32,2.5,2.4,18.75,6:22:00 a.m.,7:13:00 a.m.,00:51:00,,Operador_04
03-ago-27,Operador_05,Completado,10090,TIN_000060,20060,40060,50060,Cliente_001,CLI001,Producto_010,Configuracion_005,30005,Fitosanitario 150 Gy,0.32,4,1,SYS_000864,TAG_000864,9,MODE_B - Config demo,0.32,2,1,0.32,0.025,8.0,0.625,5:56:00 p.m.,6:38:00 p.m.,00:42:00,,Operador_03
03-ago-27,Operador_02,Completado,10090,TIN_000060,20060,40060,50060,Cliente_001,CLI001,Producto_010,Configuracion_005,30005,Fitosanitario 150 Gy,0.32,5,2,SYS_000865,TAG_000865,9,MODE_B - Config demo,0.32,2,1,0.32,0.025,8.0,0.625,5:56:00 p.m.,6:38:00 p.m.,00:42:00,,Operador_03
03-ago-27,Operador_03,Completado,10090,TIN_000060,20060,40060,50060,Cliente_001,CLI001,Producto_010,Configuracion_005,30005,Fitosanitario 150 Gy,0.32,6,3,SYS_000866,TAG_000866,9,MODE_B - Config demo,0.32,2,1,0.32,0.025,8.0,0.625,5:56:00 p.m.,6:38:00 p.m.,00:42:00,,Operador_04
03-ago-27,Operador_01,Completado,10091,TIN_000060,20060,40060,50060,Cliente_001,CLI001,Producto_010,Configuracion_005,30005,Fitosanitario 150 Gy,0.32,7,1,SYS_000867,TAG_000867,9,MODE_A - Config demo,0.16,2,2,0.16,2.5,2.4,37.5,7:14:00 a.m.,8:04:00 a.m.,00:50:00,,Operador_03
03-ago-27,Operador_01,Completado,10091,TIN_000060,20060,40060,50060,Cliente_001,CLI001,Producto_010,Configuracion_005,30005,Fitosanitario 150 Gy,0.32,8,2,SYS_000868,TAG_000868,9,MODE_A - Config demo,0.16,2,2,0.16,2.5,2.4,37.5,7:14:00 a.m.,8:04:00 a.m.,00:50:00,,Operador_01
03-ago-27,Operador_04,Completado,10091,TIN_000060,20060,40060,50060,Cliente_001,CLI001,Producto_010,Configuracion_005,30005,Fitosanitario 150 Gy,0.32,9,3,SYS_000869,TAG_000869,9,MODE_A - Config demo,0.16,2,2,0.16,2.5,2.4,37.5,7:14:00 a.m.,8:04:00 a.m.,00:50:00,,Operador_02
06-ago-27,Operador_05,Completado,10092,TIN_000061,20061,40061,50061,Cliente_003,CLI003,Producto_004,Configuracion_006,30006,Desbacterizacion (Vegetales),3.0,1,1,SYS_000870,TAG_000870,17,MODE_B - Config demo,3.0,2,1,3.0,0.025,8.0,0.067,10:34:00 a.m.,12:06:00 p.m.,01:32:00,,Operador_03
06-ago-27,Operador_01,Completado,10092,TIN_000061,20061,40061,50061,Cliente_003,CLI003,Producto_004,Configuracion_006,30006,Desbacterizacion (Vegetales),3.0,2,2,SYS_000871,TAG_000871,17,MODE_B - Config demo,3.0,2,1,3.0,0.025,8.0,0.067,10:34:00 a.m.,12:06:00 p.m.,01:32:00,,Operador_01
06-ago-27,Operador_02,Completado,10092,TIN_000061,20061,40061,50061,Cliente_003,CLI003,Producto_004,Configuracion_006,30006,Desbacterizacion (Vegetales),3.0,3,3,SYS_000872,TAG_000872,17,MODE_B - Config demo,3.0,2,1,3.0,0.025,8.0,0.067,10:34:00 a.m.,12:06:00 p.m.,01:32:00,,Operador_03
06-ago-27,Operador_03,Completado,10092,TIN_000061,20061,40061,50061,Cliente_003,CLI003,Producto_004,Configuracion_006,30006,Desbacterizacion (Vegetales),3.0,4,4,SYS_000873,TAG_000873,17,MODE_B - Config demo,3.0,2,1,3.0,0.025,8.0,0.067,10:34:00 a.m.,12:06:00 p.m.,01:32:00,,Operador_02
06-ago-27,Operador_05,Completado,10092,TIN_000061,20061,40061,50061,Cliente_003,CLI003,Producto_004,Configuracion_006,30006,Desbacterizacion (Vegetales),3.0,5,5,SYS_000874,TAG_000874,17,MODE_B - Config demo,3.0,2,1,3.0,0.025,8.0,0.067,10:34:00 a.m.,12:06:00 p.m.,01:32:00,,Operador_03
06-ago-27,Operador_03,Completado,10092,TIN_000061,20061,40061,50061,Cliente_003,CLI003,Producto_004,Configuracion_006,30006,Desbacterizacion (Vegetales),3.0,6,6,SYS_000875,TAG_000875,17,MODE_B - Config demo,3.0,2,1,3.0,0.025,8.0,0.067,10:34:00 a.m.,12:06:00 p.m.,01:32:00,,Operador_02
06-ago-27,Operador_03,Completado,10092,TIN_000061,20061,40061,50061,Cliente_003,CLI003,Producto_004,Configuracion_006,30006,Desbacterizacion (Vegetales),3.0,7,7,SYS_000876,TAG_000876,17,MODE_B - Config demo,3.0,2,1,3.0,0.025,8.0,0.067,10:34:00 a.m.,12:06:00 p.m.,01:32:00,,Operador_04
06-ago-27,Operador_05,Completado,10092,TIN_000061,20061,40061,50061,Cliente_003,CLI003,Producto_004,Configuracion_006,30006,Desbacterizacion (Vegetales),3.0,8,8,SYS_000877,TAG_000877,17,MODE_B - Config demo,3.0,2,1,3.0,0.025,8.0,0.067,10:34:00 a.m.,12:06:00 p.m.,01:32:00,,Operador_05
06-ago-27,Operador_01,Completado,10092,TIN_000061,20061,40061,50061,Cliente_003,CLI003,Producto_004,Configuracion_006,30006,Desbacterizacion (Vegetales),3.0,9,9,SYS_000878,TAG_000878,17,MODE_B - Config demo,3.0,2,1,3.0,0.025,8.0,0.067,10:34:00 a.m.,12:06:00 p.m.,01:32:00,,Operador_01
06-ago-27,Operador_05,Completado,10092,TIN_000061,20061,40061,50061,Cliente_003,CLI003,Producto_004,Configuracion_006,30006,Desbacterizacion (Vegetales),3.0,10,10,SYS_000879,TAG_000879,17,MODE_B - Config demo,3.0,2,1,3.0,0.025,8.0,0.067,10:34:00 a.m.,12:06:00 p.m.,01:32:00,,Operador_02
06-ago-27,Operador_01,Completado,10092,TIN_000061,20061,40061,50061,Cliente_003,CLI003,Producto_004,Configuracion_006,30006,Desbacterizacion (Vegetales),3.0,11,11,SYS_000880,TAG_000880,17,MODE_B - Config demo,3.0,2,1,3.0,0.025,8.0,0.067,10:34:00 a.m.,12:06:00 p.m.,01:32:00,,Operador_04
06-ago-27,Operador_05,Completado,10092,TIN_000061,20061,40061,50061,Cliente_003,CLI003,Producto_004,Configuracion_006,30006,Desbacterizacion (Vegetales),3.0,12,12,SYS_000881,TAG_000881,17,MODE_B - Config demo,3.0,2,1,3.0,0.025,8.0,0.067,10:34:00 a.m.,12:06:00 p.m.,01:32:00,,Operador_04
06-ago-27,Operador_01,Completado,10092,TIN_000061,20061,40061,50061,Cliente_003,CLI003,Producto_004,Configuracion_006,30006,Desbacterizacion (Vegetales),3.0,13,1,SYS_000882,TAG_000882,17,MODE_B - Config demo,3.0,2,1,3.0,0.025,8.0,0.067,10:34:00 a.m.,12:06:00 p.m.,01:32:00,,Operador_02
06-ago-27,Operador_02,Completado,10092,TIN_000061,20061,40061,50061,Cliente_003,CLI003,Producto_004,Configuracion_006,30006,Desbacterizacion (Vegetales),3.0,14,2,SYS_000883,TAG_000883,17,MODE_B - Config demo,3.0,2,1,3.0,0.025,8.0,0.067,10:34:00 a.m.,12:06:00 p.m.,01:32:00,,Operador_02
06-ago-27,Operador_04,Completado,10092,TIN_000061,20061,40061,50061,Cliente_003,CLI003,Producto_004,Configuracion_006,30006,Desbacterizacion (Vegetales),3.0,15,3,SYS_000884,TAG_000884,17,MODE_B - Config demo,3.0,2,1,3.0,0.025,8.0,0.067,10:34:00 a.m.,12:06:00 p.m.,01:32:00,,Operador_04
06-ago-27,Operador_02,Completado,10092,TIN_000061,20061,40061,50061,Cliente_003,CLI003,Producto_004,Configuracion_006,30006,Desbacterizacion (Vegetales),3.0,16,4,SYS_000885,TAG_000885,17,MODE_B - Config demo,3.0,2,1,3.0,0.025,8.0,0.067,10:34:00 a.m.,12:06:00 p.m.,01:32:00,,Operador_03
06-ago-27,Operador_03,Completado,10092,TIN_000061,20061,40061,50061,Cliente_003,CLI003,Producto_004,Configuracion_006,30006,Desbacterizacion (Vegetales),3.0,17,5,SYS_000886,TAG_000886,17,MODE_B - Config demo,3.0,2,1,3.0,0.025,8.0,0.067,10:34:00 a.m.,12:06:00 p.m.,01:32:00,,Operador_02
18-ago-27,Operador_02,Completado,10093,TIN_000062,20062,40062,50062,Cliente_006,CLI006,Producto_004,Configuracion_007,30007,Fitosanitario 150 Gy,0.35,1,1,SYS_000887,TAG_000887,18,MODE_A - Config demo,0.35,2,1,0.35,2.5,2.4,17.143,1:27:00 p.m.,2:21:00 p.m.,00:54:00,,Operador_02
18-ago-27,Operador_04,Completado,10093,TIN_000062,20062,40062,50062,Cliente_006,CLI006,Producto_004,Configuracion_007,30007,Fitosanitario 150 Gy,0.35,2,2,SYS_000888,TAG_000888,18,MODE_A - Config demo,0.35,2,1,0.35,2.5,2.4,17.143,1:27:00 p.m.,2:21:00 p.m.,00:54:00,,Operador_05
18-ago-27,Operador_05,Completado,10093,TIN_000062,20062,40062,50062,Cliente_006,CLI006,Producto_004,Configuracion_007,30007,Fitosanitario 150 Gy,0.35,3,3,SYS_000889,TAG_000889,18,MODE_A - Config demo,0.35,2,1,0.35,2.5,2.4,17.143,1:27:00 p.m.,2:21:00 p.m.,00:54:00,,Operador_02
18-ago-27,Operador_05,Completado,10093,TIN_000062,20062,40062,50062,Cliente_006,CLI006,Producto_004,Configuracion_007,30007,Fitosanitario 150 Gy,0.35,4,4,SYS_000890,TAG_000890,18,MODE_A - Config demo,0.35,2,1,0.35,2.5,2.4,17.143,1:27:00 p.m.,2:21:00 p.m.,00:54:00,,Operador_05
18-ago-27,Operador_05,Completado,10093,TIN_000062,20062,40062,50062,Cliente_006,CLI006,Producto_004,Configuracion_007,30007,Fitosanitario 150 Gy,0.35,5,5,SYS_000891,TAG_000891,18,MODE_A - Config demo,0.35,2,1,0.35,2.5,2.4,17.143,1:27:00 p.m.,2:21:00 p.m.,00:54:00,,Operador_01
18-ago-27,Operador_04,Completado,10093,TIN_000062,20062,40062,50062,Cliente_006,CLI006,Producto_004,Configuracion_007,30007,Fitosanitario 150 Gy,0.35,6,6,SYS_000892,TAG_000892,18,MODE_A - Config demo,0.35,2,1,0.35,2.5,2.4,17.143,1:27:00 p.m.,2:21:00 p.m.,00:54:00,,Operador_02
18-ago-27,Operador_05,Completado,10094,TIN_000062,20062,40062,50062,Cliente_006,CLI006,Producto_004,Configuracion_007,30007,Fitosanitario 150 Gy,0.35,7,1,SYS_000893,TAG_000893,18,MODE_A - Config demo,0.35,2,1,0.35,2.5,2.4,17.143,11:15:00 a.m.,12:15:00 p.m.,01:00:00,,Operador_03
18-ago-27,Operador_04,Completado,10094,TIN_000062,20062,40062,50062,Cliente_006,CLI006,Producto_004,Configuracion_007,30007,Fitosanitario 150 Gy,0.35,8,2,SYS_000894,TAG_000894,18,MODE_A - Config demo,0.35,2,1,0.35,2.5,2.4,17.143,11:15:00 a.m.,12:15:00 p.m.,01:00:00,,Operador_01
18-ago-27,Operador_02,Completado,10094,TIN_000062,20062,40062,50062,Cliente_006,CLI006,Producto_004,Configuracion_007,30007,Fitosanitario 150 Gy,0.35,9,3,SYS_000895,TAG_000895,18,MODE_A - Config demo,0.35,2,1,0.35,2.5,2.4,17.143,11:15:00 a.m.,12:15:00 p.m.,01:00:00,,Operador_03
18-ago-27,Operador_03,Completado,10094,TIN_000062,20062,40062,50062,Cliente_006,CLI006,Producto_004,Configuracion_007,30007,Fitosanitario 150 Gy,0.35,10,4,SYS_000896,TAG_000896,18,MODE_A - Config demo,0.35,2,1,0.35,2.5,2.4,17.143,11:15:00 a.m.,12:15:00 p.m.,01:00:00,,Operador_02
18-ago-27,Operador_05,Completado,10094,TIN_000062,20062,40062,50062,Cliente_006,CLI006,Producto_004,Configuracion_007,30007,Fitosanitario 150 Gy,0.35,11,5,SYS_000897,TAG_000897,18,MODE_A - Config demo,0.35,2,1,0.35,2.5,2.4,17.143,11:15:00 a.m.,12:15:00 p.m.,01:00:00,,Operador_02
18-ago-27,Operador_03,Completado,10094,TIN_000062,20062,40062,50062,Cliente_006,CLI006,Producto_004,Configuracion_007,30007,Fitosanitario 150 Gy,0.35,12,6,SYS_000898,TAG_000898,18,MODE_A - Config demo,0.35,2,1,0.35,2.5,2.4,17.143,11:15:00 a.m.,12:15:00 p.m.,01:00:00,,Operador_03
18-ago-27,Operador_02,Completado,10095,TIN_000062,20062,40062,50062,Cliente_006,CLI006,Producto_004,Configuracion_007,30007,Fitosanitario 150 Gy,0.35,13,1,SYS_000899,TAG_000899,18,MODE_B - Config demo,0.175,2,2,0.175,0.025,8.0,1.143,8:49:00 a.m.,9:43:00 a.m.,00:54:00,,Operador_03
18-ago-27,Operador_03,Completado,10095,TIN_000062,20062,40062,50062,Cliente_006,CLI006,Producto_004,Configuracion_007,30007,Fitosanitario 150 Gy,0.35,14,2,SYS_000900,TAG_000900,18,MODE_B - Config demo,0.175,2,2,0.175,0.025,8.0,1.143,8:49:00 a.m.,9:43:00 a.m.,00:54:00,,Operador_02
18-ago-27,Operador_02,Completado,10095,TIN_000062,20062,40062,50062,Cliente_006,CLI006,Producto_004,Configuracion_007,30007,Fitosanitario 150 Gy,0.35,15,3,SYS_000901,TAG_000901,18,MODE_B - Config demo,0.175,2,2,0.175,0.025,8.0,1.143,8:49:00 a.m.,9:43:00 a.m.,00:54:00,,Operador_02
18-ago-27,Operador_05,Completado,10095,TIN_000062,20062,40062,50062,Cliente_006,CLI006,Producto_004,Configuracion_007,30007,Fitosanitario 150 Gy,0.35,16,4,SYS_000902,TAG_000902,18,MODE_B - Config demo,0.175,2,2,0.175,0.025,8.0,1.143,8:49:00 a.m.,9:43:00 a.m.,00:54:00,,Operador_05
18-ago-27,Operador_01,Completado,10095,TIN_000062,20062,40062,50062,Cliente_006,CLI006,Producto_004,Configuracion_007,30007,Fitosanitario 150 Gy,0.35,17,5,SYS_000903,TAG_000903,18,MODE_B - Config demo,0.175,2,2,0.175,0.025,8.0,1.143,8:49:00 a.m.,9:43:00 a.m.,00:54:00,,Operador_01
18-ago-27,Operador_05,Completado,10095,TIN_000062,20062,40062,50062,Cliente_006,CLI006,Producto_004,Configuracion_007,30007,Fitosanitario 150 Gy,0.35,18,6,SYS_000904,TAG_000904,18,MODE_B - Config demo,0.175,2,2,0.175,0.025,8.0,1.143,8:49:00 a.m.,9:43:00 a.m.,00:54:00,,Operador_02
11-ago-27,Operador_01,Completado,10096,TIN_000063,20063,40063,50063,Cliente_010,CLI010,Producto_007,Configuracion_008,30008,Desbacterizacion (Vegetales),1.5,1,1,SYS_000905,TAG_000905,11,MODE_B - Config demo,1.5,2,1,1.5,0.025,8.0,0.133,8:17:00 a.m.,9:03:00 a.m.,00:46:00,,Operador_04
11-ago-27,Operador_03,Completado,10096,TIN_000063,20063,40063,50063,Cliente_010,CLI010,Producto_007,Configuracion_008,30008,Desbacterizacion (Vegetales),1.5,2,2,SYS_000906,TAG_000906,11,MODE_B - Config demo,1.5,2,1,1.5,0.025,8.0,0.133,8:17:00 a.m.,9:03:00 a.m.,00:46:00,,Operador_02
11-ago-27,Operador_02,Completado,10096,TIN_000063,20063,40063,50063,Cliente_010,CLI010,Producto_007,Configuracion_008,30008,Desbacterizacion (Vegetales),1.5,3,3,SYS_000907,TAG_000907,11,MODE_B - Config demo,1.5,2,1,1.5,0.025,8.0,0.133,8:17:00 a.m.,9:03:00 a.m.,00:46:00,,Operador_02
11-ago-27,Operador_02,Completado,10096,TIN_000063,20063,40063,50063,Cliente_010,CLI010,Producto_007,Configuracion_008,30008,Desbacterizacion (Vegetales),1.5,4,4,SYS_000908,TAG_000908,11,MODE_B - Config demo,1.5,2,1,1.5,0.025,8.0,0.133,8:17:00 a.m.,9:03:00 a.m.,00:46:00,,Operador_02
11-ago-27,Operador_03,Completado,10096,TIN_000063,20063,40063,50063,Cliente_010,CLI010,Producto_007,Configuracion_008,30008,Desbacterizacion (Vegetales),1.5,5,5,SYS_000909,TAG_000909,11,MODE_B - Config demo,1.5,2,1,1.5,0.025,8.0,0.133,8:17:00 a.m.,9:03:00 a.m.,00:46:00,,Operador_04
11-ago-27,Operador_04,Completado,10096,TIN_000063,20063,40063,50063,Cliente_010,CLI010,Producto_007,Configuracion_008,30008,Desbacterizacion (Vegetales),1.5,6,6,SYS_000910,TAG_000910,11,MODE_B - Config demo,1.5,2,1,1.5,0.025,8.0,0.133,8:17:00 a.m.,9:03:00 a.m.,00:46:00,,Operador_02
11-ago-27,Operador_02,Completado,10097,TIN_000063,20063,40063,50063,Cliente_010,CLI010,Producto_007,Configuracion_008,30008,Desbacterizacion (Vegetales),1.5,7,1,SYS_000911,TAG_000911,11,MODE_B - Config demo,0.75,2,2,0.75,0.025,8.0,0.267,4:41:00 p.m.,5:34:00 p.m.,00:53:00,,Operador_03
11-ago-27,Operador_03,Completado,10097,TIN_000063,20063,40063,50063,Cliente_010,CLI010,Producto_007,Configuracion_008,30008,Desbacterizacion (Vegetales),1.5,8,2,SYS_000912,TAG_000912,11,MODE_B - Config demo,0.75,2,2,0.75,0.025,8.0,0.267,4:41:00 p.m.,5:34:00 p.m.,00:53:00,,Operador_04
11-ago-27,Operador_05,Completado,10097,TIN_000063,20063,40063,50063,Cliente_010,CLI010,Producto_007,Configuracion_008,30008,Desbacterizacion (Vegetales),1.5,9,3,SYS_000913,TAG_000913,11,MODE_B - Config demo,0.75,2,2,0.75,0.025,8.0,0.267,4:41:00 p.m.,5:34:00 p.m.,00:53:00,,Operador_03
11-ago-27,Operador_01,Completado,10097,TIN_000063,20063,40063,50063,Cliente_010,CLI010,Producto_007,Configuracion_008,30008,Desbacterizacion (Vegetales),1.5,10,4,SYS_000914,TAG_000914,11,MODE_B - Config demo,0.75,2,2,0.75,0.025,8.0,0.267,4:41:00 p.m.,5:34:00 p.m.,00:53:00,,Operador_01
11-ago-27,Operador_02,Completado,10097,TIN_000063,20063,40063,50063,Cliente_010,CLI010,Producto_007,Configuracion_008,30008,Desbacterizacion (Vegetales),1.5,11,5,SYS_000915,TAG_000915,11,MODE_B - Config demo,0.75,2,2,0.75,0.025,8.0,0.267,4:41:00 p.m.,5:34:00 p.m.,00:53:00,,Operador_03
20-ago-27,Operador_01,Completado,10098,TIN_000064,20064,40064,50064,Cliente_001,CLI001,Producto_007,Configuracion_001,30001,Fitosanitario 150 Gy,0.3,1,1,SYS_000916,TAG_000916,19,MODE_B - Config demo,0.3,2,1,0.3,0.025,8.0,0.667,2:11:00 p.m.,3:50:00 p.m.,01:39:00,,Operador_03
20-ago-27,Operador_03,Completado,10098,TIN_000064,20064,40064,50064,Cliente_001,CLI001,Producto_007,Configuracion_001,30001,Fitosanitario 150 Gy,0.3,2,2,SYS_000917,TAG_000917,19,MODE_B - Config demo,0.3,2,1,0.3,0.025,8.0,0.667,2:11:00 p.m.,3:50:00 p.m.,01:39:00,,Operador_02
20-ago-27,Operador_02,Completado,10098,TIN_000064,20064,40064,50064,Cliente_001,CLI001,Producto_007,Configuracion_001,30001,Fitosanitario 150 Gy,0.3,3,3,SYS_000918,TAG_000918,19,MODE_B - Config demo,0.3,2,1,0.3,0.025,8.0,0.667,2:11:00 p.m.,3:50:00 p.m.,01:39:00,,Operador_02
20-ago-27,Operador_01,Completado,10098,TIN_000064,20064,40064,50064,Cliente_001,CLI001,Producto_007,Configuracion_001,30001,Fitosanitario 150 Gy,0.3,4,4,SYS_000919,TAG_000919,19,MODE_B - Config demo,0.3,2,1,0.3,0.025,8.0,0.667,2:11:00 p.m.,3:50:00 p.m.,01:39:00,,Operador_02
20-ago-27,Operador_02,Completado,10098,TIN_000064,20064,40064,50064,Cliente_001,CLI001,Producto_007,Configuracion_001,30001,Fitosanitario 150 Gy,0.3,5,5,SYS_000920,TAG_000920,19,MODE_B - Config demo,0.3,2,1,0.3,0.025,8.0,0.667,2:11:00 p.m.,3:50:00 p.m.,01:39:00,,Operador_03
20-ago-27,Operador_02,Completado,10098,TIN_000064,20064,40064,50064,Cliente_001,CLI001,Producto_007,Configuracion_001,30001,Fitosanitario 150 Gy,0.3,6,6,SYS_000921,TAG_000921,19,MODE_B - Config demo,0.3,2,1,0.3,0.025,8.0,0.667,2:11:00 p.m.,3:50:00 p.m.,01:39:00,,Operador_01
20-ago-27,Operador_04,Completado,10098,TIN_000064,20064,40064,50064,Cliente_001,CLI001,Producto_007,Configuracion_001,30001,Fitosanitario 150 Gy,0.3,7,7,SYS_000922,TAG_000922,19,MODE_B - Config demo,0.3,2,1,0.3,0.025,8.0,0.667,2:11:00 p.m.,3:50:00 p.m.,01:39:00,,Operador_02
20-ago-27,Operador_01,Completado,10098,TIN_000064,20064,40064,50064,Cliente_001,CLI001,Producto_007,Configuracion_001,30001,Fitosanitario 150 Gy,0.3,8,8,SYS_000923,TAG_000923,19,MODE_B - Config demo,0.3,2,1,0.3,0.025,8.0,0.667,2:11:00 p.m.,3:50:00 p.m.,01:39:00,,Operador_01
20-ago-27,Operador_03,Completado,10098,TIN_000064,20064,40064,50064,Cliente_001,CLI001,Producto_007,Configuracion_001,30001,Fitosanitario 150 Gy,0.3,9,9,SYS_000924,TAG_000924,19,MODE_B - Config demo,0.3,2,1,0.3,0.025,8.0,0.667,2:11:00 p.m.,3:50:00 p.m.,01:39:00,,Operador_02
20-ago-27,Operador_05,Completado,10098,TIN_000064,20064,40064,50064,Cliente_001,CLI001,Producto_007,Configuracion_001,30001,Fitosanitario 150 Gy,0.3,10,10,SYS_000925,TAG_000925,19,MODE_B - Config demo,0.3,2,1,0.3,0.025,8.0,0.667,2:11:00 p.m.,3:50:00 p.m.,01:39:00,,Operador_04
20-ago-27,Operador_02,Completado,10098,TIN_000064,20064,40064,50064,Cliente_001,CLI001,Producto_007,Configuracion_001,30001,Fitosanitario 150 Gy,0.3,11,11,SYS_000926,TAG_000926,19,MODE_B - Config demo,0.3,2,1,0.3,0.025,8.0,0.667,2:11:00 p.m.,3:50:00 p.m.,01:39:00,,Operador_05
20-ago-27,Operador_04,Completado,10098,TIN_000064,20064,40064,50064,Cliente_001,CLI001,Producto_007,Configuracion_001,30001,Fitosanitario 150 Gy,0.3,12,12,SYS_000927,TAG_000927,19,MODE_B - Config demo,0.3,2,1,0.3,0.025,8.0,0.667,2:11:00 p.m.,3:50:00 p.m.,01:39:00,,Operador_04
20-ago-27,Operador_01,Completado,10098,TIN_000064,20064,40064,50064,Cliente_001,CLI001,Producto_007,Configuracion_001,30001,Fitosanitario 150 Gy,0.3,13,1,SYS_000928,TAG_000928,19,MODE_B - Config demo,0.3,2,1,0.3,0.025,8.0,0.667,2:11:00 p.m.,3:50:00 p.m.,01:39:00,,Operador_02
20-ago-27,Operador_04,Completado,10098,TIN_000064,20064,40064,50064,Cliente_001,CLI001,Producto_007,Configuracion_001,30001,Fitosanitario 150 Gy,0.3,14,2,SYS_000929,TAG_000929,19,MODE_B - Config demo,0.3,2,1,0.3,0.025,8.0,0.667,2:11:00 p.m.,3:50:00 p.m.,01:39:00,,Operador_03
20-ago-27,Operador_05,Completado,10098,TIN_000064,20064,40064,50064,Cliente_001,CLI001,Producto_007,Configuracion_001,30001,Fitosanitario 150 Gy,0.3,15,3,SYS_000930,TAG_000930,19,MODE_B - Config demo,0.3,2,1,0.3,0.025,8.0,0.667,2:11:00 p.m.,3:50:00 p.m.,01:39:00,,Operador_04
20-ago-27,Operador_01,Completado,10098,TIN_000064,20064,40064,50064,Cliente_001,CLI001,Producto_007,Configuracion_001,30001,Fitosanitario 150 Gy,0.3,16,4,SYS_000931,TAG_000931,19,MODE_B - Config demo,0.3,2,1,0.3,0.025,8.0,0.667,2:11:00 p.m.,3:50:00 p.m.,01:39:00,,Operador_05
20-ago-27,Operador_05,Completado,10098,TIN_000064,20064,40064,50064,Cliente_001,CLI001,Producto_007,Configuracion_001,30001,Fitosanitario 150 Gy,0.3,17,5,SYS_000932,TAG_000932,19,MODE_B - Config demo,0.3,2,1,0.3,0.025,8.0,0.667,2:11:00 p.m.,3:50:00 p.m.,01:39:00,,Operador_04
20-ago-27,Operador_04,Completado,10098,TIN_000064,20064,40064,50064,Cliente_001,CLI001,Producto_007,Configuracion_001,30001,Fitosanitario 150 Gy,0.3,18,6,SYS_000933,TAG_000933,19,MODE_B - Config demo,0.3,2,1,0.3,0.025,8.0,0.667,2:11:00 p.m.,3:50:00 p.m.,01:39:00,,Operador_01
20-ago-27,Operador_04,Completado,10098,TIN_000064,20064,40064,50064,Cliente_001,CLI001,Producto_007,Configuracion_001,30001,Fitosanitario 150 Gy,0.3,19,7,SYS_000934,TAG_000934,19,MODE_B - Config demo,0.3,2,1,0.3,0.025,8.0,0.667,2:11:00 p.m.,3:50:00 p.m.,01:39:00,,Operador_04
28-ago-27,Operador_02,Completado,10099,TIN_000065,20065,40065,50065,Cliente_020,CLI020,Producto_010,Configuracion_002,30002,Fitosanitario 150 Gy,0.3,1,1,SYS_000935,TAG_000935,13,MODE_B - Config demo,0.3,2,1,0.3,0.025,8.0,0.667,6:43:00 p.m.,7:36:00 p.m.,00:53:00,Desviacion_demo_10099,Operador_01
28-ago-27,Operador_05,Completado,10099,TIN_000065,20065,40065,50065,Cliente_020,CLI020,Producto_010,Configuracion_002,30002,Fitosanitario 150 Gy,0.3,2,2,SYS_000936,TAG_000936,13,MODE_B - Config demo,0.3,2,1,0.3,0.025,8.0,0.667,6:43:00 p.m.,7:36:00 p.m.,00:53:00,Desviacion_demo_10099,Operador_04
28-ago-27,Operador_05,Completado,10099,TIN_000065,20065,40065,50065,Cliente_020,CLI020,Producto_010,Configuracion_002,30002,Fitosanitario 150 Gy,0.3,3,3,SYS_000937,TAG_000937,13,MODE_B - Config demo,0.3,2,1,0.3,0.025,8.0,0.667,6:43:00 p.m.,7:36:00 p.m.,00:53:00,Desviacion_demo_10099,Operador_03
28-ago-27,Operador_02,Completado,10099,TIN_000065,20065,40065,50065,Cliente_020,CLI020,Producto_010,Configuracion_002,30002,Fitosanitario 150 Gy,0.3,4,4,SYS_000938,TAG_000938,13,MODE_B - Config demo,0.3,2,1,0.3,0.025,8.0,0.667,6:43:00 p.m.,7:36:00 p.m.,00:53:00,Desviacion_demo_10099,Operador_02
28-ago-27,Operador_04,Completado,10099,TIN_000065,20065,40065,50065,Cliente_020,CLI020,Producto_010,Configuracion_002,30002,Fitosanitario 150 Gy,0.3,5,5,SYS_000939,TAG_000939,13,MODE_B - Config demo,0.3,2,1,0.3,0.025,8.0,0.667,6:43:00 p.m.,7:36:00 p.m.,00:53:00,Desviacion_demo_10099,Operador_02
28-ago-27,Operador_01,Completado,10099,TIN_000065,20065,40065,50065,Cliente_020,CLI020,Producto_010,Configuracion_002,30002,Fitosanitario 150 Gy,0.3,6,6,SYS_000940,TAG_000940,13,MODE_B - Config demo,0.3,2,1,0.3,0.025,8.0,0.667,6:43:00 p.m.,7:36:00 p.m.,00:53:00,Desviacion_demo_10099,Operador_03
28-ago-27,Operador_03,Completado,10099,TIN_000065,20065,40065,50065,Cliente_020,CLI020,Producto_010,Configuracion_002,30002,Fitosanitario 150 Gy,0.3,7,7,SYS_000941,TAG_000941,13,MODE_B - Config demo,0.3,2,1,0.3,0.025,8.0,0.667,6:43:00 p.m.,7:36:00 p.m.,00:53:00,Desviacion_demo_10099,Operador_03
28-ago-27,Operador_01,Completado,10100,TIN_000065,20065,40065,50065,Cliente_020,CLI020,Producto_010,Configuracion_002,30002,Fitosanitario 150 Gy,0.3,8,1,SYS_000942,TAG_000942,13,MODE_A - Config demo,0.3,2,1,0.3,2.5,2.4,20.0,5:14:00 p.m.,6:08:00 p.m.,00:54:00,,Operador_04
28-ago-27,Operador_03,Completado,10100,TIN_000065,20065,40065,50065,Cliente_020,CLI020,Producto_010,Configuracion_002,30002,Fitosanitario 150 Gy,0.3,9,2,SYS_000943,TAG_000943,13,MODE_A - Config demo,0.3,2,1,0.3,2.5,2.4,20.0,5:14:00 p.m.,6:08:00 p.m.,00:54:00,,Operador_05
28-ago-27,Operador_03,Completado,10100,TIN_000065,20065,40065,50065,Cliente_020,CLI020,Producto_010,Configuracion_002,30002,Fitosanitario 150 Gy,0.3,10,3,SYS_000944,TAG_000944,13,MODE_A - Config demo,0.3,2,1,0.3,2.5,2.4,20.0,5:14:00 p.m.,6:08:00 p.m.,00:54:00,,Operador_01
28-ago-27,Operador_04,Completado,10100,TIN_000065,20065,40065,50065,Cliente_020,CLI020,Producto_010,Configuracion_002,30002,Fitosanitario 150 Gy,0.3,11,4,SYS_000945,TAG_000945,13,MODE_A - Config demo,0.3,2,1,0.3,2.5,2.4,20.0,5:14:00 p.m.,6:08:00 p.m.,00:54:00,,Operador_01
28-ago-27,Operador_04,Completado,10100,TIN_000065,20065,40065,50065,Cliente_020,CLI020,Producto_010,Configuracion_002,30002,Fitosanitario 150 Gy,0.3,12,5,SYS_000946,TAG_000946,13,MODE_A - Config demo,0.3,2,1,0.3,2.5,2.4,20.0,5:14:00 p.m.,6:08:00 p.m.,00:54:00,,Operador_02
28-ago-27,Operador_01,Completado,10100,TIN_000065,20065,40065,50065,Cliente_020,CLI020,Producto_010,Configuracion_002,30002,Fitosanitario 150 Gy,0.3,13,6,SYS_000947,TAG_000947,13,MODE_A - Config demo,0.3,2,1,0.3,2.5,2.4,20.0,5:14:00 p.m.,6:08:00 p.m.,00:54:00,,Operador_03
31-ago-27,Operador_05,Completado,10101,TIN_000066,20066,40066,50066,Cliente_007,CLI007,Producto_009,Configuracion_003,30003,Fitosanitario 150 Gy,0.22,1,1,SYS_000948,TAG_000948,17,MODE_A - Config demo,0.22,2,1,0.22,2.5,2.4,27.273,11:48:00 a.m.,1:06:00 p.m.,01:18:00,,Operador_05
31-ago-27,Operador_01,Completado,10101,TIN_000066,20066,40066,50066,Cliente_007,CLI007,Producto_009,Configuracion_003,30003,Fitosanitario 150 Gy,0.22,2,2,SYS_000949,TAG_000949,17,MODE_A - Config demo,0.22,2,1,0.22,2.5,2.4,27.273,11:48:00 a.m.,1:06:00 p.m.,01:18:00,,Operador_01
31-ago-27,Operador_05,Completado,10101,TIN_000066,20066,40066,50066,Cliente_007,CLI007,Producto_009,Configuracion_003,30003,Fitosanitario 150 Gy,0.22,3,3,SYS_000950,TAG_000950,17,MODE_A - Config demo,0.22,2,1,0.22,2.5,2.4,27.273,11:48:00 a.m.,1:06:00 p.m.,01:18:00,,Operador_04
31-ago-27,Operador_03,Completado,10101,TIN_000066,20066,40066,50066,Cliente_007,CLI007,Producto_009,Configuracion_003,30003,Fitosanitario 150 Gy,0.22,4,4,SYS_000951,TAG_000951,17,MODE_A - Config demo,0.22,2,1,0.22,2.5,2.4,27.273,11:48:00 a.m.,1:06:00 p.m.,01:18:00,,Operador_01
31-ago-27,Operador_03,Completado,10101,TIN_000066,20066,40066,50066,Cliente_007,CLI007,Producto_009,Configuracion_003,30003,Fitosanitario 150 Gy,0.22,5,5,SYS_000952,TAG_000952,17,MODE_A - Config demo,0.22,2,1,0.22,2.5,2.4,27.273,11:48:00 a.m.,1:06:00 p.m.,01:18:00,,Operador_04
31-ago-27,Operador_01,Completado,10101,TIN_000066,20066,40066,50066,Cliente_007,CLI007,Producto_009,Configuracion_003,30003,Fitosanitario 150 Gy,0.22,6,6,SYS_000953,TAG_000953,17,MODE_A - Config demo,0.22,2,1,0.22,2.5,2.4,27.273,11:48:00 a.m.,1:06:00 p.m.,01:18:00,,Operador_02
31-ago-27,Operador_02,Completado,10101,TIN_000066,20066,40066,50066,Cliente_007,CLI007,Producto_009,Configuracion_003,30003,Fitosanitario 150 Gy,0.22,7,7,SYS_000954,TAG_000954,17,MODE_A - Config demo,0.22,2,1,0.22,2.5,2.4,27.273,11:48:00 a.m.,1:06:00 p.m.,01:18:00,,Operador_02
31-ago-27,Operador_03,Completado,10101,TIN_000066,20066,40066,50066,Cliente_007,CLI007,Producto_009,Configuracion_003,30003,Fitosanitario 150 Gy,0.22,8,8,SYS_000955,TAG_000955,17,MODE_A - Config demo,0.22,2,1,0.22,2.5,2.4,27.273,11:48:00 a.m.,1:06:00 p.m.,01:18:00,,Operador_05
31-ago-27,Operador_04,Completado,10101,TIN_000066,20066,40066,50066,Cliente_007,CLI007,Producto_009,Configuracion_003,30003,Fitosanitario 150 Gy,0.22,9,9,SYS_000956,TAG_000956,17,MODE_A - Config demo,0.22,2,1,0.22,2.5,2.4,27.273,11:48:00 a.m.,1:06:00 p.m.,01:18:00,,Operador_03
31-ago-27,Operador_05,Completado,10101,TIN_000066,20066,40066,50066,Cliente_007,CLI007,Producto_009,Configuracion_003,30003,Fitosanitario 150 Gy,0.22,10,10,SYS_000957,TAG_000957,17,MODE_A - Config demo,0.22,2,1,0.22,2.5,2.4,27.273,11:48:00 a.m.,1:06:00 p.m.,01:18:00,,Operador_05
31-ago-27,Operador_03,Completado,10101,TIN_000066,20066,40066,50066,Cliente_007,CLI007,Producto_009,Configuracion_003,30003,Fitosanitario 150 Gy,0.22,11,11,SYS_000958,TAG_000958,17,MODE_A - Config demo,0.22,2,1,0.22,2.5,2.4,27.273,11:48:00 a.m.,1:06:00 p.m.,01:18:00,,Operador_01
31-ago-27,Operador_02,Completado,10101,TIN_000066,20066,40066,50066,Cliente_007,CLI007,Producto_009,Configuracion_003,30003,Fitosanitario 150 Gy,0.22,12,12,SYS_000959,TAG_000959,17,MODE_A - Config demo,0.22,2,1,0.22,2.5,2.4,27.273,11:48:00 a.m.,1:06:00 p.m.,01:18:00,,Operador_05
31-ago-27,Operador_03,Completado,10101,TIN_000066,20066,40066,50066,Cliente_007,CLI007,Producto_009,Configuracion_003,30003,Fitosanitario 150 Gy,0.22,13,1,SYS_000960,TAG_000960,17,MODE_A - Config demo,0.22,2,1,0.22,2.5,2.4,27.273,11:48:00 a.m.,1:06:00 p.m.,01:18:00,,Operador_05
31-ago-27,Operador_01,Completado,10101,TIN_000066,20066,40066,50066,Cliente_007,CLI007,Producto_009,Configuracion_003,30003,Fitosanitario 150 Gy,0.22,14,2,SYS_000961,TAG_000961,17,MODE_A - Config demo,0.22,2,1,0.22,2.5,2.4,27.273,11:48:00 a.m.,1:06:00 p.m.,01:18:00,,Operador_01
31-ago-27,Operador_01,Completado,10101,TIN_000066,20066,40066,50066,Cliente_007,CLI007,Producto_009,Configuracion_003,30003,Fitosanitario 150 Gy,0.22,15,3,SYS_000962,TAG_000962,17,MODE_A - Config demo,0.22,2,1,0.22,2.5,2.4,27.273,11:48:00 a.m.,1:06:00 p.m.,01:18:00,,Operador_01
31-ago-27,Operador_02,Completado,10101,TIN_000066,20066,40066,50066,Cliente_007,CLI007,Producto_009,Configuracion_003,30003,Fitosanitario 150 Gy,0.22,16,4,SYS_000963,TAG_000963,17,MODE_A - Config demo,0.22,2,1,0.22,2.5,2.4,27.273,11:48:00 a.m.,1:06:00 p.m.,01:18:00,,Operador_05
31-ago-27,Operador_01,Completado,10101,TIN_000066,20066,40066,50066,Cliente_007,CLI007,Producto_009,Configuracion_003,30003,Fitosanitario 150 Gy,0.22,17,5,SYS_000964,TAG_000964,17,MODE_A - Config demo,0.22,2,1,0.22,2.5,2.4,27.273,11:48:00 a.m.,1:06:00 p.m.,01:18:00,,Operador_05
20-ago-27,Operador_04,Completado,10102,TIN_000067,20067,40067,50067,Cliente_003,CLI003,Producto_013,Configuracion_004,30004,Fitosanitario 150 Gy,0.22,1,1,SYS_000965,TAG_000965,20,MODE_B - Config demo,0.11,2,2,0.11,0.025,8.0,1.818,6:32:00 p.m.,8:14:00 p.m.,01:42:00,,Operador_02
20-ago-27,Operador_04,Completado,10102,TIN_000067,20067,40067,50067,Cliente_003,CLI003,Producto_013,Configuracion_004,30004,Fitosanitario 150 Gy,0.22,2,2,SYS_000966,TAG_000966,20,MODE_B - Config demo,0.11,2,2,0.11,0.025,8.0,1.818,6:32:00 p.m.,8:14:00 p.m.,01:42:00,,Operador_02
20-ago-27,Operador_01,Completado,10102,TIN_000067,20067,40067,50067,Cliente_003,CLI003,Producto_013,Configuracion_004,30004,Fitosanitario 150 Gy,0.22,3,3,SYS_000967,TAG_000967,20,MODE_B - Config demo,0.11,2,2,0.11,0.025,8.0,1.818,6:32:00 p.m.,8:14:00 p.m.,01:42:00,,Operador_03
20-ago-27,Operador_01,Completado,10102,TIN_000067,20067,40067,50067,Cliente_003,CLI003,Producto_013,Configuracion_004,30004,Fitosanitario 150 Gy,0.22,4,4,SYS_000968,TAG_000968,20,MODE_B - Config demo,0.11,2,2,0.11,0.025,8.0,1.818,6:32:00 p.m.,8:14:00 p.m.,01:42:00,,Operador_03
20-ago-27,Operador_05,Completado,10102,TIN_000067,20067,40067,50067,Cliente_003,CLI003,Producto_013,Configuracion_004,30004,Fitosanitario 150 Gy,0.22,5,5,SYS_000969,TAG_000969,20,MODE_B - Config demo,0.11,2,2,0.11,0.025,8.0,1.818,6:32:00 p.m.,8:14:00 p.m.,01:42:00,,Operador_01
20-ago-27,Operador_04,Completado,10102,TIN_000067,20067,40067,50067,Cliente_003,CLI003,Producto_013,Configuracion_004,30004,Fitosanitario 150 Gy,0.22,6,6,SYS_000970,TAG_000970,20,MODE_B - Config demo,0.11,2,2,0.11,0.025,8.0,1.818,6:32:00 p.m.,8:14:00 p.m.,01:42:00,,Operador_02
20-ago-27,Operador_03,Completado,10102,TIN_000067,20067,40067,50067,Cliente_003,CLI003,Producto_013,Configuracion_004,30004,Fitosanitario 150 Gy,0.22,7,7,SYS_000971,TAG_000971,20,MODE_B - Config demo,0.11,2,2,0.11,0.025,8.0,1.818,6:32:00 p.m.,8:14:00 p.m.,01:42:00,,Operador_04
20-ago-27,Operador_04,Completado,10102,TIN_000067,20067,40067,50067,Cliente_003,CLI003,Producto_013,Configuracion_004,30004,Fitosanitario 150 Gy,0.22,8,8,SYS_000972,TAG_000972,20,MODE_B - Config demo,0.11,2,2,0.11,0.025,8.0,1.818,6:32:00 p.m.,8:14:00 p.m.,01:42:00,,Operador_04
20-ago-27,Operador_02,Completado,10102,TIN_000067,20067,40067,50067,Cliente_003,CLI003,Producto_013,Configuracion_004,30004,Fitosanitario 150 Gy,0.22,9,9,SYS_000973,TAG_000973,20,MODE_B - Config demo,0.11,2,2,0.11,0.025,8.0,1.818,6:32:00 p.m.,8:14:00 p.m.,01:42:00,,Operador_02
20-ago-27,Operador_03,Completado,10102,TIN_000067,20067,40067,50067,Cliente_003,CLI003,Producto_013,Configuracion_004,30004,Fitosanitario 150 Gy,0.22,10,10,SYS_000974,TAG_000974,20,MODE_B - Config demo,0.11,2,2,0.11,0.025,8.0,1.818,6:32:00 p.m.,8:14:00 p.m.,01:42:00,,Operador_02
20-ago-27,Operador_05,Completado,10102,TIN_000067,20067,40067,50067,Cliente_003,CLI003,Producto_013,Configuracion_004,30004,Fitosanitario 150 Gy,0.22,11,11,SYS_000975,TAG_000975,20,MODE_B - Config demo,0.11,2,2,0.11,0.025,8.0,1.818,6:32:00 p.m.,8:14:00 p.m.,01:42:00,,Operador_03
20-ago-27,Operador_04,Completado,10102,TIN_000067,20067,40067,50067,Cliente_003,CLI003,Producto_013,Configuracion_004,30004,Fitosanitario 150 Gy,0.22,12,12,SYS_000976,TAG_000976,20,MODE_B - Config demo,0.11,2,2,0.11,0.025,8.0,1.818,6:32:00 p.m.,8:14:00 p.m.,01:42:00,,Operador_04
20-ago-27,Operador_02,Completado,10102,TIN_000067,20067,40067,50067,Cliente_003,CLI003,Producto_013,Configuracion_004,30004,Fitosanitario 150 Gy,0.22,13,1,SYS_000977,TAG_000977,20,MODE_B - Config demo,0.11,2,2,0.11,0.025,8.0,1.818,6:32:00 p.m.,8:14:00 p.m.,01:42:00,,Operador_04
20-ago-27,Operador_04,Completado,10102,TIN_000067,20067,40067,50067,Cliente_003,CLI003,Producto_013,Configuracion_004,30004,Fitosanitario 150 Gy,0.22,14,2,SYS_000978,TAG_000978,20,MODE_B - Config demo,0.11,2,2,0.11,0.025,8.0,1.818,6:32:00 p.m.,8:14:00 p.m.,01:42:00,,Operador_05
20-ago-27,Operador_02,Completado,10102,TIN_000067,20067,40067,50067,Cliente_003,CLI003,Producto_013,Configuracion_004,30004,Fitosanitario 150 Gy,0.22,15,3,SYS_000979,TAG_000979,20,MODE_B - Config demo,0.11,2,2,0.11,0.025,8.0,1.818,6:32:00 p.m.,8:14:00 p.m.,01:42:00,,Operador_03
20-ago-27,Operador_05,Completado,10102,TIN_000067,20067,40067,50067,Cliente_003,CLI003,Producto_013,Configuracion_004,30004,Fitosanitario 150 Gy,0.22,16,4,SYS_000980,TAG_000980,20,MODE_B - Config demo,0.11,2,2,0.11,0.025,8.0,1.818,6:32:00 p.m.,8:14:00 p.m.,01:42:00,,Operador_02
20-ago-27,Operador_05,Completado,10102,TIN_000067,20067,40067,50067,Cliente_003,CLI003,Producto_013,Configuracion_004,30004,Fitosanitario 150 Gy,0.22,17,5,SYS_000981,TAG_000981,20,MODE_B - Config demo,0.11,2,2,0.11,0.025,8.0,1.818,6:32:00 p.m.,8:14:00 p.m.,01:42:00,,Operador_02
20-ago-27,Operador_01,Completado,10102,TIN_000067,20067,40067,50067,Cliente_003,CLI003,Producto_013,Configuracion_004,30004,Fitosanitario 150 Gy,0.22,18,6,SYS_000982,TAG_000982,20,MODE_B - Config demo,0.11,2,2,0.11,0.025,8.0,1.818,6:32:00 p.m.,8:14:00 p.m.,01:42:00,,Operador_01
20-ago-27,Operador_03,Completado,10102,TIN_000067,20067,40067,50067,Cliente_003,CLI003,Producto_013,Configuracion_004,30004,Fitosanitario 150 Gy,0.22,19,7,SYS_000983,TAG_000983,20,MODE_B - Config demo,0.11,2,2,0.11,0.025,8.0,1.818,6:32:00 p.m.,8:14:00 p.m.,01:42:00,,Operador_03
20-ago-27,Operador_02,Completado,10102,TIN_000067,20067,40067,50067,Cliente_003,CLI003,Producto_013,Configuracion_004,30004,Fitosanitario 150 Gy,0.22,20,8,SYS_000984,TAG_000984,20,MODE_B - Config demo,0.11,2,2,0.11,0.025,8.0,1.818,6:32:00 p.m.,8:14:00 p.m.,01:42:00,,Operador_05
19-ago-27,Operador_03,Completado,10103,TIN_000068,20068,40068,50068,Cliente_005,CLI005,Producto_001,Configuracion_005,30005,Desbacterizacion (Chiles secos),3.0,1,1,SYS_000985,TAG_000985,17,MODE_B - Config demo,3.0,2,1,3.0,0.025,8.0,0.067,1:20:00 p.m.,2:19:00 p.m.,00:59:00,Desviacion_demo_10103,Operador_02
19-ago-27,Operador_02,Completado,10103,TIN_000068,20068,40068,50068,Cliente_005,CLI005,Producto_001,Configuracion_005,30005,Desbacterizacion (Chiles secos),3.0,2,2,SYS_000986,TAG_000986,17,MODE_B - Config demo,3.0,2,1,3.0,0.025,8.0,0.067,1:20:00 p.m.,2:19:00 p.m.,00:59:00,Desviacion_demo_10103,Operador_02
19-ago-27,Operador_01,Completado,10103,TIN_000068,20068,40068,50068,Cliente_005,CLI005,Producto_001,Configuracion_005,30005,Desbacterizacion (Chiles secos),3.0,3,3,SYS_000987,TAG_000987,17,MODE_B - Config demo,3.0,2,1,3.0,0.025,8.0,0.067,1:20:00 p.m.,2:19:00 p.m.,00:59:00,Desviacion_demo_10103,Operador_02
19-ago-27,Operador_01,Completado,10103,TIN_000068,20068,40068,50068,Cliente_005,CLI005,Producto_001,Configuracion_005,30005,Desbacterizacion (Chiles secos),3.0,4,4,SYS_000988,TAG_000988,17,MODE_B - Config demo,3.0,2,1,3.0,0.025,8.0,0.067,1:20:00 p.m.,2:19:00 p.m.,00:59:00,Desviacion_demo_10103,Operador_05
19-ago-27,Operador_02,Completado,10103,TIN_000068,20068,40068,50068,Cliente_005,CLI005,Producto_001,Configuracion_005,30005,Desbacterizacion (Chiles secos),3.0,5,5,SYS_000989,TAG_000989,17,MODE_B - Config demo,3.0,2,1,3.0,0.025,8.0,0.067,1:20:00 p.m.,2:19:00 p.m.,00:59:00,Desviacion_demo_10103,Operador_02
19-ago-27,Operador_04,Completado,10103,TIN_000068,20068,40068,50068,Cliente_005,CLI005,Producto_001,Configuracion_005,30005,Desbacterizacion (Chiles secos),3.0,6,6,SYS_000990,TAG_000990,17,MODE_B - Config demo,3.0,2,1,3.0,0.025,8.0,0.067,1:20:00 p.m.,2:19:00 p.m.,00:59:00,Desviacion_demo_10103,Operador_03
19-ago-27,Operador_02,Completado,10103,TIN_000068,20068,40068,50068,Cliente_005,CLI005,Producto_001,Configuracion_005,30005,Desbacterizacion (Chiles secos),3.0,7,7,SYS_000991,TAG_000991,17,MODE_B - Config demo,3.0,2,1,3.0,0.025,8.0,0.067,1:20:00 p.m.,2:19:00 p.m.,00:59:00,Desviacion_demo_10103,Operador_02
19-ago-27,Operador_01,Completado,10103,TIN_000068,20068,40068,50068,Cliente_005,CLI005,Producto_001,Configuracion_005,30005,Desbacterizacion (Chiles secos),3.0,8,8,SYS_000992,TAG_000992,17,MODE_B - Config demo,3.0,2,1,3.0,0.025,8.0,0.067,1:20:00 p.m.,2:19:00 p.m.,00:59:00,Desviacion_demo_10103,Operador_02
19-ago-27,Operador_02,Completado,10103,TIN_000068,20068,40068,50068,Cliente_005,CLI005,Producto_001,Configuracion_005,30005,Desbacterizacion (Chiles secos),3.0,9,9,SYS_000993,TAG_000993,17,MODE_B - Config demo,3.0,2,1,3.0,0.025,8.0,0.067,1:20:00 p.m.,2:19:00 p.m.,00:59:00,Desviacion_demo_10103,Operador_03
19-ago-27,Operador_04,Completado,10104,TIN_000068,20068,40068,50068,Cliente_005,CLI005,Producto_001,Configuracion_005,30005,Desbacterizacion (Chiles secos),3.0,10,1,SYS_000994,TAG_000994,17,MODE_B - Config demo,1.5,2,2,1.5,0.025,8.0,0.133,4:26:00 p.m.,5:31:00 p.m.,01:05:00,,Operador_04
19-ago-27,Operador_02,Completado,10104,TIN_000068,20068,40068,50068,Cliente_005,CLI005,Producto_001,Configuracion_005,30005,Desbacterizacion (Chiles secos),3.0,11,2,SYS_000995,TAG_000995,17,MODE_B - Config demo,1.5,2,2,1.5,0.025,8.0,0.133,4:26:00 p.m.,5:31:00 p.m.,01:05:00,,Operador_04
19-ago-27,Operador_01,Completado,10104,TIN_000068,20068,40068,50068,Cliente_005,CLI005,Producto_001,Configuracion_005,30005,Desbacterizacion (Chiles secos),3.0,12,3,SYS_000996,TAG_000996,17,MODE_B - Config demo,1.5,2,2,1.5,0.025,8.0,0.133,4:26:00 p.m.,5:31:00 p.m.,01:05:00,,Operador_02
19-ago-27,Operador_05,Completado,10104,TIN_000068,20068,40068,50068,Cliente_005,CLI005,Producto_001,Configuracion_005,30005,Desbacterizacion (Chiles secos),3.0,13,4,SYS_000997,TAG_000997,17,MODE_B - Config demo,1.5,2,2,1.5,0.025,8.0,0.133,4:26:00 p.m.,5:31:00 p.m.,01:05:00,,Operador_04
19-ago-27,Operador_02,Completado,10104,TIN_000068,20068,40068,50068,Cliente_005,CLI005,Producto_001,Configuracion_005,30005,Desbacterizacion (Chiles secos),3.0,14,5,SYS_000998,TAG_000998,17,MODE_B - Config demo,1.5,2,2,1.5,0.025,8.0,0.133,4:26:00 p.m.,5:31:00 p.m.,01:05:00,,Operador_03
19-ago-27,Operador_03,Completado,10104,TIN_000068,20068,40068,50068,Cliente_005,CLI005,Producto_001,Configuracion_005,30005,Desbacterizacion (Chiles secos),3.0,15,6,SYS_000999,TAG_000999,17,MODE_B - Config demo,1.5,2,2,1.5,0.025,8.0,0.133,4:26:00 p.m.,5:31:00 p.m.,01:05:00,,Operador_03
19-ago-27,Operador_02,Completado,10104,TIN_000068,20068,40068,50068,Cliente_005,CLI005,Producto_001,Configuracion_005,30005,Desbacterizacion (Chiles secos),3.0,16,7,SYS_001000,TAG_001000,17,MODE_B - Config demo,1.5,2,2,1.5,0.025,8.0,0.133,4:26:00 p.m.,5:31:00 p.m.,01:05:00,,Operador_04
19-ago-27,Operador_01,Completado,10104,TIN_000068,20068,40068,50068,Cliente_005,CLI005,Producto_001,Configuracion_005,30005,Desbacterizacion (Chiles secos),3.0,17,8,SYS_001001,TAG_001001,17,MODE_B - Config demo,1.5,2,2,1.5,0.025,8.0,0.133,4:26:00 p.m.,5:31:00 p.m.,01:05:00,,Operador_04
16-ago-27,Operador_05,Completado,10105,TIN_000069,20069,40069,50069,Cliente_011,CLI011,Producto_007,Configuracion_006,30006,Fitosanitario 150 Gy,0.32,1,1,SYS_001002,TAG_001002,23,MODE_B - Config demo,0.32,2,1,0.32,0.025,8.0,0.625,6:46:00 a.m.,8:21:00 a.m.,01:35:00,,Operador_01
16-ago-27,Operador_02,Completado,10105,TIN_000069,20069,40069,50069,Cliente_011,CLI011,Producto_007,Configuracion_006,30006,Fitosanitario 150 Gy,0.32,2,2,SYS_001003,TAG_001003,23,MODE_B - Config demo,0.32,2,1,0.32,0.025,8.0,0.625,6:46:00 a.m.,8:21:00 a.m.,01:35:00,,Operador_05
16-ago-27,Operador_03,Completado,10105,TIN_000069,20069,40069,50069,Cliente_011,CLI011,Producto_007,Configuracion_006,30006,Fitosanitario 150 Gy,0.32,3,3,SYS_001004,TAG_001004,23,MODE_B - Config demo,0.32,2,1,0.32,0.025,8.0,0.625,6:46:00 a.m.,8:21:00 a.m.,01:35:00,,Operador_03
16-ago-27,Operador_02,Completado,10105,TIN_000069,20069,40069,50069,Cliente_011,CLI011,Producto_007,Configuracion_006,30006,Fitosanitario 150 Gy,0.32,4,4,SYS_001005,TAG_001005,23,MODE_B - Config demo,0.32,2,1,0.32,0.025,8.0,0.625,6:46:00 a.m.,8:21:00 a.m.,01:35:00,,Operador_04
16-ago-27,Operador_04,Completado,10105,TIN_000069,20069,40069,50069,Cliente_011,CLI011,Producto_007,Configuracion_006,30006,Fitosanitario 150 Gy,0.32,5,5,SYS_001006,TAG_001006,23,MODE_B - Config demo,0.32,2,1,0.32,0.025,8.0,0.625,6:46:00 a.m.,8:21:00 a.m.,01:35:00,,Operador_03
16-ago-27,Operador_05,Completado,10105,TIN_000069,20069,40069,50069,Cliente_011,CLI011,Producto_007,Configuracion_006,30006,Fitosanitario 150 Gy,0.32,6,6,SYS_001007,TAG_001007,23,MODE_B - Config demo,0.32,2,1,0.32,0.025,8.0,0.625,6:46:00 a.m.,8:21:00 a.m.,01:35:00,,Operador_03
16-ago-27,Operador_05,Completado,10105,TIN_000069,20069,40069,50069,Cliente_011,CLI011,Producto_007,Configuracion_006,30006,Fitosanitario 150 Gy,0.32,7,7,SYS_001008,TAG_001008,23,MODE_B - Config demo,0.32,2,1,0.32,0.025,8.0,0.625,6:46:00 a.m.,8:21:00 a.m.,01:35:00,,Operador_03
16-ago-27,Operador_03,Completado,10105,TIN_000069,20069,40069,50069,Cliente_011,CLI011,Producto_007,Configuracion_006,30006,Fitosanitario 150 Gy,0.32,8,8,SYS_001009,TAG_001009,23,MODE_B - Config demo,0.32,2,1,0.32,0.025,8.0,0.625,6:46:00 a.m.,8:21:00 a.m.,01:35:00,,Operador_03
16-ago-27,Operador_02,Completado,10105,TIN_000069,20069,40069,50069,Cliente_011,CLI011,Producto_007,Configuracion_006,30006,Fitosanitario 150 Gy,0.32,9,9,SYS_001010,TAG_001010,23,MODE_B - Config demo,0.32,2,1,0.32,0.025,8.0,0.625,6:46:00 a.m.,8:21:00 a.m.,01:35:00,,Operador_04
16-ago-27,Operador_03,Completado,10105,TIN_000069,20069,40069,50069,Cliente_011,CLI011,Producto_007,Configuracion_006,30006,Fitosanitario 150 Gy,0.32,10,10,SYS_001011,TAG_001011,23,MODE_B - Config demo,0.32,2,1,0.32,0.025,8.0,0.625,6:46:00 a.m.,8:21:00 a.m.,01:35:00,,Operador_02
16-ago-27,Operador_02,Completado,10105,TIN_000069,20069,40069,50069,Cliente_011,CLI011,Producto_007,Configuracion_006,30006,Fitosanitario 150 Gy,0.32,11,11,SYS_001012,TAG_001012,23,MODE_B - Config demo,0.32,2,1,0.32,0.025,8.0,0.625,6:46:00 a.m.,8:21:00 a.m.,01:35:00,,Operador_02
16-ago-27,Operador_05,Completado,10105,TIN_000069,20069,40069,50069,Cliente_011,CLI011,Producto_007,Configuracion_006,30006,Fitosanitario 150 Gy,0.32,12,12,SYS_001013,TAG_001013,23,MODE_B - Config demo,0.32,2,1,0.32,0.025,8.0,0.625,6:46:00 a.m.,8:21:00 a.m.,01:35:00,,Operador_02
16-ago-27,Operador_02,Completado,10105,TIN_000069,20069,40069,50069,Cliente_011,CLI011,Producto_007,Configuracion_006,30006,Fitosanitario 150 Gy,0.32,13,1,SYS_001014,TAG_001014,23,MODE_B - Config demo,0.32,2,1,0.32,0.025,8.0,0.625,6:46:00 a.m.,8:21:00 a.m.,01:35:00,,Operador_04
16-ago-27,Operador_05,Completado,10105,TIN_000069,20069,40069,50069,Cliente_011,CLI011,Producto_007,Configuracion_006,30006,Fitosanitario 150 Gy,0.32,14,2,SYS_001015,TAG_001015,23,MODE_B - Config demo,0.32,2,1,0.32,0.025,8.0,0.625,6:46:00 a.m.,8:21:00 a.m.,01:35:00,,Operador_03
16-ago-27,Operador_03,Completado,10105,TIN_000069,20069,40069,50069,Cliente_011,CLI011,Producto_007,Configuracion_006,30006,Fitosanitario 150 Gy,0.32,15,3,SYS_001016,TAG_001016,23,MODE_B - Config demo,0.32,2,1,0.32,0.025,8.0,0.625,6:46:00 a.m.,8:21:00 a.m.,01:35:00,,Operador_04
16-ago-27,Operador_04,Completado,10105,TIN_000069,20069,40069,50069,Cliente_011,CLI011,Producto_007,Configuracion_006,30006,Fitosanitario 150 Gy,0.32,16,4,SYS_001017,TAG_001017,23,MODE_B - Config demo,0.32,2,1,0.32,0.025,8.0,0.625,6:46:00 a.m.,8:21:00 a.m.,01:35:00,,Operador_01
16-ago-27,Operador_05,Completado,10105,TIN_000069,20069,40069,50069,Cliente_011,CLI011,Producto_007,Configuracion_006,30006,Fitosanitario 150 Gy,0.32,17,5,SYS_001018,TAG_001018,23,MODE_B - Config demo,0.32,2,1,0.32,0.025,8.0,0.625,6:46:00 a.m.,8:21:00 a.m.,01:35:00,,Operador_02
16-ago-27,Operador_03,Completado,10105,TIN_000069,20069,40069,50069,Cliente_011,CLI011,Producto_007,Configuracion_006,30006,Fitosanitario 150 Gy,0.32,18,6,SYS_001019,TAG_001019,23,MODE_B - Config demo,0.32,2,1,0.32,0.025,8.0,0.625,6:46:00 a.m.,8:21:00 a.m.,01:35:00,,Operador_01
16-ago-27,Operador_04,Completado,10105,TIN_000069,20069,40069,50069,Cliente_011,CLI011,Producto_007,Configuracion_006,30006,Fitosanitario 150 Gy,0.32,19,7,SYS_001020,TAG_001020,23,MODE_B - Config demo,0.32,2,1,0.32,0.025,8.0,0.625,6:46:00 a.m.,8:21:00 a.m.,01:35:00,,Operador_01
16-ago-27,Operador_01,Completado,10105,TIN_000069,20069,40069,50069,Cliente_011,CLI011,Producto_007,Configuracion_006,30006,Fitosanitario 150 Gy,0.32,20,8,SYS_001021,TAG_001021,23,MODE_B - Config demo,0.32,2,1,0.32,0.025,8.0,0.625,6:46:00 a.m.,8:21:00 a.m.,01:35:00,,Operador_05
16-ago-27,Operador_01,Completado,10105,TIN_000069,20069,40069,50069,Cliente_011,CLI011,Producto_007,Configuracion_006,30006,Fitosanitario 150 Gy,0.32,21,9,SYS_001022,TAG_001022,23,MODE_B - Config demo,0.32,2,1,0.32,0.025,8.0,0.625,6:46:00 a.m.,8:21:00 a.m.,01:35:00,,Operador_04
16-ago-27,Operador_03,Completado,10105,TIN_000069,20069,40069,50069,Cliente_011,CLI011,Producto_007,Configuracion_006,30006,Fitosanitario 150 Gy,0.32,22,10,SYS_001023,TAG_001023,23,MODE_B - Config demo,0.32,2,1,0.32,0.025,8.0,0.625,6:46:00 a.m.,8:21:00 a.m.,01:35:00,,Operador_02
16-ago-27,Operador_02,Completado,10105,TIN_000069,20069,40069,50069,Cliente_011,CLI011,Producto_007,Configuracion_006,30006,Fitosanitario 150 Gy,0.32,23,11,SYS_001024,TAG_001024,23,MODE_B - Config demo,0.32,2,1,0.32,0.025,8.0,0.625,6:46:00 a.m.,8:21:00 a.m.,01:35:00,,Operador_01
03-ago-27,Operador_01,Completado,10106,TIN_000070,20070,40070,50070,Cliente_019,CLI019,Producto_012,Configuracion_007,30007,Fitosanitario 150 Gy,0.3,1,1,SYS_001025,TAG_001025,23,MODE_A - Config demo,0.3,2,1,0.3,2.5,2.4,20.0,7:40:00 p.m.,9:18:00 p.m.,01:38:00,,Operador_02
03-ago-27,Operador_05,Completado,10106,TIN_000070,20070,40070,50070,Cliente_019,CLI019,Producto_012,Configuracion_007,30007,Fitosanitario 150 Gy,0.3,2,2,SYS_001026,TAG_001026,23,MODE_A - Config demo,0.3,2,1,0.3,2.5,2.4,20.0,7:40:00 p.m.,9:18:00 p.m.,01:38:00,,Operador_05
03-ago-27,Operador_05,Completado,10106,TIN_000070,20070,40070,50070,Cliente_019,CLI019,Producto_012,Configuracion_007,30007,Fitosanitario 150 Gy,0.3,3,3,SYS_001027,TAG_001027,23,MODE_A - Config demo,0.3,2,1,0.3,2.5,2.4,20.0,7:40:00 p.m.,9:18:00 p.m.,01:38:00,,Operador_03
03-ago-27,Operador_01,Completado,10106,TIN_000070,20070,40070,50070,Cliente_019,CLI019,Producto_012,Configuracion_007,30007,Fitosanitario 150 Gy,0.3,4,4,SYS_001028,TAG_001028,23,MODE_A - Config demo,0.3,2,1,0.3,2.5,2.4,20.0,7:40:00 p.m.,9:18:00 p.m.,01:38:00,,Operador_05
03-ago-27,Operador_03,Completado,10106,TIN_000070,20070,40070,50070,Cliente_019,CLI019,Producto_012,Configuracion_007,30007,Fitosanitario 150 Gy,0.3,5,5,SYS_001029,TAG_001029,23,MODE_A - Config demo,0.3,2,1,0.3,2.5,2.4,20.0,7:40:00 p.m.,9:18:00 p.m.,01:38:00,,Operador_05
03-ago-27,Operador_01,Completado,10106,TIN_000070,20070,40070,50070,Cliente_019,CLI019,Producto_012,Configuracion_007,30007,Fitosanitario 150 Gy,0.3,6,6,SYS_001030,TAG_001030,23,MODE_A - Config demo,0.3,2,1,0.3,2.5,2.4,20.0,7:40:00 p.m.,9:18:00 p.m.,01:38:00,,Operador_02
03-ago-27,Operador_02,Completado,10106,TIN_000070,20070,40070,50070,Cliente_019,CLI019,Producto_012,Configuracion_007,30007,Fitosanitario 150 Gy,0.3,7,7,SYS_001031,TAG_001031,23,MODE_A - Config demo,0.3,2,1,0.3,2.5,2.4,20.0,7:40:00 p.m.,9:18:00 p.m.,01:38:00,,Operador_03
03-ago-27,Operador_05,Completado,10106,TIN_000070,20070,40070,50070,Cliente_019,CLI019,Producto_012,Configuracion_007,30007,Fitosanitario 150 Gy,0.3,8,8,SYS_001032,TAG_001032,23,MODE_A - Config demo,0.3,2,1,0.3,2.5,2.4,20.0,7:40:00 p.m.,9:18:00 p.m.,01:38:00,,Operador_03
03-ago-27,Operador_04,Completado,10106,TIN_000070,20070,40070,50070,Cliente_019,CLI019,Producto_012,Configuracion_007,30007,Fitosanitario 150 Gy,0.3,9,9,SYS_001033,TAG_001033,23,MODE_A - Config demo,0.3,2,1,0.3,2.5,2.4,20.0,7:40:00 p.m.,9:18:00 p.m.,01:38:00,,Operador_03
03-ago-27,Operador_05,Completado,10106,TIN_000070,20070,40070,50070,Cliente_019,CLI019,Producto_012,Configuracion_007,30007,Fitosanitario 150 Gy,0.3,10,10,SYS_001034,TAG_001034,23,MODE_A - Config demo,0.3,2,1,0.3,2.5,2.4,20.0,7:40:00 p.m.,9:18:00 p.m.,01:38:00,,Operador_05
03-ago-27,Operador_05,Completado,10106,TIN_000070,20070,40070,50070,Cliente_019,CLI019,Producto_012,Configuracion_007,30007,Fitosanitario 150 Gy,0.3,11,11,SYS_001035,TAG_001035,23,MODE_A - Config demo,0.3,2,1,0.3,2.5,2.4,20.0,7:40:00 p.m.,9:18:00 p.m.,01:38:00,,Operador_01
03-ago-27,Operador_05,Completado,10106,TIN_000070,20070,40070,50070,Cliente_019,CLI019,Producto_012,Configuracion_007,30007,Fitosanitario 150 Gy,0.3,12,12,SYS_001036,TAG_001036,23,MODE_A - Config demo,0.3,2,1,0.3,2.5,2.4,20.0,7:40:00 p.m.,9:18:00 p.m.,01:38:00,,Operador_04
03-ago-27,Operador_02,Completado,10106,TIN_000070,20070,40070,50070,Cliente_019,CLI019,Producto_012,Configuracion_007,30007,Fitosanitario 150 Gy,0.3,13,1,SYS_001037,TAG_001037,23,MODE_A - Config demo,0.3,2,1,0.3,2.5,2.4,20.0,7:40:00 p.m.,9:18:00 p.m.,01:38:00,,Operador_02
03-ago-27,Operador_05,Completado,10106,TIN_000070,20070,40070,50070,Cliente_019,CLI019,Producto_012,Configuracion_007,30007,Fitosanitario 150 Gy,0.3,14,2,SYS_001038,TAG_001038,23,MODE_A - Config demo,0.3,2,1,0.3,2.5,2.4,20.0,7:40:00 p.m.,9:18:00 p.m.,01:38:00,,Operador_04
03-ago-27,Operador_02,Completado,10106,TIN_000070,20070,40070,50070,Cliente_019,CLI019,Producto_012,Configuracion_007,30007,Fitosanitario 150 Gy,0.3,15,3,SYS_001039,TAG_001039,23,MODE_A - Config demo,0.3,2,1,0.3,2.5,2.4,20.0,7:40:00 p.m.,9:18:00 p.m.,01:38:00,,Operador_02
03-ago-27,Operador_03,Completado,10106,TIN_000070,20070,40070,50070,Cliente_019,CLI019,Producto_012,Configuracion_007,30007,Fitosanitario 150 Gy,0.3,16,4,SYS_001040,TAG_001040,23,MODE_A - Config demo,0.3,2,1,0.3,2.5,2.4,20.0,7:40:00 p.m.,9:18:00 p.m.,01:38:00,,Operador_03
03-ago-27,Operador_05,Completado,10106,TIN_000070,20070,40070,50070,Cliente_019,CLI019,Producto_012,Configuracion_007,30007,Fitosanitario 150 Gy,0.3,17,5,SYS_001041,TAG_001041,23,MODE_A - Config demo,0.3,2,1,0.3,2.5,2.4,20.0,7:40:00 p.m.,9:18:00 p.m.,01:38:00,,Operador_04
03-ago-27,Operador_05,Completado,10106,TIN_000070,20070,40070,50070,Cliente_019,CLI019,Producto_012,Configuracion_007,30007,Fitosanitario 150 Gy,0.3,18,6,SYS_001042,TAG_001042,23,MODE_A - Config demo,0.3,2,1,0.3,2.5,2.4,20.0,7:40:00 p.m.,9:18:00 p.m.,01:38:00,,Operador_03
03-ago-27,Operador_05,Completado,10106,TIN_000070,20070,40070,50070,Cliente_019,CLI019,Producto_012,Configuracion_007,30007,Fitosanitario 150 Gy,0.3,19,7,SYS_001043,TAG_001043,23,MODE_A - Config demo,0.3,2,1,0.3,2.5,2.4,20.0,7:40:00 p.m.,9:18:00 p.m.,01:38:00,,Operador_05
03-ago-27,Operador_05,Completado,10106,TIN_000070,20070,40070,50070,Cliente_019,CLI019,Producto_012,Configuracion_007,30007,Fitosanitario 150 Gy,0.3,20,8,SYS_001044,TAG_001044,23,MODE_A - Config demo,0.3,2,1,0.3,2.5,2.4,20.0,7:40:00 p.m.,9:18:00 p.m.,01:38:00,,Operador_04
03-ago-27,Operador_02,Completado,10106,TIN_000070,20070,40070,50070,Cliente_019,CLI019,Producto_012,Configuracion_007,30007,Fitosanitario 150 Gy,0.3,21,9,SYS_001045,TAG_001045,23,MODE_A - Config demo,0.3,2,1,0.3,2.5,2.4,20.0,7:40:00 p.m.,9:18:00 p.m.,01:38:00,,Operador_01
03-ago-27,Operador_03,Completado,10106,TIN_000070,20070,40070,50070,Cliente_019,CLI019,Producto_012,Configuracion_007,30007,Fitosanitario 150 Gy,0.3,22,10,SYS_001046,TAG_001046,23,MODE_A - Config demo,0.3,2,1,0.3,2.5,2.4,20.0,7:40:00 p.m.,9:18:00 p.m.,01:38:00,,Operador_02
03-ago-27,Operador_01,Completado,10106,TIN_000070,20070,40070,50070,Cliente_019,CLI019,Producto_012,Configuracion_007,30007,Fitosanitario 150 Gy,0.3,23,11,SYS_001047,TAG_001047,23,MODE_A - Config demo,0.3,2,1,0.3,2.5,2.4,20.0,7:40:00 p.m.,9:18:00 p.m.,01:38:00,,Operador_02
27-ago-27,Operador_04,Completado,10107,TIN_000071,20071,40071,50071,Cliente_004,CLI004,Producto_007,Configuracion_008,30008,Fitosanitario 150 Gy,0.22,1,1,SYS_001048,TAG_001048,10,MODE_B - Config demo,0.11,2,2,0.11,0.025,8.0,1.818,6:09:00 p.m.,7:16:00 p.m.,01:07:00,,Operador_04
27-ago-27,Operador_03,Completado,10107,TIN_000071,20071,40071,50071,Cliente_004,CLI004,Producto_007,Configuracion_008,30008,Fitosanitario 150 Gy,0.22,2,2,SYS_001049,TAG_001049,10,MODE_B - Config demo,0.11,2,2,0.11,0.025,8.0,1.818,6:09:00 p.m.,7:16:00 p.m.,01:07:00,,Operador_02
27-ago-27,Operador_01,Completado,10107,TIN_000071,20071,40071,50071,Cliente_004,CLI004,Producto_007,Configuracion_008,30008,Fitosanitario 150 Gy,0.22,3,3,SYS_001050,TAG_001050,10,MODE_B - Config demo,0.11,2,2,0.11,0.025,8.0,1.818,6:09:00 p.m.,7:16:00 p.m.,01:07:00,,Operador_02
27-ago-27,Operador_02,Completado,10107,TIN_000071,20071,40071,50071,Cliente_004,CLI004,Producto_007,Configuracion_008,30008,Fitosanitario 150 Gy,0.22,4,4,SYS_001051,TAG_001051,10,MODE_B - Config demo,0.11,2,2,0.11,0.025,8.0,1.818,6:09:00 p.m.,7:16:00 p.m.,01:07:00,,Operador_03
27-ago-27,Operador_03,Completado,10107,TIN_000071,20071,40071,50071,Cliente_004,CLI004,Producto_007,Configuracion_008,30008,Fitosanitario 150 Gy,0.22,5,5,SYS_001052,TAG_001052,10,MODE_B - Config demo,0.11,2,2,0.11,0.025,8.0,1.818,6:09:00 p.m.,7:16:00 p.m.,01:07:00,,Operador_01
27-ago-27,Operador_04,Completado,10107,TIN_000071,20071,40071,50071,Cliente_004,CLI004,Producto_007,Configuracion_008,30008,Fitosanitario 150 Gy,0.22,6,6,SYS_001053,TAG_001053,10,MODE_B - Config demo,0.11,2,2,0.11,0.025,8.0,1.818,6:09:00 p.m.,7:16:00 p.m.,01:07:00,,Operador_01
27-ago-27,Operador_03,Completado,10107,TIN_000071,20071,40071,50071,Cliente_004,CLI004,Producto_007,Configuracion_008,30008,Fitosanitario 150 Gy,0.22,7,7,SYS_001054,TAG_001054,10,MODE_B - Config demo,0.11,2,2,0.11,0.025,8.0,1.818,6:09:00 p.m.,7:16:00 p.m.,01:07:00,,Operador_01
27-ago-27,Operador_05,Completado,10107,TIN_000071,20071,40071,50071,Cliente_004,CLI004,Producto_007,Configuracion_008,30008,Fitosanitario 150 Gy,0.22,8,8,SYS_001055,TAG_001055,10,MODE_B - Config demo,0.11,2,2,0.11,0.025,8.0,1.818,6:09:00 p.m.,7:16:00 p.m.,01:07:00,,Operador_02
27-ago-27,Operador_01,Completado,10107,TIN_000071,20071,40071,50071,Cliente_004,CLI004,Producto_007,Configuracion_008,30008,Fitosanitario 150 Gy,0.22,9,9,SYS_001056,TAG_001056,10,MODE_B - Config demo,0.11,2,2,0.11,0.025,8.0,1.818,6:09:00 p.m.,7:16:00 p.m.,01:07:00,,Operador_02
27-ago-27,Operador_03,Completado,10107,TIN_000071,20071,40071,50071,Cliente_004,CLI004,Producto_007,Configuracion_008,30008,Fitosanitario 150 Gy,0.22,10,10,SYS_001057,TAG_001057,10,MODE_B - Config demo,0.11,2,2,0.11,0.025,8.0,1.818,6:09:00 p.m.,7:16:00 p.m.,01:07:00,,Operador_04
19-ago-27,Operador_01,Completado,10108,TIN_000072,20072,40072,50072,Cliente_012,CLI012,Producto_002,Configuracion_001,30001,Fitosanitario 150 Gy,0.22,1,1,SYS_001058,TAG_001058,10,MODE_A - Config demo,0.11,2,2,0.11,2.5,2.4,54.545,1:29:00 p.m.,2:36:00 p.m.,01:07:00,Desviacion_demo_10108,Operador_02
19-ago-27,Operador_01,Completado,10108,TIN_000072,20072,40072,50072,Cliente_012,CLI012,Producto_002,Configuracion_001,30001,Fitosanitario 150 Gy,0.22,2,2,SYS_001059,TAG_001059,10,MODE_A - Config demo,0.11,2,2,0.11,2.5,2.4,54.545,1:29:00 p.m.,2:36:00 p.m.,01:07:00,Desviacion_demo_10108,Operador_03
19-ago-27,Operador_01,Completado,10108,TIN_000072,20072,40072,50072,Cliente_012,CLI012,Producto_002,Configuracion_001,30001,Fitosanitario 150 Gy,0.22,3,3,SYS_001060,TAG_001060,10,MODE_A - Config demo,0.11,2,2,0.11,2.5,2.4,54.545,1:29:00 p.m.,2:36:00 p.m.,01:07:00,Desviacion_demo_10108,Operador_01
19-ago-27,Operador_04,Completado,10108,TIN_000072,20072,40072,50072,Cliente_012,CLI012,Producto_002,Configuracion_001,30001,Fitosanitario 150 Gy,0.22,4,4,SYS_001061,TAG_001061,10,MODE_A - Config demo,0.11,2,2,0.11,2.5,2.4,54.545,1:29:00 p.m.,2:36:00 p.m.,01:07:00,Desviacion_demo_10108,Operador_01
19-ago-27,Operador_02,Completado,10108,TIN_000072,20072,40072,50072,Cliente_012,CLI012,Producto_002,Configuracion_001,30001,Fitosanitario 150 Gy,0.22,5,5,SYS_001062,TAG_001062,10,MODE_A - Config demo,0.11,2,2,0.11,2.5,2.4,54.545,1:29:00 p.m.,2:36:00 p.m.,01:07:00,Desviacion_demo_10108,Operador_01
19-ago-27,Operador_04,Completado,10108,TIN_000072,20072,40072,50072,Cliente_012,CLI012,Producto_002,Configuracion_001,30001,Fitosanitario 150 Gy,0.22,6,6,SYS_001063,TAG_001063,10,MODE_A - Config demo,0.11,2,2,0.11,2.5,2.4,54.545,1:29:00 p.m.,2:36:00 p.m.,01:07:00,Desviacion_demo_10108,Operador_05
19-ago-27,Operador_04,Completado,10108,TIN_000072,20072,40072,50072,Cliente_012,CLI012,Producto_002,Configuracion_001,30001,Fitosanitario 150 Gy,0.22,7,7,SYS_001064,TAG_001064,10,MODE_A - Config demo,0.11,2,2,0.11,2.5,2.4,54.545,1:29:00 p.m.,2:36:00 p.m.,01:07:00,Desviacion_demo_10108,Operador_03
19-ago-27,Operador_02,Completado,10108,TIN_000072,20072,40072,50072,Cliente_012,CLI012,Producto_002,Configuracion_001,30001,Fitosanitario 150 Gy,0.22,8,8,SYS_001065,TAG_001065,10,MODE_A - Config demo,0.11,2,2,0.11,2.5,2.4,54.545,1:29:00 p.m.,2:36:00 p.m.,01:07:00,Desviacion_demo_10108,Operador_01
19-ago-27,Operador_02,Completado,10108,TIN_000072,20072,40072,50072,Cliente_012,CLI012,Producto_002,Configuracion_001,30001,Fitosanitario 150 Gy,0.22,9,9,SYS_001066,TAG_001066,10,MODE_A - Config demo,0.11,2,2,0.11,2.5,2.4,54.545,1:29:00 p.m.,2:36:00 p.m.,01:07:00,Desviacion_demo_10108,Operador_03
19-ago-27,Operador_01,Completado,10108,TIN_000072,20072,40072,50072,Cliente_012,CLI012,Producto_002,Configuracion_001,30001,Fitosanitario 150 Gy,0.22,10,10,SYS_001067,TAG_001067,10,MODE_A - Config demo,0.11,2,2,0.11,2.5,2.4,54.545,1:29:00 p.m.,2:36:00 p.m.,01:07:00,Desviacion_demo_10108,Operador_05
27-ago-27,Operador_02,Completado,10109,TIN_000073,20073,40073,50073,Cliente_020,CLI020,Producto_006,Configuracion_002,30002,Fitosanitario 150 Gy,0.35,1,1,SYS_001068,TAG_001068,10,MODE_A - Config demo,0.35,2,1,0.35,2.5,2.4,17.143,3:11:00 p.m.,4:07:00 p.m.,00:56:00,,Operador_02
27-ago-27,Operador_04,Completado,10109,TIN_000073,20073,40073,50073,Cliente_020,CLI020,Producto_006,Configuracion_002,30002,Fitosanitario 150 Gy,0.35,2,2,SYS_001069,TAG_001069,10,MODE_A - Config demo,0.35,2,1,0.35,2.5,2.4,17.143,3:11:00 p.m.,4:07:00 p.m.,00:56:00,,Operador_02
27-ago-27,Operador_02,Completado,10109,TIN_000073,20073,40073,50073,Cliente_020,CLI020,Producto_006,Configuracion_002,30002,Fitosanitario 150 Gy,0.35,3,3,SYS_001070,TAG_001070,10,MODE_A - Config demo,0.35,2,1,0.35,2.5,2.4,17.143,3:11:00 p.m.,4:07:00 p.m.,00:56:00,,Operador_05
27-ago-27,Operador_01,Completado,10109,TIN_000073,20073,40073,50073,Cliente_020,CLI020,Producto_006,Configuracion_002,30002,Fitosanitario 150 Gy,0.35,4,4,SYS_001071,TAG_001071,10,MODE_A - Config demo,0.35,2,1,0.35,2.5,2.4,17.143,3:11:00 p.m.,4:07:00 p.m.,00:56:00,,Operador_04
27-ago-27,Operador_01,Completado,10109,TIN_000073,20073,40073,50073,Cliente_020,CLI020,Producto_006,Configuracion_002,30002,Fitosanitario 150 Gy,0.35,5,5,SYS_001072,TAG_001072,10,MODE_A - Config demo,0.35,2,1,0.35,2.5,2.4,17.143,3:11:00 p.m.,4:07:00 p.m.,00:56:00,,Operador_05
27-ago-27,Operador_01,Completado,10110,TIN_000073,20073,40073,50073,Cliente_020,CLI020,Producto_006,Configuracion_002,30002,Fitosanitario 150 Gy,0.35,6,1,SYS_001073,TAG_001073,10,MODE_A - Config demo,0.35,2,1,0.35,2.5,2.4,17.143,3:01:00 p.m.,3:48:00 p.m.,00:47:00,,Operador_04
27-ago-27,Operador_02,Completado,10110,TIN_000073,20073,40073,50073,Cliente_020,CLI020,Producto_006,Configuracion_002,30002,Fitosanitario 150 Gy,0.35,7,2,SYS_001074,TAG_001074,10,MODE_A - Config demo,0.35,2,1,0.35,2.5,2.4,17.143,3:01:00 p.m.,3:48:00 p.m.,00:47:00,,Operador_04
27-ago-27,Operador_04,Completado,10110,TIN_000073,20073,40073,50073,Cliente_020,CLI020,Producto_006,Configuracion_002,30002,Fitosanitario 150 Gy,0.35,8,3,SYS_001075,TAG_001075,10,MODE_A - Config demo,0.35,2,1,0.35,2.5,2.4,17.143,3:01:00 p.m.,3:48:00 p.m.,00:47:00,,Operador_02
27-ago-27,Operador_01,Completado,10110,TIN_000073,20073,40073,50073,Cliente_020,CLI020,Producto_006,Configuracion_002,30002,Fitosanitario 150 Gy,0.35,9,4,SYS_001076,TAG_001076,10,MODE_A - Config demo,0.35,2,1,0.35,2.5,2.4,17.143,3:01:00 p.m.,3:48:00 p.m.,00:47:00,,Operador_05
27-ago-27,Operador_04,Completado,10110,TIN_000073,20073,40073,50073,Cliente_020,CLI020,Producto_006,Configuracion_002,30002,Fitosanitario 150 Gy,0.35,10,5,SYS_001077,TAG_001077,10,MODE_A - Config demo,0.35,2,1,0.35,2.5,2.4,17.143,3:01:00 p.m.,3:48:00 p.m.,00:47:00,,Operador_01
18-ago-27,Operador_03,Completado,10111,TIN_000074,20074,40074,50074,Cliente_015,CLI015,Producto_014,Configuracion_003,30003,Fitosanitario 400 Gy,0.7,1,1,SYS_001078,TAG_001078,10,MODE_B - Config demo,0.7,2,1,0.7,0.025,8.0,0.286,1:30:00 p.m.,2:27:00 p.m.,00:57:00,,Operador_03
18-ago-27,Operador_01,Completado,10111,TIN_000074,20074,40074,50074,Cliente_015,CLI015,Producto_014,Configuracion_003,30003,Fitosanitario 400 Gy,0.7,2,2,SYS_001079,TAG_001079,10,MODE_B - Config demo,0.7,2,1,0.7,0.025,8.0,0.286,1:30:00 p.m.,2:27:00 p.m.,00:57:00,,Operador_03
18-ago-27,Operador_02,Completado,10111,TIN_000074,20074,40074,50074,Cliente_015,CLI015,Producto_014,Configuracion_003,30003,Fitosanitario 400 Gy,0.7,3,3,SYS_001080,TAG_001080,10,MODE_B - Config demo,0.7,2,1,0.7,0.025,8.0,0.286,1:30:00 p.m.,2:27:00 p.m.,00:57:00,,Operador_02
18-ago-27,Operador_05,Completado,10111,TIN_000074,20074,40074,50074,Cliente_015,CLI015,Producto_014,Configuracion_003,30003,Fitosanitario 400 Gy,0.7,4,4,SYS_001081,TAG_001081,10,MODE_B - Config demo,0.7,2,1,0.7,0.025,8.0,0.286,1:30:00 p.m.,2:27:00 p.m.,00:57:00,,Operador_04
18-ago-27,Operador_01,Completado,10111,TIN_000074,20074,40074,50074,Cliente_015,CLI015,Producto_014,Configuracion_003,30003,Fitosanitario 400 Gy,0.7,5,5,SYS_001082,TAG_001082,10,MODE_B - Config demo,0.7,2,1,0.7,0.025,8.0,0.286,1:30:00 p.m.,2:27:00 p.m.,00:57:00,,Operador_03
18-ago-27,Operador_01,Completado,10112,TIN_000074,20074,40074,50074,Cliente_015,CLI015,Producto_014,Configuracion_003,30003,Fitosanitario 400 Gy,0.7,6,1,SYS_001083,TAG_001083,10,MODE_B - Config demo,0.35,2,2,0.35,0.025,8.0,0.571,10:38:00 a.m.,11:33:00 a.m.,00:55:00,,Operador_04
18-ago-27,Operador_05,Completado,10112,TIN_000074,20074,40074,50074,Cliente_015,CLI015,Producto_014,Configuracion_003,30003,Fitosanitario 400 Gy,0.7,7,2,SYS_001084,TAG_001084,10,MODE_B - Config demo,0.35,2,2,0.35,0.025,8.0,0.571,10:38:00 a.m.,11:33:00 a.m.,00:55:00,,Operador_04
18-ago-27,Operador_03,Completado,10112,TIN_000074,20074,40074,50074,Cliente_015,CLI015,Producto_014,Configuracion_003,30003,Fitosanitario 400 Gy,0.7,8,3,SYS_001085,TAG_001085,10,MODE_B - Config demo,0.35,2,2,0.35,0.025,8.0,0.571,10:38:00 a.m.,11:33:00 a.m.,00:55:00,,Operador_03
18-ago-27,Operador_01,Completado,10112,TIN_000074,20074,40074,50074,Cliente_015,CLI015,Producto_014,Configuracion_003,30003,Fitosanitario 400 Gy,0.7,9,4,SYS_001086,TAG_001086,10,MODE_B - Config demo,0.35,2,2,0.35,0.025,8.0,0.571,10:38:00 a.m.,11:33:00 a.m.,00:55:00,,Operador_05
18-ago-27,Operador_02,Completado,10112,TIN_000074,20074,40074,50074,Cliente_015,CLI015,Producto_014,Configuracion_003,30003,Fitosanitario 400 Gy,0.7,10,5,SYS_001087,TAG_001087,10,MODE_B - Config demo,0.35,2,2,0.35,0.025,8.0,0.571,10:38:00 a.m.,11:33:00 a.m.,00:55:00,,Operador_04
20-ago-27,Operador_05,Completado,10113,TIN_000075,20075,40075,50075,Cliente_010,CLI010,Producto_012,Configuracion_004,30004,Desbacterizacion (Chiles secos),1.0,1,1,SYS_001088,TAG_001088,19,MODE_A - Config demo,1.0,2,1,1.0,2.5,2.4,6.0,4:53:00 p.m.,6:04:00 p.m.,01:11:00,,Operador_01
20-ago-27,Operador_04,Completado,10113,TIN_000075,20075,40075,50075,Cliente_010,CLI010,Producto_012,Configuracion_004,30004,Desbacterizacion (Chiles secos),1.0,2,2,SYS_001089,TAG_001089,19,MODE_A - Config demo,1.0,2,1,1.0,2.5,2.4,6.0,4:53:00 p.m.,6:04:00 p.m.,01:11:00,,Operador_04
20-ago-27,Operador_02,Completado,10113,TIN_000075,20075,40075,50075,Cliente_010,CLI010,Producto_012,Configuracion_004,30004,Desbacterizacion (Chiles secos),1.0,3,3,SYS_001090,TAG_001090,19,MODE_A - Config demo,1.0,2,1,1.0,2.5,2.4,6.0,4:53:00 p.m.,6:04:00 p.m.,01:11:00,,Operador_01
20-ago-27,Operador_05,Completado,10113,TIN_000075,20075,40075,50075,Cliente_010,CLI010,Producto_012,Configuracion_004,30004,Desbacterizacion (Chiles secos),1.0,4,4,SYS_001091,TAG_001091,19,MODE_A - Config demo,1.0,2,1,1.0,2.5,2.4,6.0,4:53:00 p.m.,6:04:00 p.m.,01:11:00,,Operador_01
20-ago-27,Operador_04,Completado,10113,TIN_000075,20075,40075,50075,Cliente_010,CLI010,Producto_012,Configuracion_004,30004,Desbacterizacion (Chiles secos),1.0,5,5,SYS_001092,TAG_001092,19,MODE_A - Config demo,1.0,2,1,1.0,2.5,2.4,6.0,4:53:00 p.m.,6:04:00 p.m.,01:11:00,,Operador_05
20-ago-27,Operador_05,Completado,10113,TIN_000075,20075,40075,50075,Cliente_010,CLI010,Producto_012,Configuracion_004,30004,Desbacterizacion (Chiles secos),1.0,6,6,SYS_001093,TAG_001093,19,MODE_A - Config demo,1.0,2,1,1.0,2.5,2.4,6.0,4:53:00 p.m.,6:04:00 p.m.,01:11:00,,Operador_02
20-ago-27,Operador_04,Completado,10113,TIN_000075,20075,40075,50075,Cliente_010,CLI010,Producto_012,Configuracion_004,30004,Desbacterizacion (Chiles secos),1.0,7,7,SYS_001094,TAG_001094,19,MODE_A - Config demo,1.0,2,1,1.0,2.5,2.4,6.0,4:53:00 p.m.,6:04:00 p.m.,01:11:00,,Operador_05
20-ago-27,Operador_04,Completado,10113,TIN_000075,20075,40075,50075,Cliente_010,CLI010,Producto_012,Configuracion_004,30004,Desbacterizacion (Chiles secos),1.0,8,8,SYS_001095,TAG_001095,19,MODE_A - Config demo,1.0,2,1,1.0,2.5,2.4,6.0,4:53:00 p.m.,6:04:00 p.m.,01:11:00,,Operador_02
20-ago-27,Operador_01,Completado,10113,TIN_000075,20075,40075,50075,Cliente_010,CLI010,Producto_012,Configuracion_004,30004,Desbacterizacion (Chiles secos),1.0,9,9,SYS_001096,TAG_001096,19,MODE_A - Config demo,1.0,2,1,1.0,2.5,2.4,6.0,4:53:00 p.m.,6:04:00 p.m.,01:11:00,,Operador_03
20-ago-27,Operador_04,Completado,10113,TIN_000075,20075,40075,50075,Cliente_010,CLI010,Producto_012,Configuracion_004,30004,Desbacterizacion (Chiles secos),1.0,10,10,SYS_001097,TAG_001097,19,MODE_A - Config demo,1.0,2,1,1.0,2.5,2.4,6.0,4:53:00 p.m.,6:04:00 p.m.,01:11:00,,Operador_01
20-ago-27,Operador_05,Completado,10114,TIN_000075,20075,40075,50075,Cliente_010,CLI010,Producto_012,Configuracion_004,30004,Desbacterizacion (Chiles secos),1.0,11,1,SYS_001098,TAG_001098,19,MODE_B - Config demo,1.0,2,1,1.0,0.025,8.0,0.2,1:03:00 p.m.,2:01:00 p.m.,00:58:00,,Operador_05
20-ago-27,Operador_05,Completado,10114,TIN_000075,20075,40075,50075,Cliente_010,CLI010,Producto_012,Configuracion_004,30004,Desbacterizacion (Chiles secos),1.0,12,2,SYS_001099,TAG_001099,19,MODE_B - Config demo,1.0,2,1,1.0,0.025,8.0,0.2,1:03:00 p.m.,2:01:00 p.m.,00:58:00,,Operador_03
20-ago-27,Operador_02,Completado,10114,TIN_000075,20075,40075,50075,Cliente_010,CLI010,Producto_012,Configuracion_004,30004,Desbacterizacion (Chiles secos),1.0,13,3,SYS_001100,TAG_001100,19,MODE_B - Config demo,1.0,2,1,1.0,0.025,8.0,0.2,1:03:00 p.m.,2:01:00 p.m.,00:58:00,,Operador_02
20-ago-27,Operador_03,Completado,10114,TIN_000075,20075,40075,50075,Cliente_010,CLI010,Producto_012,Configuracion_004,30004,Desbacterizacion (Chiles secos),1.0,14,4,SYS_001101,TAG_001101,19,MODE_B - Config demo,1.0,2,1,1.0,0.025,8.0,0.2,1:03:00 p.m.,2:01:00 p.m.,00:58:00,,Operador_04
20-ago-27,Operador_05,Completado,10114,TIN_000075,20075,40075,50075,Cliente_010,CLI010,Producto_012,Configuracion_004,30004,Desbacterizacion (Chiles secos),1.0,15,5,SYS_001102,TAG_001102,19,MODE_B - Config demo,1.0,2,1,1.0,0.025,8.0,0.2,1:03:00 p.m.,2:01:00 p.m.,00:58:00,,Operador_01
20-ago-27,Operador_05,Completado,10114,TIN_000075,20075,40075,50075,Cliente_010,CLI010,Producto_012,Configuracion_004,30004,Desbacterizacion (Chiles secos),1.0,16,6,SYS_001103,TAG_001103,19,MODE_B - Config demo,1.0,2,1,1.0,0.025,8.0,0.2,1:03:00 p.m.,2:01:00 p.m.,00:58:00,,Operador_02
20-ago-27,Operador_02,Completado,10114,TIN_000075,20075,40075,50075,Cliente_010,CLI010,Producto_012,Configuracion_004,30004,Desbacterizacion (Chiles secos),1.0,17,7,SYS_001104,TAG_001104,19,MODE_B - Config demo,1.0,2,1,1.0,0.025,8.0,0.2,1:03:00 p.m.,2:01:00 p.m.,00:58:00,,Operador_02
20-ago-27,Operador_02,Completado,10114,TIN_000075,20075,40075,50075,Cliente_010,CLI010,Producto_012,Configuracion_004,30004,Desbacterizacion (Chiles secos),1.0,18,8,SYS_001105,TAG_001105,19,MODE_B - Config demo,1.0,2,1,1.0,0.025,8.0,0.2,1:03:00 p.m.,2:01:00 p.m.,00:58:00,,Operador_01
20-ago-27,Operador_02,Completado,10114,TIN_000075,20075,40075,50075,Cliente_010,CLI010,Producto_012,Configuracion_004,30004,Desbacterizacion (Chiles secos),1.0,19,9,SYS_001106,TAG_001106,19,MODE_B - Config demo,1.0,2,1,1.0,0.025,8.0,0.2,1:03:00 p.m.,2:01:00 p.m.,00:58:00,,Operador_05
12-ago-27,Operador_03,Completado,10115,TIN_000076,20076,40076,50076,Cliente_012,CLI012,Producto_009,Configuracion_005,30005,Desbacterizacion (Chiles secos),4.0,1,1,SYS_001107,TAG_001107,18,MODE_A - Config demo,4.0,2,1,4.0,2.5,2.4,1.5,6:44:00 a.m.,8:07:00 a.m.,01:23:00,,Operador_01
12-ago-27,Operador_02,Completado,10115,TIN_000076,20076,40076,50076,Cliente_012,CLI012,Producto_009,Configuracion_005,30005,Desbacterizacion (Chiles secos),4.0,2,2,SYS_001108,TAG_001108,18,MODE_A - Config demo,4.0,2,1,4.0,2.5,2.4,1.5,6:44:00 a.m.,8:07:00 a.m.,01:23:00,,Operador_05
12-ago-27,Operador_01,Completado,10115,TIN_000076,20076,40076,50076,Cliente_012,CLI012,Producto_009,Configuracion_005,30005,Desbacterizacion (Chiles secos),4.0,3,3,SYS_001109,TAG_001109,18,MODE_A - Config demo,4.0,2,1,4.0,2.5,2.4,1.5,6:44:00 a.m.,8:07:00 a.m.,01:23:00,,Operador_02
12-ago-27,Operador_01,Completado,10115,TIN_000076,20076,40076,50076,Cliente_012,CLI012,Producto_009,Configuracion_005,30005,Desbacterizacion (Chiles secos),4.0,4,4,SYS_001110,TAG_001110,18,MODE_A - Config demo,4.0,2,1,4.0,2.5,2.4,1.5,6:44:00 a.m.,8:07:00 a.m.,01:23:00,,Operador_01
12-ago-27,Operador_04,Completado,10115,TIN_000076,20076,40076,50076,Cliente_012,CLI012,Producto_009,Configuracion_005,30005,Desbacterizacion (Chiles secos),4.0,5,5,SYS_001111,TAG_001111,18,MODE_A - Config demo,4.0,2,1,4.0,2.5,2.4,1.5,6:44:00 a.m.,8:07:00 a.m.,01:23:00,,Operador_03
12-ago-27,Operador_02,Completado,10115,TIN_000076,20076,40076,50076,Cliente_012,CLI012,Producto_009,Configuracion_005,30005,Desbacterizacion (Chiles secos),4.0,6,6,SYS_001112,TAG_001112,18,MODE_A - Config demo,4.0,2,1,4.0,2.5,2.4,1.5,6:44:00 a.m.,8:07:00 a.m.,01:23:00,,Operador_01
12-ago-27,Operador_04,Completado,10115,TIN_000076,20076,40076,50076,Cliente_012,CLI012,Producto_009,Configuracion_005,30005,Desbacterizacion (Chiles secos),4.0,7,7,SYS_001113,TAG_001113,18,MODE_A - Config demo,4.0,2,1,4.0,2.5,2.4,1.5,6:44:00 a.m.,8:07:00 a.m.,01:23:00,,Operador_02
12-ago-27,Operador_03,Completado,10115,TIN_000076,20076,40076,50076,Cliente_012,CLI012,Producto_009,Configuracion_005,30005,Desbacterizacion (Chiles secos),4.0,8,8,SYS_001114,TAG_001114,18,MODE_A - Config demo,4.0,2,1,4.0,2.5,2.4,1.5,6:44:00 a.m.,8:07:00 a.m.,01:23:00,,Operador_01
12-ago-27,Operador_03,Completado,10115,TIN_000076,20076,40076,50076,Cliente_012,CLI012,Producto_009,Configuracion_005,30005,Desbacterizacion (Chiles secos),4.0,9,9,SYS_001115,TAG_001115,18,MODE_A - Config demo,4.0,2,1,4.0,2.5,2.4,1.5,6:44:00 a.m.,8:07:00 a.m.,01:23:00,,Operador_05
12-ago-27,Operador_04,Completado,10115,TIN_000076,20076,40076,50076,Cliente_012,CLI012,Producto_009,Configuracion_005,30005,Desbacterizacion (Chiles secos),4.0,10,10,SYS_001116,TAG_001116,18,MODE_A - Config demo,4.0,2,1,4.0,2.5,2.4,1.5,6:44:00 a.m.,8:07:00 a.m.,01:23:00,,Operador_03
12-ago-27,Operador_01,Completado,10115,TIN_000076,20076,40076,50076,Cliente_012,CLI012,Producto_009,Configuracion_005,30005,Desbacterizacion (Chiles secos),4.0,11,11,SYS_001117,TAG_001117,18,MODE_A - Config demo,4.0,2,1,4.0,2.5,2.4,1.5,6:44:00 a.m.,8:07:00 a.m.,01:23:00,,Operador_02
12-ago-27,Operador_05,Completado,10115,TIN_000076,20076,40076,50076,Cliente_012,CLI012,Producto_009,Configuracion_005,30005,Desbacterizacion (Chiles secos),4.0,12,12,SYS_001118,TAG_001118,18,MODE_A - Config demo,4.0,2,1,4.0,2.5,2.4,1.5,6:44:00 a.m.,8:07:00 a.m.,01:23:00,,Operador_05
12-ago-27,Operador_02,Completado,10115,TIN_000076,20076,40076,50076,Cliente_012,CLI012,Producto_009,Configuracion_005,30005,Desbacterizacion (Chiles secos),4.0,13,1,SYS_001119,TAG_001119,18,MODE_A - Config demo,4.0,2,1,4.0,2.5,2.4,1.5,6:44:00 a.m.,8:07:00 a.m.,01:23:00,,Operador_04
12-ago-27,Operador_04,Completado,10115,TIN_000076,20076,40076,50076,Cliente_012,CLI012,Producto_009,Configuracion_005,30005,Desbacterizacion (Chiles secos),4.0,14,2,SYS_001120,TAG_001120,18,MODE_A - Config demo,4.0,2,1,4.0,2.5,2.4,1.5,6:44:00 a.m.,8:07:00 a.m.,01:23:00,,Operador_03
12-ago-27,Operador_02,Completado,10115,TIN_000076,20076,40076,50076,Cliente_012,CLI012,Producto_009,Configuracion_005,30005,Desbacterizacion (Chiles secos),4.0,15,3,SYS_001121,TAG_001121,18,MODE_A - Config demo,4.0,2,1,4.0,2.5,2.4,1.5,6:44:00 a.m.,8:07:00 a.m.,01:23:00,,Operador_02
12-ago-27,Operador_03,Completado,10115,TIN_000076,20076,40076,50076,Cliente_012,CLI012,Producto_009,Configuracion_005,30005,Desbacterizacion (Chiles secos),4.0,16,4,SYS_001122,TAG_001122,18,MODE_A - Config demo,4.0,2,1,4.0,2.5,2.4,1.5,6:44:00 a.m.,8:07:00 a.m.,01:23:00,,Operador_02
12-ago-27,Operador_03,Completado,10115,TIN_000076,20076,40076,50076,Cliente_012,CLI012,Producto_009,Configuracion_005,30005,Desbacterizacion (Chiles secos),4.0,17,5,SYS_001123,TAG_001123,18,MODE_A - Config demo,4.0,2,1,4.0,2.5,2.4,1.5,6:44:00 a.m.,8:07:00 a.m.,01:23:00,,Operador_01
12-ago-27,Operador_02,Completado,10115,TIN_000076,20076,40076,50076,Cliente_012,CLI012,Producto_009,Configuracion_005,30005,Desbacterizacion (Chiles secos),4.0,18,6,SYS_001124,TAG_001124,18,MODE_A - Config demo,4.0,2,1,4.0,2.5,2.4,1.5,6:44:00 a.m.,8:07:00 a.m.,01:23:00,,Operador_01
11-ago-27,Operador_03,Completado,10116,TIN_000077,20077,40077,50077,Cliente_013,CLI013,Producto_008,Configuracion_006,30006,Fitosanitario 150 Gy,0.28,1,1,SYS_001125,TAG_001125,24,MODE_B - Config demo,0.28,2,1,0.28,0.025,8.0,0.714,9:02:00 a.m.,10:10:00 a.m.,01:08:00,,Operador_04
11-ago-27,Operador_02,Completado,10116,TIN_000077,20077,40077,50077,Cliente_013,CLI013,Producto_008,Configuracion_006,30006,Fitosanitario 150 Gy,0.28,2,2,SYS_001126,TAG_001126,24,MODE_B - Config demo,0.28,2,1,0.28,0.025,8.0,0.714,9:02:00 a.m.,10:10:00 a.m.,01:08:00,,Operador_02
11-ago-27,Operador_01,Completado,10116,TIN_000077,20077,40077,50077,Cliente_013,CLI013,Producto_008,Configuracion_006,30006,Fitosanitario 150 Gy,0.28,3,3,SYS_001127,TAG_001127,24,MODE_B - Config demo,0.28,2,1,0.28,0.025,8.0,0.714,9:02:00 a.m.,10:10:00 a.m.,01:08:00,,Operador_03
11-ago-27,Operador_03,Completado,10116,TIN_000077,20077,40077,50077,Cliente_013,CLI013,Producto_008,Configuracion_006,30006,Fitosanitario 150 Gy,0.28,4,4,SYS_001128,TAG_001128,24,MODE_B - Config demo,0.28,2,1,0.28,0.025,8.0,0.714,9:02:00 a.m.,10:10:00 a.m.,01:08:00,,Operador_02
11-ago-27,Operador_05,Completado,10116,TIN_000077,20077,40077,50077,Cliente_013,CLI013,Producto_008,Configuracion_006,30006,Fitosanitario 150 Gy,0.28,5,5,SYS_001129,TAG_001129,24,MODE_B - Config demo,0.28,2,1,0.28,0.025,8.0,0.714,9:02:00 a.m.,10:10:00 a.m.,01:08:00,,Operador_05
11-ago-27,Operador_05,Completado,10116,TIN_000077,20077,40077,50077,Cliente_013,CLI013,Producto_008,Configuracion_006,30006,Fitosanitario 150 Gy,0.28,6,6,SYS_001130,TAG_001130,24,MODE_B - Config demo,0.28,2,1,0.28,0.025,8.0,0.714,9:02:00 a.m.,10:10:00 a.m.,01:08:00,,Operador_03
11-ago-27,Operador_05,Completado,10116,TIN_000077,20077,40077,50077,Cliente_013,CLI013,Producto_008,Configuracion_006,30006,Fitosanitario 150 Gy,0.28,7,7,SYS_001131,TAG_001131,24,MODE_B - Config demo,0.28,2,1,0.28,0.025,8.0,0.714,9:02:00 a.m.,10:10:00 a.m.,01:08:00,,Operador_02
11-ago-27,Operador_04,Completado,10116,TIN_000077,20077,40077,50077,Cliente_013,CLI013,Producto_008,Configuracion_006,30006,Fitosanitario 150 Gy,0.28,8,8,SYS_001132,TAG_001132,24,MODE_B - Config demo,0.28,2,1,0.28,0.025,8.0,0.714,9:02:00 a.m.,10:10:00 a.m.,01:08:00,,Operador_04
11-ago-27,Operador_02,Completado,10117,TIN_000077,20077,40077,50077,Cliente_013,CLI013,Producto_008,Configuracion_006,30006,Fitosanitario 150 Gy,0.28,9,1,SYS_001133,TAG_001133,24,MODE_B - Config demo,0.28,2,1,0.28,0.025,8.0,0.714,8:55:00 a.m.,9:49:00 a.m.,00:54:00,,Operador_02
11-ago-27,Operador_05,Completado,10117,TIN_000077,20077,40077,50077,Cliente_013,CLI013,Producto_008,Configuracion_006,30006,Fitosanitario 150 Gy,0.28,10,2,SYS_001134,TAG_001134,24,MODE_B - Config demo,0.28,2,1,0.28,0.025,8.0,0.714,8:55:00 a.m.,9:49:00 a.m.,00:54:00,,Operador_04
11-ago-27,Operador_01,Completado,10117,TIN_000077,20077,40077,50077,Cliente_013,CLI013,Producto_008,Configuracion_006,30006,Fitosanitario 150 Gy,0.28,11,3,SYS_001135,TAG_001135,24,MODE_B - Config demo,0.28,2,1,0.28,0.025,8.0,0.714,8:55:00 a.m.,9:49:00 a.m.,00:54:00,,Operador_03
11-ago-27,Operador_05,Completado,10117,TIN_000077,20077,40077,50077,Cliente_013,CLI013,Producto_008,Configuracion_006,30006,Fitosanitario 150 Gy,0.28,12,4,SYS_001136,TAG_001136,24,MODE_B - Config demo,0.28,2,1,0.28,0.025,8.0,0.714,8:55:00 a.m.,9:49:00 a.m.,00:54:00,,Operador_05
11-ago-27,Operador_05,Completado,10117,TIN_000077,20077,40077,50077,Cliente_013,CLI013,Producto_008,Configuracion_006,30006,Fitosanitario 150 Gy,0.28,13,5,SYS_001137,TAG_001137,24,MODE_B - Config demo,0.28,2,1,0.28,0.025,8.0,0.714,8:55:00 a.m.,9:49:00 a.m.,00:54:00,,Operador_01
11-ago-27,Operador_05,Completado,10117,TIN_000077,20077,40077,50077,Cliente_013,CLI013,Producto_008,Configuracion_006,30006,Fitosanitario 150 Gy,0.28,14,6,SYS_001138,TAG_001138,24,MODE_B - Config demo,0.28,2,1,0.28,0.025,8.0,0.714,8:55:00 a.m.,9:49:00 a.m.,00:54:00,,Operador_03
11-ago-27,Operador_03,Completado,10117,TIN_000077,20077,40077,50077,Cliente_013,CLI013,Producto_008,Configuracion_006,30006,Fitosanitario 150 Gy,0.28,15,7,SYS_001139,TAG_001139,24,MODE_B - Config demo,0.28,2,1,0.28,0.025,8.0,0.714,8:55:00 a.m.,9:49:00 a.m.,00:54:00,,Operador_03
11-ago-27,Operador_04,Completado,10117,TIN_000077,20077,40077,50077,Cliente_013,CLI013,Producto_008,Configuracion_006,30006,Fitosanitario 150 Gy,0.28,16,8,SYS_001140,TAG_001140,24,MODE_B - Config demo,0.28,2,1,0.28,0.025,8.0,0.714,8:55:00 a.m.,9:49:00 a.m.,00:54:00,,Operador_03
11-ago-27,Operador_05,Completado,10118,TIN_000077,20077,40077,50077,Cliente_013,CLI013,Producto_008,Configuracion_006,30006,Fitosanitario 150 Gy,0.28,17,1,SYS_001141,TAG_001141,24,MODE_B - Config demo,0.28,2,1,0.28,0.025,8.0,0.714,6:08:00 p.m.,7:01:00 p.m.,00:53:00,,Operador_05
11-ago-27,Operador_01,Completado,10118,TIN_000077,20077,40077,50077,Cliente_013,CLI013,Producto_008,Configuracion_006,30006,Fitosanitario 150 Gy,0.28,18,2,SYS_001142,TAG_001142,24,MODE_B - Config demo,0.28,2,1,0.28,0.025,8.0,0.714,6:08:00 p.m.,7:01:00 p.m.,00:53:00,,Operador_05
11-ago-27,Operador_05,Completado,10118,TIN_000077,20077,40077,50077,Cliente_013,CLI013,Producto_008,Configuracion_006,30006,Fitosanitario 150 Gy,0.28,19,3,SYS_001143,TAG_001143,24,MODE_B - Config demo,0.28,2,1,0.28,0.025,8.0,0.714,6:08:00 p.m.,7:01:00 p.m.,00:53:00,,Operador_05
11-ago-27,Operador_05,Completado,10118,TIN_000077,20077,40077,50077,Cliente_013,CLI013,Producto_008,Configuracion_006,30006,Fitosanitario 150 Gy,0.28,20,4,SYS_001144,TAG_001144,24,MODE_B - Config demo,0.28,2,1,0.28,0.025,8.0,0.714,6:08:00 p.m.,7:01:00 p.m.,00:53:00,,Operador_05
11-ago-27,Operador_01,Completado,10118,TIN_000077,20077,40077,50077,Cliente_013,CLI013,Producto_008,Configuracion_006,30006,Fitosanitario 150 Gy,0.28,21,5,SYS_001145,TAG_001145,24,MODE_B - Config demo,0.28,2,1,0.28,0.025,8.0,0.714,6:08:00 p.m.,7:01:00 p.m.,00:53:00,,Operador_04
11-ago-27,Operador_05,Completado,10118,TIN_000077,20077,40077,50077,Cliente_013,CLI013,Producto_008,Configuracion_006,30006,Fitosanitario 150 Gy,0.28,22,6,SYS_001146,TAG_001146,24,MODE_B - Config demo,0.28,2,1,0.28,0.025,8.0,0.714,6:08:00 p.m.,7:01:00 p.m.,00:53:00,,Operador_03
11-ago-27,Operador_05,Completado,10118,TIN_000077,20077,40077,50077,Cliente_013,CLI013,Producto_008,Configuracion_006,30006,Fitosanitario 150 Gy,0.28,23,7,SYS_001147,TAG_001147,24,MODE_B - Config demo,0.28,2,1,0.28,0.025,8.0,0.714,6:08:00 p.m.,7:01:00 p.m.,00:53:00,,Operador_01
11-ago-27,Operador_03,Completado,10118,TIN_000077,20077,40077,50077,Cliente_013,CLI013,Producto_008,Configuracion_006,30006,Fitosanitario 150 Gy,0.28,24,8,SYS_001148,TAG_001148,24,MODE_B - Config demo,0.28,2,1,0.28,0.025,8.0,0.714,6:08:00 p.m.,7:01:00 p.m.,00:53:00,,Operador_05
15-ago-27,Operador_02,Completado,10119,TIN_000078,20078,40078,50078,Cliente_008,CLI008,Producto_008,Configuracion_007,30007,Fitosanitario 400 Gy,0.6,1,1,SYS_001149,TAG_001149,21,MODE_B - Config demo,0.6,2,1,0.6,0.025,8.0,0.333,4:59:00 p.m.,5:51:00 p.m.,00:52:00,,Operador_03
15-ago-27,Operador_01,Completado,10119,TIN_000078,20078,40078,50078,Cliente_008,CLI008,Producto_008,Configuracion_007,30007,Fitosanitario 400 Gy,0.6,2,2,SYS_001150,TAG_001150,21,MODE_B - Config demo,0.6,2,1,0.6,0.025,8.0,0.333,4:59:00 p.m.,5:51:00 p.m.,00:52:00,,Operador_01
15-ago-27,Operador_03,Completado,10119,TIN_000078,20078,40078,50078,Cliente_008,CLI008,Producto_008,Configuracion_007,30007,Fitosanitario 400 Gy,0.6,3,3,SYS_001151,TAG_001151,21,MODE_B - Config demo,0.6,2,1,0.6,0.025,8.0,0.333,4:59:00 p.m.,5:51:00 p.m.,00:52:00,,Operador_04
15-ago-27,Operador_03,Completado,10119,TIN_000078,20078,40078,50078,Cliente_008,CLI008,Producto_008,Configuracion_007,30007,Fitosanitario 400 Gy,0.6,4,4,SYS_001152,TAG_001152,21,MODE_B - Config demo,0.6,2,1,0.6,0.025,8.0,0.333,4:59:00 p.m.,5:51:00 p.m.,00:52:00,,Operador_04
15-ago-27,Operador_01,Completado,10119,TIN_000078,20078,40078,50078,Cliente_008,CLI008,Producto_008,Configuracion_007,30007,Fitosanitario 400 Gy,0.6,5,5,SYS_001153,TAG_001153,21,MODE_B - Config demo,0.6,2,1,0.6,0.025,8.0,0.333,4:59:00 p.m.,5:51:00 p.m.,00:52:00,,Operador_05
15-ago-27,Operador_04,Completado,10119,TIN_000078,20078,40078,50078,Cliente_008,CLI008,Producto_008,Configuracion_007,30007,Fitosanitario 400 Gy,0.6,6,6,SYS_001154,TAG_001154,21,MODE_B - Config demo,0.6,2,1,0.6,0.025,8.0,0.333,4:59:00 p.m.,5:51:00 p.m.,00:52:00,,Operador_04
15-ago-27,Operador_05,Completado,10119,TIN_000078,20078,40078,50078,Cliente_008,CLI008,Producto_008,Configuracion_007,30007,Fitosanitario 400 Gy,0.6,7,7,SYS_001155,TAG_001155,21,MODE_B - Config demo,0.6,2,1,0.6,0.025,8.0,0.333,4:59:00 p.m.,5:51:00 p.m.,00:52:00,,Operador_05
15-ago-27,Operador_04,Completado,10120,TIN_000078,20078,40078,50078,Cliente_008,CLI008,Producto_008,Configuracion_007,30007,Fitosanitario 400 Gy,0.6,8,1,SYS_001156,TAG_001156,21,MODE_A - Config demo,0.6,2,1,0.6,2.5,2.4,10.0,4:25:00 p.m.,5:13:00 p.m.,00:48:00,,Operador_04
15-ago-27,Operador_02,Completado,10120,TIN_000078,20078,40078,50078,Cliente_008,CLI008,Producto_008,Configuracion_007,30007,Fitosanitario 400 Gy,0.6,9,2,SYS_001157,TAG_001157,21,MODE_A - Config demo,0.6,2,1,0.6,2.5,2.4,10.0,4:25:00 p.m.,5:13:00 p.m.,00:48:00,,Operador_04
15-ago-27,Operador_02,Completado,10120,TIN_000078,20078,40078,50078,Cliente_008,CLI008,Producto_008,Configuracion_007,30007,Fitosanitario 400 Gy,0.6,10,3,SYS_001158,TAG_001158,21,MODE_A - Config demo,0.6,2,1,0.6,2.5,2.4,10.0,4:25:00 p.m.,5:13:00 p.m.,00:48:00,,Operador_04
15-ago-27,Operador_05,Completado,10120,TIN_000078,20078,40078,50078,Cliente_008,CLI008,Producto_008,Configuracion_007,30007,Fitosanitario 400 Gy,0.6,11,4,SYS_001159,TAG_001159,21,MODE_A - Config demo,0.6,2,1,0.6,2.5,2.4,10.0,4:25:00 p.m.,5:13:00 p.m.,00:48:00,,Operador_04
15-ago-27,Operador_03,Completado,10120,TIN_000078,20078,40078,50078,Cliente_008,CLI008,Producto_008,Configuracion_007,30007,Fitosanitario 400 Gy,0.6,12,5,SYS_001160,TAG_001160,21,MODE_A - Config demo,0.6,2,1,0.6,2.5,2.4,10.0,4:25:00 p.m.,5:13:00 p.m.,00:48:00,,Operador_04
15-ago-27,Operador_01,Completado,10120,TIN_000078,20078,40078,50078,Cliente_008,CLI008,Producto_008,Configuracion_007,30007,Fitosanitario 400 Gy,0.6,13,6,SYS_001161,TAG_001161,21,MODE_A - Config demo,0.6,2,1,0.6,2.5,2.4,10.0,4:25:00 p.m.,5:13:00 p.m.,00:48:00,,Operador_05
15-ago-27,Operador_03,Completado,10120,TIN_000078,20078,40078,50078,Cliente_008,CLI008,Producto_008,Configuracion_007,30007,Fitosanitario 400 Gy,0.6,14,7,SYS_001162,TAG_001162,21,MODE_A - Config demo,0.6,2,1,0.6,2.5,2.4,10.0,4:25:00 p.m.,5:13:00 p.m.,00:48:00,,Operador_03
15-ago-27,Operador_04,Completado,10121,TIN_000078,20078,40078,50078,Cliente_008,CLI008,Producto_008,Configuracion_007,30007,Fitosanitario 400 Gy,0.6,15,1,SYS_001163,TAG_001163,21,MODE_B - Config demo,0.6,2,1,0.6,0.025,8.0,0.333,11:48:00 a.m.,12:34:00 p.m.,00:46:00,,Operador_02
15-ago-27,Operador_02,Completado,10121,TIN_000078,20078,40078,50078,Cliente_008,CLI008,Producto_008,Configuracion_007,30007,Fitosanitario 400 Gy,0.6,16,2,SYS_001164,TAG_001164,21,MODE_B - Config demo,0.6,2,1,0.6,0.025,8.0,0.333,11:48:00 a.m.,12:34:00 p.m.,00:46:00,,Operador_02
15-ago-27,Operador_01,Completado,10121,TIN_000078,20078,40078,50078,Cliente_008,CLI008,Producto_008,Configuracion_007,30007,Fitosanitario 400 Gy,0.6,17,3,SYS_001165,TAG_001165,21,MODE_B - Config demo,0.6,2,1,0.6,0.025,8.0,0.333,11:48:00 a.m.,12:34:00 p.m.,00:46:00,,Operador_03
15-ago-27,Operador_04,Completado,10121,TIN_000078,20078,40078,50078,Cliente_008,CLI008,Producto_008,Configuracion_007,30007,Fitosanitario 400 Gy,0.6,18,4,SYS_001166,TAG_001166,21,MODE_B - Config demo,0.6,2,1,0.6,0.025,8.0,0.333,11:48:00 a.m.,12:34:00 p.m.,00:46:00,,Operador_03
15-ago-27,Operador_01,Completado,10121,TIN_000078,20078,40078,50078,Cliente_008,CLI008,Producto_008,Configuracion_007,30007,Fitosanitario 400 Gy,0.6,19,5,SYS_001167,TAG_001167,21,MODE_B - Config demo,0.6,2,1,0.6,0.025,8.0,0.333,11:48:00 a.m.,12:34:00 p.m.,00:46:00,,Operador_05
15-ago-27,Operador_03,Completado,10121,TIN_000078,20078,40078,50078,Cliente_008,CLI008,Producto_008,Configuracion_007,30007,Fitosanitario 400 Gy,0.6,20,6,SYS_001168,TAG_001168,21,MODE_B - Config demo,0.6,2,1,0.6,0.025,8.0,0.333,11:48:00 a.m.,12:34:00 p.m.,00:46:00,,Operador_03
15-ago-27,Operador_03,Completado,10121,TIN_000078,20078,40078,50078,Cliente_008,CLI008,Producto_008,Configuracion_007,30007,Fitosanitario 400 Gy,0.6,21,7,SYS_001169,TAG_001169,21,MODE_B - Config demo,0.6,2,1,0.6,0.025,8.0,0.333,11:48:00 a.m.,12:34:00 p.m.,00:46:00,,Operador_04
07-ago-27,Operador_01,Completado,10122,TIN_000079,20079,40079,50079,Cliente_019,CLI019,Producto_004,Configuracion_008,30008,Desbacterizacion (Chiles secos),1.0,1,1,SYS_001170,TAG_001170,13,MODE_A - Config demo,1.0,2,1,1.0,2.5,2.4,6.0,1:31:00 p.m.,2:54:00 p.m.,01:23:00,,Operador_05
07-ago-27,Operador_04,Completado,10122,TIN_000079,20079,40079,50079,Cliente_019,CLI019,Producto_004,Configuracion_008,30008,Desbacterizacion (Chiles secos),1.0,2,2,SYS_001171,TAG_001171,13,MODE_A - Config demo,1.0,2,1,1.0,2.5,2.4,6.0,1:31:00 p.m.,2:54:00 p.m.,01:23:00,,Operador_01
07-ago-27,Operador_01,Completado,10122,TIN_000079,20079,40079,50079,Cliente_019,CLI019,Producto_004,Configuracion_008,30008,Desbacterizacion (Chiles secos),1.0,3,3,SYS_001172,TAG_001172,13,MODE_A - Config demo,1.0,2,1,1.0,2.5,2.4,6.0,1:31:00 p.m.,2:54:00 p.m.,01:23:00,,Operador_02
07-ago-27,Operador_05,Completado,10122,TIN_000079,20079,40079,50079,Cliente_019,CLI019,Producto_004,Configuracion_008,30008,Desbacterizacion (Chiles secos),1.0,4,4,SYS_001173,TAG_001173,13,MODE_A - Config demo,1.0,2,1,1.0,2.5,2.4,6.0,1:31:00 p.m.,2:54:00 p.m.,01:23:00,,Operador_02
07-ago-27,Operador_05,Completado,10122,TIN_000079,20079,40079,50079,Cliente_019,CLI019,Producto_004,Configuracion_008,30008,Desbacterizacion (Chiles secos),1.0,5,5,SYS_001174,TAG_001174,13,MODE_A - Config demo,1.0,2,1,1.0,2.5,2.4,6.0,1:31:00 p.m.,2:54:00 p.m.,01:23:00,,Operador_01
07-ago-27,Operador_03,Completado,10122,TIN_000079,20079,40079,50079,Cliente_019,CLI019,Producto_004,Configuracion_008,30008,Desbacterizacion (Chiles secos),1.0,6,6,SYS_001175,TAG_001175,13,MODE_A - Config demo,1.0,2,1,1.0,2.5,2.4,6.0,1:31:00 p.m.,2:54:00 p.m.,01:23:00,,Operador_05
07-ago-27,Operador_04,Completado,10122,TIN_000079,20079,40079,50079,Cliente_019,CLI019,Producto_004,Configuracion_008,30008,Desbacterizacion (Chiles secos),1.0,7,7,SYS_001176,TAG_001176,13,MODE_A - Config demo,1.0,2,1,1.0,2.5,2.4,6.0,1:31:00 p.m.,2:54:00 p.m.,01:23:00,,Operador_03
07-ago-27,Operador_02,Completado,10122,TIN_000079,20079,40079,50079,Cliente_019,CLI019,Producto_004,Configuracion_008,30008,Desbacterizacion (Chiles secos),1.0,8,8,SYS_001177,TAG_001177,13,MODE_A - Config demo,1.0,2,1,1.0,2.5,2.4,6.0,1:31:00 p.m.,2:54:00 p.m.,01:23:00,,Operador_03
07-ago-27,Operador_02,Completado,10122,TIN_000079,20079,40079,50079,Cliente_019,CLI019,Producto_004,Configuracion_008,30008,Desbacterizacion (Chiles secos),1.0,9,9,SYS_001178,TAG_001178,13,MODE_A - Config demo,1.0,2,1,1.0,2.5,2.4,6.0,1:31:00 p.m.,2:54:00 p.m.,01:23:00,,Operador_03
07-ago-27,Operador_01,Completado,10122,TIN_000079,20079,40079,50079,Cliente_019,CLI019,Producto_004,Configuracion_008,30008,Desbacterizacion (Chiles secos),1.0,10,10,SYS_001179,TAG_001179,13,MODE_A - Config demo,1.0,2,1,1.0,2.5,2.4,6.0,1:31:00 p.m.,2:54:00 p.m.,01:23:00,,Operador_02
07-ago-27,Operador_04,Completado,10122,TIN_000079,20079,40079,50079,Cliente_019,CLI019,Producto_004,Configuracion_008,30008,Desbacterizacion (Chiles secos),1.0,11,11,SYS_001180,TAG_001180,13,MODE_A - Config demo,1.0,2,1,1.0,2.5,2.4,6.0,1:31:00 p.m.,2:54:00 p.m.,01:23:00,,Operador_05
07-ago-27,Operador_03,Completado,10122,TIN_000079,20079,40079,50079,Cliente_019,CLI019,Producto_004,Configuracion_008,30008,Desbacterizacion (Chiles secos),1.0,12,12,SYS_001181,TAG_001181,13,MODE_A - Config demo,1.0,2,1,1.0,2.5,2.4,6.0,1:31:00 p.m.,2:54:00 p.m.,01:23:00,,Operador_04
07-ago-27,Operador_03,Completado,10122,TIN_000079,20079,40079,50079,Cliente_019,CLI019,Producto_004,Configuracion_008,30008,Desbacterizacion (Chiles secos),1.0,13,1,SYS_001182,TAG_001182,13,MODE_A - Config demo,1.0,2,1,1.0,2.5,2.4,6.0,1:31:00 p.m.,2:54:00 p.m.,01:23:00,,Operador_01
17-ago-27,Operador_01,Completado,10123,TIN_000080,20080,40080,50080,Cliente_014,CLI014,Producto_005,Configuracion_001,30001,Fitosanitario 400 Gy,0.55,1,1,SYS_001183,TAG_001183,6,MODE_B - Config demo,0.275,2,2,0.275,0.025,8.0,0.727,7:56:00 p.m.,8:51:00 p.m.,00:55:00,,Operador_03
17-ago-27,Operador_05,Completado,10123,TIN_000080,20080,40080,50080,Cliente_014,CLI014,Producto_005,Configuracion_001,30001,Fitosanitario 400 Gy,0.55,2,2,SYS_001184,TAG_001184,6,MODE_B - Config demo,0.275,2,2,0.275,0.025,8.0,0.727,7:56:00 p.m.,8:51:00 p.m.,00:55:00,,Operador_04
17-ago-27,Operador_03,Completado,10123,TIN_000080,20080,40080,50080,Cliente_014,CLI014,Producto_005,Configuracion_001,30001,Fitosanitario 400 Gy,0.55,3,3,SYS_001185,TAG_001185,6,MODE_B - Config demo,0.275,2,2,0.275,0.025,8.0,0.727,7:56:00 p.m.,8:51:00 p.m.,00:55:00,,Operador_04
17-ago-27,Operador_03,Completado,10123,TIN_000080,20080,40080,50080,Cliente_014,CLI014,Producto_005,Configuracion_001,30001,Fitosanitario 400 Gy,0.55,4,4,SYS_001186,TAG_001186,6,MODE_B - Config demo,0.275,2,2,0.275,0.025,8.0,0.727,7:56:00 p.m.,8:51:00 p.m.,00:55:00,,Operador_04
17-ago-27,Operador_03,Completado,10123,TIN_000080,20080,40080,50080,Cliente_014,CLI014,Producto_005,Configuracion_001,30001,Fitosanitario 400 Gy,0.55,5,5,SYS_001187,TAG_001187,6,MODE_B - Config demo,0.275,2,2,0.275,0.025,8.0,0.727,7:56:00 p.m.,8:51:00 p.m.,00:55:00,,Operador_04
17-ago-27,Operador_03,Completado,10123,TIN_000080,20080,40080,50080,Cliente_014,CLI014,Producto_005,Configuracion_001,30001,Fitosanitario 400 Gy,0.55,6,6,SYS_001188,TAG_001188,6,MODE_B - Config demo,0.275,2,2,0.275,0.025,8.0,0.727,7:56:00 p.m.,8:51:00 p.m.,00:55:00,,Operador_04
03-ago-27,Operador_04,Completado,10124,TIN_000081,20081,40081,50081,Cliente_011,CLI011,Producto_005,Configuracion_002,30002,Desbacterizacion (Otros Y protocolos),3.0,1,1,SYS_001189,TAG_001189,15,MODE_B - Config demo,1.5,2,2,1.5,0.025,8.0,0.133,7:09:00 p.m.,8:09:00 p.m.,01:00:00,,Operador_01
03-ago-27,Operador_05,Completado,10124,TIN_000081,20081,40081,50081,Cliente_011,CLI011,Producto_005,Configuracion_002,30002,Desbacterizacion (Otros Y protocolos),3.0,2,2,SYS_001190,TAG_001190,15,MODE_B - Config demo,1.5,2,2,1.5,0.025,8.0,0.133,7:09:00 p.m.,8:09:00 p.m.,01:00:00,,Operador_05
03-ago-27,Operador_05,Completado,10124,TIN_000081,20081,40081,50081,Cliente_011,CLI011,Producto_005,Configuracion_002,30002,Desbacterizacion (Otros Y protocolos),3.0,3,3,SYS_001191,TAG_001191,15,MODE_B - Config demo,1.5,2,2,1.5,0.025,8.0,0.133,7:09:00 p.m.,8:09:00 p.m.,01:00:00,,Operador_03
03-ago-27,Operador_04,Completado,10124,TIN_000081,20081,40081,50081,Cliente_011,CLI011,Producto_005,Configuracion_002,30002,Desbacterizacion (Otros Y protocolos),3.0,4,4,SYS_001192,TAG_001192,15,MODE_B - Config demo,1.5,2,2,1.5,0.025,8.0,0.133,7:09:00 p.m.,8:09:00 p.m.,01:00:00,,Operador_05
03-ago-27,Operador_01,Completado,10124,TIN_000081,20081,40081,50081,Cliente_011,CLI011,Producto_005,Configuracion_002,30002,Desbacterizacion (Otros Y protocolos),3.0,5,5,SYS_001193,TAG_001193,15,MODE_B - Config demo,1.5,2,2,1.5,0.025,8.0,0.133,7:09:00 p.m.,8:09:00 p.m.,01:00:00,,Operador_01
03-ago-27,Operador_05,Completado,10124,TIN_000081,20081,40081,50081,Cliente_011,CLI011,Producto_005,Configuracion_002,30002,Desbacterizacion (Otros Y protocolos),3.0,6,6,SYS_001194,TAG_001194,15,MODE_B - Config demo,1.5,2,2,1.5,0.025,8.0,0.133,7:09:00 p.m.,8:09:00 p.m.,01:00:00,,Operador_02
03-ago-27,Operador_01,Completado,10124,TIN_000081,20081,40081,50081,Cliente_011,CLI011,Producto_005,Configuracion_002,30002,Desbacterizacion (Otros Y protocolos),3.0,7,7,SYS_001195,TAG_001195,15,MODE_B - Config demo,1.5,2,2,1.5,0.025,8.0,0.133,7:09:00 p.m.,8:09:00 p.m.,01:00:00,,Operador_02
03-ago-27,Operador_04,Completado,10124,TIN_000081,20081,40081,50081,Cliente_011,CLI011,Producto_005,Configuracion_002,30002,Desbacterizacion (Otros Y protocolos),3.0,8,8,SYS_001196,TAG_001196,15,MODE_B - Config demo,1.5,2,2,1.5,0.025,8.0,0.133,7:09:00 p.m.,8:09:00 p.m.,01:00:00,,Operador_02
03-ago-27,Operador_05,Completado,10125,TIN_000081,20081,40081,50081,Cliente_011,CLI011,Producto_005,Configuracion_002,30002,Desbacterizacion (Otros Y protocolos),3.0,9,1,SYS_001197,TAG_001197,15,MODE_B - Config demo,1.5,2,2,1.5,0.025,8.0,0.133,7:24:00 p.m.,8:14:00 p.m.,00:50:00,,Operador_02
03-ago-27,Operador_02,Completado,10125,TIN_000081,20081,40081,50081,Cliente_011,CLI011,Producto_005,Configuracion_002,30002,Desbacterizacion (Otros Y protocolos),3.0,10,2,SYS_001198,TAG_001198,15,MODE_B - Config demo,1.5,2,2,1.5,0.025,8.0,0.133,7:24:00 p.m.,8:14:00 p.m.,00:50:00,,Operador_01
03-ago-27,Operador_03,Completado,10125,TIN_000081,20081,40081,50081,Cliente_011,CLI011,Producto_005,Configuracion_002,30002,Desbacterizacion (Otros Y protocolos),3.0,11,3,SYS_001199,TAG_001199,15,MODE_B - Config demo,1.5,2,2,1.5,0.025,8.0,0.133,7:24:00 p.m.,8:14:00 p.m.,00:50:00,,Operador_01
03-ago-27,Operador_05,Completado,10125,TIN_000081,20081,40081,50081,Cliente_011,CLI011,Producto_005,Configuracion_002,30002,Desbacterizacion (Otros Y protocolos),3.0,12,4,SYS_001200,TAG_001200,15,MODE_B - Config demo,1.5,2,2,1.5,0.025,8.0,0.133,7:24:00 p.m.,8:14:00 p.m.,00:50:00,,Operador_02
03-ago-27,Operador_04,Completado,10125,TIN_000081,20081,40081,50081,Cliente_011,CLI011,Producto_005,Configuracion_002,30002,Desbacterizacion (Otros Y protocolos),3.0,13,5,SYS_001201,TAG_001201,15,MODE_B - Config demo,1.5,2,2,1.5,0.025,8.0,0.133,7:24:00 p.m.,8:14:00 p.m.,00:50:00,,Operador_01
03-ago-27,Operador_02,Completado,10125,TIN_000081,20081,40081,50081,Cliente_011,CLI011,Producto_005,Configuracion_002,30002,Desbacterizacion (Otros Y protocolos),3.0,14,6,SYS_001202,TAG_001202,15,MODE_B - Config demo,1.5,2,2,1.5,0.025,8.0,0.133,7:24:00 p.m.,8:14:00 p.m.,00:50:00,,Operador_02
03-ago-27,Operador_05,Completado,10125,TIN_000081,20081,40081,50081,Cliente_011,CLI011,Producto_005,Configuracion_002,30002,Desbacterizacion (Otros Y protocolos),3.0,15,7,SYS_001203,TAG_001203,15,MODE_B - Config demo,1.5,2,2,1.5,0.025,8.0,0.133,7:24:00 p.m.,8:14:00 p.m.,00:50:00,,Operador_05
02-ago-27,Operador_02,Completado,10126,TIN_000082,20082,40082,50082,Cliente_005,CLI005,Producto_007,Configuracion_003,30003,Desbacterizacion (Otros Y protocolos),2.0,1,1,SYS_001204,TAG_001204,11,MODE_B - Config demo,2.0,2,1,2.0,0.025,8.0,0.1,6:57:00 p.m.,7:59:00 p.m.,01:02:00,,Operador_01
02-ago-27,Operador_01,Completado,10126,TIN_000082,20082,40082,50082,Cliente_005,CLI005,Producto_007,Configuracion_003,30003,Desbacterizacion (Otros Y protocolos),2.0,2,2,SYS_001205,TAG_001205,11,MODE_B - Config demo,2.0,2,1,2.0,0.025,8.0,0.1,6:57:00 p.m.,7:59:00 p.m.,01:02:00,,Operador_01
02-ago-27,Operador_04,Completado,10126,TIN_000082,20082,40082,50082,Cliente_005,CLI005,Producto_007,Configuracion_003,30003,Desbacterizacion (Otros Y protocolos),2.0,3,3,SYS_001206,TAG_001206,11,MODE_B - Config demo,2.0,2,1,2.0,0.025,8.0,0.1,6:57:00 p.m.,7:59:00 p.m.,01:02:00,,Operador_02
02-ago-27,Operador_03,Completado,10126,TIN_000082,20082,40082,50082,Cliente_005,CLI005,Producto_007,Configuracion_003,30003,Desbacterizacion (Otros Y protocolos),2.0,4,4,SYS_001207,TAG_001207,11,MODE_B - Config demo,2.0,2,1,2.0,0.025,8.0,0.1,6:57:00 p.m.,7:59:00 p.m.,01:02:00,,Operador_02
02-ago-27,Operador_03,Completado,10126,TIN_000082,20082,40082,50082,Cliente_005,CLI005,Producto_007,Configuracion_003,30003,Desbacterizacion (Otros Y protocolos),2.0,5,5,SYS_001208,TAG_001208,11,MODE_B - Config demo,2.0,2,1,2.0,0.025,8.0,0.1,6:57:00 p.m.,7:59:00 p.m.,01:02:00,,Operador_03
02-ago-27,Operador_03,Completado,10126,TIN_000082,20082,40082,50082,Cliente_005,CLI005,Producto_007,Configuracion_003,30003,Desbacterizacion (Otros Y protocolos),2.0,6,6,SYS_001209,TAG_001209,11,MODE_B - Config demo,2.0,2,1,2.0,0.025,8.0,0.1,6:57:00 p.m.,7:59:00 p.m.,01:02:00,,Operador_01
02-ago-27,Operador_02,Completado,10127,TIN_000082,20082,40082,50082,Cliente_005,CLI005,Producto_007,Configuracion_003,30003,Desbacterizacion (Otros Y protocolos),2.0,7,1,SYS_001210,TAG_001210,11,MODE_A - Config demo,2.0,2,1,2.0,2.5,2.4,3.0,3:56:00 p.m.,4:37:00 p.m.,00:41:00,,Operador_03
02-ago-27,Operador_01,Completado,10127,TIN_000082,20082,40082,50082,Cliente_005,CLI005,Producto_007,Configuracion_003,30003,Desbacterizacion (Otros Y protocolos),2.0,8,2,SYS_001211,TAG_001211,11,MODE_A - Config demo,2.0,2,1,2.0,2.5,2.4,3.0,3:56:00 p.m.,4:37:00 p.m.,00:41:00,,Operador_04
02-ago-27,Operador_04,Completado,10127,TIN_000082,20082,40082,50082,Cliente_005,CLI005,Producto_007,Configuracion_003,30003,Desbacterizacion (Otros Y protocolos),2.0,9,3,SYS_001212,TAG_001212,11,MODE_A - Config demo,2.0,2,1,2.0,2.5,2.4,3.0,3:56:00 p.m.,4:37:00 p.m.,00:41:00,,Operador_01
02-ago-27,Operador_05,Completado,10127,TIN_000082,20082,40082,50082,Cliente_005,CLI005,Producto_007,Configuracion_003,30003,Desbacterizacion (Otros Y protocolos),2.0,10,4,SYS_001213,TAG_001213,11,MODE_A - Config demo,2.0,2,1,2.0,2.5,2.4,3.0,3:56:00 p.m.,4:37:00 p.m.,00:41:00,,Operador_05
02-ago-27,Operador_02,Completado,10127,TIN_000082,20082,40082,50082,Cliente_005,CLI005,Producto_007,Configuracion_003,30003,Desbacterizacion (Otros Y protocolos),2.0,11,5,SYS_001214,TAG_001214,11,MODE_A - Config demo,2.0,2,1,2.0,2.5,2.4,3.0,3:56:00 p.m.,4:37:00 p.m.,00:41:00,,Operador_04
30-ago-27,Operador_01,Completado,10128,TIN_000083,20083,40083,50083,Cliente_017,CLI017,Producto_001,Configuracion_004,30004,Fitosanitario 150 Gy,0.32,1,1,SYS_001215,TAG_001215,13,MODE_B - Config demo,0.32,2,1,0.32,0.025,8.0,0.625,10:01:00 a.m.,11:18:00 a.m.,01:17:00,,Operador_05
30-ago-27,Operador_04,Completado,10128,TIN_000083,20083,40083,50083,Cliente_017,CLI017,Producto_001,Configuracion_004,30004,Fitosanitario 150 Gy,0.32,2,2,SYS_001216,TAG_001216,13,MODE_B - Config demo,0.32,2,1,0.32,0.025,8.0,0.625,10:01:00 a.m.,11:18:00 a.m.,01:17:00,,Operador_02
30-ago-27,Operador_04,Completado,10128,TIN_000083,20083,40083,50083,Cliente_017,CLI017,Producto_001,Configuracion_004,30004,Fitosanitario 150 Gy,0.32,3,3,SYS_001217,TAG_001217,13,MODE_B - Config demo,0.32,2,1,0.32,0.025,8.0,0.625,10:01:00 a.m.,11:18:00 a.m.,01:17:00,,Operador_02
30-ago-27,Operador_04,Completado,10128,TIN_000083,20083,40083,50083,Cliente_017,CLI017,Producto_001,Configuracion_004,30004,Fitosanitario 150 Gy,0.32,4,4,SYS_001218,TAG_001218,13,MODE_B - Config demo,0.32,2,1,0.32,0.025,8.0,0.625,10:01:00 a.m.,11:18:00 a.m.,01:17:00,,Operador_03
30-ago-27,Operador_01,Completado,10128,TIN_000083,20083,40083,50083,Cliente_017,CLI017,Producto_001,Configuracion_004,30004,Fitosanitario 150 Gy,0.32,5,5,SYS_001219,TAG_001219,13,MODE_B - Config demo,0.32,2,1,0.32,0.025,8.0,0.625,10:01:00 a.m.,11:18:00 a.m.,01:17:00,,Operador_04
30-ago-27,Operador_01,Completado,10128,TIN_000083,20083,40083,50083,Cliente_017,CLI017,Producto_001,Configuracion_004,30004,Fitosanitario 150 Gy,0.32,6,6,SYS_001220,TAG_001220,13,MODE_B - Config demo,0.32,2,1,0.32,0.025,8.0,0.625,10:01:00 a.m.,11:18:00 a.m.,01:17:00,,Operador_05
30-ago-27,Operador_01,Completado,10128,TIN_000083,20083,40083,50083,Cliente_017,CLI017,Producto_001,Configuracion_004,30004,Fitosanitario 150 Gy,0.32,7,7,SYS_001221,TAG_001221,13,MODE_B - Config demo,0.32,2,1,0.32,0.025,8.0,0.625,10:01:00 a.m.,11:18:00 a.m.,01:17:00,,Operador_05
30-ago-27,Operador_02,Completado,10128,TIN_000083,20083,40083,50083,Cliente_017,CLI017,Producto_001,Configuracion_004,30004,Fitosanitario 150 Gy,0.32,8,8,SYS_001222,TAG_001222,13,MODE_B - Config demo,0.32,2,1,0.32,0.025,8.0,0.625,10:01:00 a.m.,11:18:00 a.m.,01:17:00,,Operador_03
30-ago-27,Operador_05,Completado,10128,TIN_000083,20083,40083,50083,Cliente_017,CLI017,Producto_001,Configuracion_004,30004,Fitosanitario 150 Gy,0.32,9,9,SYS_001223,TAG_001223,13,MODE_B - Config demo,0.32,2,1,0.32,0.025,8.0,0.625,10:01:00 a.m.,11:18:00 a.m.,01:17:00,,Operador_05
30-ago-27,Operador_03,Completado,10128,TIN_000083,20083,40083,50083,Cliente_017,CLI017,Producto_001,Configuracion_004,30004,Fitosanitario 150 Gy,0.32,10,10,SYS_001224,TAG_001224,13,MODE_B - Config demo,0.32,2,1,0.32,0.025,8.0,0.625,10:01:00 a.m.,11:18:00 a.m.,01:17:00,,Operador_02
30-ago-27,Operador_04,Completado,10128,TIN_000083,20083,40083,50083,Cliente_017,CLI017,Producto_001,Configuracion_004,30004,Fitosanitario 150 Gy,0.32,11,11,SYS_001225,TAG_001225,13,MODE_B - Config demo,0.32,2,1,0.32,0.025,8.0,0.625,10:01:00 a.m.,11:18:00 a.m.,01:17:00,,Operador_05
30-ago-27,Operador_02,Completado,10128,TIN_000083,20083,40083,50083,Cliente_017,CLI017,Producto_001,Configuracion_004,30004,Fitosanitario 150 Gy,0.32,12,12,SYS_001226,TAG_001226,13,MODE_B - Config demo,0.32,2,1,0.32,0.025,8.0,0.625,10:01:00 a.m.,11:18:00 a.m.,01:17:00,,Operador_02
30-ago-27,Operador_05,Completado,10128,TIN_000083,20083,40083,50083,Cliente_017,CLI017,Producto_001,Configuracion_004,30004,Fitosanitario 150 Gy,0.32,13,1,SYS_001227,TAG_001227,13,MODE_B - Config demo,0.32,2,1,0.32,0.025,8.0,0.625,10:01:00 a.m.,11:18:00 a.m.,01:17:00,,Operador_02
02-ago-27,Operador_04,Completado,10129,TIN_000084,20084,40084,50084,Cliente_010,CLI010,Producto_006,Configuracion_005,30005,Fitosanitario 150 Gy,0.3,1,1,SYS_001228,TAG_001228,17,MODE_A - Config demo,0.3,2,1,0.3,2.5,2.4,20.0,7:29:00 a.m.,8:37:00 a.m.,01:08:00,,Operador_04
02-ago-27,Operador_05,Completado,10129,TIN_000084,20084,40084,50084,Cliente_010,CLI010,Producto_006,Configuracion_005,30005,Fitosanitario 150 Gy,0.3,2,2,SYS_001229,TAG_001229,17,MODE_A - Config demo,0.3,2,1,0.3,2.5,2.4,20.0,7:29:00 a.m.,8:37:00 a.m.,01:08:00,,Operador_05
02-ago-27,Operador_03,Completado,10129,TIN_000084,20084,40084,50084,Cliente_010,CLI010,Producto_006,Configuracion_005,30005,Fitosanitario 150 Gy,0.3,3,3,SYS_001230,TAG_001230,17,MODE_A - Config demo,0.3,2,1,0.3,2.5,2.4,20.0,7:29:00 a.m.,8:37:00 a.m.,01:08:00,,Operador_01
02-ago-27,Operador_03,Completado,10129,TIN_000084,20084,40084,50084,Cliente_010,CLI010,Producto_006,Configuracion_005,30005,Fitosanitario 150 Gy,0.3,4,4,SYS_001231,TAG_001231,17,MODE_A - Config demo,0.3,2,1,0.3,2.5,2.4,20.0,7:29:00 a.m.,8:37:00 a.m.,01:08:00,,Operador_05
02-ago-27,Operador_04,Completado,10129,TIN_000084,20084,40084,50084,Cliente_010,CLI010,Producto_006,Configuracion_005,30005,Fitosanitario 150 Gy,0.3,5,5,SYS_001232,TAG_001232,17,MODE_A - Config demo,0.3,2,1,0.3,2.5,2.4,20.0,7:29:00 a.m.,8:37:00 a.m.,01:08:00,,Operador_02
02-ago-27,Operador_05,Completado,10129,TIN_000084,20084,40084,50084,Cliente_010,CLI010,Producto_006,Configuracion_005,30005,Fitosanitario 150 Gy,0.3,6,6,SYS_001233,TAG_001233,17,MODE_A - Config demo,0.3,2,1,0.3,2.5,2.4,20.0,7:29:00 a.m.,8:37:00 a.m.,01:08:00,,Operador_05
02-ago-27,Operador_04,Completado,10129,TIN_000084,20084,40084,50084,Cliente_010,CLI010,Producto_006,Configuracion_005,30005,Fitosanitario 150 Gy,0.3,7,7,SYS_001234,TAG_001234,17,MODE_A - Config demo,0.3,2,1,0.3,2.5,2.4,20.0,7:29:00 a.m.,8:37:00 a.m.,01:08:00,,Operador_01
02-ago-27,Operador_04,Completado,10129,TIN_000084,20084,40084,50084,Cliente_010,CLI010,Producto_006,Configuracion_005,30005,Fitosanitario 150 Gy,0.3,8,8,SYS_001235,TAG_001235,17,MODE_A - Config demo,0.3,2,1,0.3,2.5,2.4,20.0,7:29:00 a.m.,8:37:00 a.m.,01:08:00,,Operador_05
02-ago-27,Operador_03,Completado,10129,TIN_000084,20084,40084,50084,Cliente_010,CLI010,Producto_006,Configuracion_005,30005,Fitosanitario 150 Gy,0.3,9,9,SYS_001236,TAG_001236,17,MODE_A - Config demo,0.3,2,1,0.3,2.5,2.4,20.0,7:29:00 a.m.,8:37:00 a.m.,01:08:00,,Operador_04
02-ago-27,Operador_04,Completado,10130,TIN_000084,20084,40084,50084,Cliente_010,CLI010,Producto_006,Configuracion_005,30005,Fitosanitario 150 Gy,0.3,10,1,SYS_001237,TAG_001237,17,MODE_A - Config demo,0.3,2,1,0.3,2.5,2.4,20.0,3:24:00 p.m.,4:16:00 p.m.,00:52:00,,Operador_02
02-ago-27,Operador_02,Completado,10130,TIN_000084,20084,40084,50084,Cliente_010,CLI010,Producto_006,Configuracion_005,30005,Fitosanitario 150 Gy,0.3,11,2,SYS_001238,TAG_001238,17,MODE_A - Config demo,0.3,2,1,0.3,2.5,2.4,20.0,3:24:00 p.m.,4:16:00 p.m.,00:52:00,,Operador_02
02-ago-27,Operador_02,Completado,10130,TIN_000084,20084,40084,50084,Cliente_010,CLI010,Producto_006,Configuracion_005,30005,Fitosanitario 150 Gy,0.3,12,3,SYS_001239,TAG_001239,17,MODE_A - Config demo,0.3,2,1,0.3,2.5,2.4,20.0,3:24:00 p.m.,4:16:00 p.m.,00:52:00,,Operador_04
02-ago-27,Operador_01,Completado,10130,TIN_000084,20084,40084,50084,Cliente_010,CLI010,Producto_006,Configuracion_005,30005,Fitosanitario 150 Gy,0.3,13,4,SYS_001240,TAG_001240,17,MODE_A - Config demo,0.3,2,1,0.3,2.5,2.4,20.0,3:24:00 p.m.,4:16:00 p.m.,00:52:00,,Operador_04
02-ago-27,Operador_01,Completado,10130,TIN_000084,20084,40084,50084,Cliente_010,CLI010,Producto_006,Configuracion_005,30005,Fitosanitario 150 Gy,0.3,14,5,SYS_001241,TAG_001241,17,MODE_A - Config demo,0.3,2,1,0.3,2.5,2.4,20.0,3:24:00 p.m.,4:16:00 p.m.,00:52:00,,Operador_05
02-ago-27,Operador_04,Completado,10130,TIN_000084,20084,40084,50084,Cliente_010,CLI010,Producto_006,Configuracion_005,30005,Fitosanitario 150 Gy,0.3,15,6,SYS_001242,TAG_001242,17,MODE_A - Config demo,0.3,2,1,0.3,2.5,2.4,20.0,3:24:00 p.m.,4:16:00 p.m.,00:52:00,,Operador_05
02-ago-27,Operador_02,Completado,10130,TIN_000084,20084,40084,50084,Cliente_010,CLI010,Producto_006,Configuracion_005,30005,Fitosanitario 150 Gy,0.3,16,7,SYS_001243,TAG_001243,17,MODE_A - Config demo,0.3,2,1,0.3,2.5,2.4,20.0,3:24:00 p.m.,4:16:00 p.m.,00:52:00,,Operador_03
02-ago-27,Operador_03,Completado,10130,TIN_000084,20084,40084,50084,Cliente_010,CLI010,Producto_006,Configuracion_005,30005,Fitosanitario 150 Gy,0.3,17,8,SYS_001244,TAG_001244,17,MODE_A - Config demo,0.3,2,1,0.3,2.5,2.4,20.0,3:24:00 p.m.,4:16:00 p.m.,00:52:00,,Operador_01
11-ago-27,Operador_04,Completado,10131,TIN_000085,20085,40085,50085,Cliente_008,CLI008,Producto_001,Configuracion_006,30006,Fitosanitario 150 Gy,0.35,1,1,SYS_001245,TAG_001245,24,MODE_B - Config demo,0.35,2,1,0.35,0.025,8.0,0.571,5:03:00 p.m.,6:43:00 p.m.,01:40:00,,Operador_04
11-ago-27,Operador_04,Completado,10131,TIN_000085,20085,40085,50085,Cliente_008,CLI008,Producto_001,Configuracion_006,30006,Fitosanitario 150 Gy,0.35,2,2,SYS_001246,TAG_001246,24,MODE_B - Config demo,0.35,2,1,0.35,0.025,8.0,0.571,5:03:00 p.m.,6:43:00 p.m.,01:40:00,,Operador_05
11-ago-27,Operador_03,Completado,10131,TIN_000085,20085,40085,50085,Cliente_008,CLI008,Producto_001,Configuracion_006,30006,Fitosanitario 150 Gy,0.35,3,3,SYS_001247,TAG_001247,24,MODE_B - Config demo,0.35,2,1,0.35,0.025,8.0,0.571,5:03:00 p.m.,6:43:00 p.m.,01:40:00,,Operador_04
11-ago-27,Operador_01,Completado,10131,TIN_000085,20085,40085,50085,Cliente_008,CLI008,Producto_001,Configuracion_006,30006,Fitosanitario 150 Gy,0.35,4,4,SYS_001248,TAG_001248,24,MODE_B - Config demo,0.35,2,1,0.35,0.025,8.0,0.571,5:03:00 p.m.,6:43:00 p.m.,01:40:00,,Operador_01
11-ago-27,Operador_02,Completado,10131,TIN_000085,20085,40085,50085,Cliente_008,CLI008,Producto_001,Configuracion_006,30006,Fitosanitario 150 Gy,0.35,5,5,SYS_001249,TAG_001249,24,MODE_B - Config demo,0.35,2,1,0.35,0.025,8.0,0.571,5:03:00 p.m.,6:43:00 p.m.,01:40:00,,Operador_02
11-ago-27,Operador_02,Completado,10131,TIN_000085,20085,40085,50085,Cliente_008,CLI008,Producto_001,Configuracion_006,30006,Fitosanitario 150 Gy,0.35,6,6,SYS_001250,TAG_001250,24,MODE_B - Config demo,0.35,2,1,0.35,0.025,8.0,0.571,5:03:00 p.m.,6:43:00 p.m.,01:40:00,,Operador_04
11-ago-27,Operador_02,Completado,10131,TIN_000085,20085,40085,50085,Cliente_008,CLI008,Producto_001,Configuracion_006,30006,Fitosanitario 150 Gy,0.35,7,7,SYS_001251,TAG_001251,24,MODE_B - Config demo,0.35,2,1,0.35,0.025,8.0,0.571,5:03:00 p.m.,6:43:00 p.m.,01:40:00,,Operador_04
11-ago-27,Operador_01,Completado,10131,TIN_000085,20085,40085,50085,Cliente_008,CLI008,Producto_001,Configuracion_006,30006,Fitosanitario 150 Gy,0.35,8,8,SYS_001252,TAG_001252,24,MODE_B - Config demo,0.35,2,1,0.35,0.025,8.0,0.571,5:03:00 p.m.,6:43:00 p.m.,01:40:00,,Operador_02
11-ago-27,Operador_03,Completado,10131,TIN_000085,20085,40085,50085,Cliente_008,CLI008,Producto_001,Configuracion_006,30006,Fitosanitario 150 Gy,0.35,9,9,SYS_001253,TAG_001253,24,MODE_B - Config demo,0.35,2,1,0.35,0.025,8.0,0.571,5:03:00 p.m.,6:43:00 p.m.,01:40:00,,Operador_05
11-ago-27,Operador_02,Completado,10131,TIN_000085,20085,40085,50085,Cliente_008,CLI008,Producto_001,Configuracion_006,30006,Fitosanitario 150 Gy,0.35,10,10,SYS_001254,TAG_001254,24,MODE_B - Config demo,0.35,2,1,0.35,0.025,8.0,0.571,5:03:00 p.m.,6:43:00 p.m.,01:40:00,,Operador_03
11-ago-27,Operador_03,Completado,10131,TIN_000085,20085,40085,50085,Cliente_008,CLI008,Producto_001,Configuracion_006,30006,Fitosanitario 150 Gy,0.35,11,11,SYS_001255,TAG_001255,24,MODE_B - Config demo,0.35,2,1,0.35,0.025,8.0,0.571,5:03:00 p.m.,6:43:00 p.m.,01:40:00,,Operador_01
11-ago-27,Operador_02,Completado,10131,TIN_000085,20085,40085,50085,Cliente_008,CLI008,Producto_001,Configuracion_006,30006,Fitosanitario 150 Gy,0.35,12,12,SYS_001256,TAG_001256,24,MODE_B - Config demo,0.35,2,1,0.35,0.025,8.0,0.571,5:03:00 p.m.,6:43:00 p.m.,01:40:00,,Operador_02
11-ago-27,Operador_03,Completado,10131,TIN_000085,20085,40085,50085,Cliente_008,CLI008,Producto_001,Configuracion_006,30006,Fitosanitario 150 Gy,0.35,13,1,SYS_001257,TAG_001257,24,MODE_B - Config demo,0.35,2,1,0.35,0.025,8.0,0.571,5:03:00 p.m.,6:43:00 p.m.,01:40:00,,Operador_01
11-ago-27,Operador_04,Completado,10131,TIN_000085,20085,40085,50085,Cliente_008,CLI008,Producto_001,Configuracion_006,30006,Fitosanitario 150 Gy,0.35,14,2,SYS_001258,TAG_001258,24,MODE_B - Config demo,0.35,2,1,0.35,0.025,8.0,0.571,5:03:00 p.m.,6:43:00 p.m.,01:40:00,,Operador_03
11-ago-27,Operador_01,Completado,10131,TIN_000085,20085,40085,50085,Cliente_008,CLI008,Producto_001,Configuracion_006,30006,Fitosanitario 150 Gy,0.35,15,3,SYS_001259,TAG_001259,24,MODE_B - Config demo,0.35,2,1,0.35,0.025,8.0,0.571,5:03:00 p.m.,6:43:00 p.m.,01:40:00,,Operador_02
11-ago-27,Operador_03,Completado,10131,TIN_000085,20085,40085,50085,Cliente_008,CLI008,Producto_001,Configuracion_006,30006,Fitosanitario 150 Gy,0.35,16,4,SYS_001260,TAG_001260,24,MODE_B - Config demo,0.35,2,1,0.35,0.025,8.0,0.571,5:03:00 p.m.,6:43:00 p.m.,01:40:00,,Operador_02
11-ago-27,Operador_04,Completado,10131,TIN_000085,20085,40085,50085,Cliente_008,CLI008,Producto_001,Configuracion_006,30006,Fitosanitario 150 Gy,0.35,17,5,SYS_001261,TAG_001261,24,MODE_B - Config demo,0.35,2,1,0.35,0.025,8.0,0.571,5:03:00 p.m.,6:43:00 p.m.,01:40:00,,Operador_04
11-ago-27,Operador_04,Completado,10131,TIN_000085,20085,40085,50085,Cliente_008,CLI008,Producto_001,Configuracion_006,30006,Fitosanitario 150 Gy,0.35,18,6,SYS_001262,TAG_001262,24,MODE_B - Config demo,0.35,2,1,0.35,0.025,8.0,0.571,5:03:00 p.m.,6:43:00 p.m.,01:40:00,,Operador_04
11-ago-27,Operador_05,Completado,10131,TIN_000085,20085,40085,50085,Cliente_008,CLI008,Producto_001,Configuracion_006,30006,Fitosanitario 150 Gy,0.35,19,7,SYS_001263,TAG_001263,24,MODE_B - Config demo,0.35,2,1,0.35,0.025,8.0,0.571,5:03:00 p.m.,6:43:00 p.m.,01:40:00,,Operador_03
11-ago-27,Operador_04,Completado,10131,TIN_000085,20085,40085,50085,Cliente_008,CLI008,Producto_001,Configuracion_006,30006,Fitosanitario 150 Gy,0.35,20,8,SYS_001264,TAG_001264,24,MODE_B - Config demo,0.35,2,1,0.35,0.025,8.0,0.571,5:03:00 p.m.,6:43:00 p.m.,01:40:00,,Operador_02
11-ago-27,Operador_04,Completado,10131,TIN_000085,20085,40085,50085,Cliente_008,CLI008,Producto_001,Configuracion_006,30006,Fitosanitario 150 Gy,0.35,21,9,SYS_001265,TAG_001265,24,MODE_B - Config demo,0.35,2,1,0.35,0.025,8.0,0.571,5:03:00 p.m.,6:43:00 p.m.,01:40:00,,Operador_03
11-ago-27,Operador_05,Completado,10131,TIN_000085,20085,40085,50085,Cliente_008,CLI008,Producto_001,Configuracion_006,30006,Fitosanitario 150 Gy,0.35,22,10,SYS_001266,TAG_001266,24,MODE_B - Config demo,0.35,2,1,0.35,0.025,8.0,0.571,5:03:00 p.m.,6:43:00 p.m.,01:40:00,,Operador_01
11-ago-27,Operador_05,Completado,10131,TIN_000085,20085,40085,50085,Cliente_008,CLI008,Producto_001,Configuracion_006,30006,Fitosanitario 150 Gy,0.35,23,11,SYS_001267,TAG_001267,24,MODE_B - Config demo,0.35,2,1,0.35,0.025,8.0,0.571,5:03:00 p.m.,6:43:00 p.m.,01:40:00,,Operador_02
11-ago-27,Operador_05,Completado,10131,TIN_000085,20085,40085,50085,Cliente_008,CLI008,Producto_001,Configuracion_006,30006,Fitosanitario 150 Gy,0.35,24,12,SYS_001268,TAG_001268,24,MODE_B - Config demo,0.35,2,1,0.35,0.025,8.0,0.571,5:03:00 p.m.,6:43:00 p.m.,01:40:00,,Operador_02
31-ago-27,Operador_04,Completado,10132,TIN_000086,20086,40086,50086,Cliente_003,CLI003,Producto_015,Configuracion_007,30007,Desbacterizacion (Vegetales),3.0,1,1,SYS_001269,TAG_001269,19,MODE_B - Config demo,3.0,2,1,3.0,0.025,8.0,0.067,9:13:00 a.m.,10:38:00 a.m.,01:25:00,,Operador_03
31-ago-27,Operador_05,Completado,10132,TIN_000086,20086,40086,50086,Cliente_003,CLI003,Producto_015,Configuracion_007,30007,Desbacterizacion (Vegetales),3.0,2,2,SYS_001270,TAG_001270,19,MODE_B - Config demo,3.0,2,1,3.0,0.025,8.0,0.067,9:13:00 a.m.,10:38:00 a.m.,01:25:00,,Operador_04
31-ago-27,Operador_01,Completado,10132,TIN_000086,20086,40086,50086,Cliente_003,CLI003,Producto_015,Configuracion_007,30007,Desbacterizacion (Vegetales),3.0,3,3,SYS_001271,TAG_001271,19,MODE_B - Config demo,3.0,2,1,3.0,0.025,8.0,0.067,9:13:00 a.m.,10:38:00 a.m.,01:25:00,,Operador_03
31-ago-27,Operador_01,Completado,10132,TIN_000086,20086,40086,50086,Cliente_003,CLI003,Producto_015,Configuracion_007,30007,Desbacterizacion (Vegetales),3.0,4,4,SYS_001272,TAG_001272,19,MODE_B - Config demo,3.0,2,1,3.0,0.025,8.0,0.067,9:13:00 a.m.,10:38:00 a.m.,01:25:00,,Operador_03
31-ago-27,Operador_02,Completado,10132,TIN_000086,20086,40086,50086,Cliente_003,CLI003,Producto_015,Configuracion_007,30007,Desbacterizacion (Vegetales),3.0,5,5,SYS_001273,TAG_001273,19,MODE_B - Config demo,3.0,2,1,3.0,0.025,8.0,0.067,9:13:00 a.m.,10:38:00 a.m.,01:25:00,,Operador_05
31-ago-27,Operador_05,Completado,10132,TIN_000086,20086,40086,50086,Cliente_003,CLI003,Producto_015,Configuracion_007,30007,Desbacterizacion (Vegetales),3.0,6,6,SYS_001274,TAG_001274,19,MODE_B - Config demo,3.0,2,1,3.0,0.025,8.0,0.067,9:13:00 a.m.,10:38:00 a.m.,01:25:00,,Operador_03
31-ago-27,Operador_04,Completado,10132,TIN_000086,20086,40086,50086,Cliente_003,CLI003,Producto_015,Configuracion_007,30007,Desbacterizacion (Vegetales),3.0,7,7,SYS_001275,TAG_001275,19,MODE_B - Config demo,3.0,2,1,3.0,0.025,8.0,0.067,9:13:00 a.m.,10:38:00 a.m.,01:25:00,,Operador_04
31-ago-27,Operador_03,Completado,10132,TIN_000086,20086,40086,50086,Cliente_003,CLI003,Producto_015,Configuracion_007,30007,Desbacterizacion (Vegetales),3.0,8,8,SYS_001276,TAG_001276,19,MODE_B - Config demo,3.0,2,1,3.0,0.025,8.0,0.067,9:13:00 a.m.,10:38:00 a.m.,01:25:00,,Operador_05
31-ago-27,Operador_04,Completado,10132,TIN_000086,20086,40086,50086,Cliente_003,CLI003,Producto_015,Configuracion_007,30007,Desbacterizacion (Vegetales),3.0,9,9,SYS_001277,TAG_001277,19,MODE_B - Config demo,3.0,2,1,3.0,0.025,8.0,0.067,9:13:00 a.m.,10:38:00 a.m.,01:25:00,,Operador_02
31-ago-27,Operador_02,Completado,10132,TIN_000086,20086,40086,50086,Cliente_003,CLI003,Producto_015,Configuracion_007,30007,Desbacterizacion (Vegetales),3.0,10,10,SYS_001278,TAG_001278,19,MODE_B - Config demo,3.0,2,1,3.0,0.025,8.0,0.067,9:13:00 a.m.,10:38:00 a.m.,01:25:00,,Operador_03
31-ago-27,Operador_05,Completado,10132,TIN_000086,20086,40086,50086,Cliente_003,CLI003,Producto_015,Configuracion_007,30007,Desbacterizacion (Vegetales),3.0,11,11,SYS_001279,TAG_001279,19,MODE_B - Config demo,3.0,2,1,3.0,0.025,8.0,0.067,9:13:00 a.m.,10:38:00 a.m.,01:25:00,,Operador_01
31-ago-27,Operador_03,Completado,10132,TIN_000086,20086,40086,50086,Cliente_003,CLI003,Producto_015,Configuracion_007,30007,Desbacterizacion (Vegetales),3.0,12,12,SYS_001280,TAG_001280,19,MODE_B - Config demo,3.0,2,1,3.0,0.025,8.0,0.067,9:13:00 a.m.,10:38:00 a.m.,01:25:00,,Operador_03
31-ago-27,Operador_05,Completado,10132,TIN_000086,20086,40086,50086,Cliente_003,CLI003,Producto_015,Configuracion_007,30007,Desbacterizacion (Vegetales),3.0,13,1,SYS_001281,TAG_001281,19,MODE_B - Config demo,3.0,2,1,3.0,0.025,8.0,0.067,9:13:00 a.m.,10:38:00 a.m.,01:25:00,,Operador_04
31-ago-27,Operador_02,Completado,10132,TIN_000086,20086,40086,50086,Cliente_003,CLI003,Producto_015,Configuracion_007,30007,Desbacterizacion (Vegetales),3.0,14,2,SYS_001282,TAG_001282,19,MODE_B - Config demo,3.0,2,1,3.0,0.025,8.0,0.067,9:13:00 a.m.,10:38:00 a.m.,01:25:00,,Operador_01
31-ago-27,Operador_01,Completado,10132,TIN_000086,20086,40086,50086,Cliente_003,CLI003,Producto_015,Configuracion_007,30007,Desbacterizacion (Vegetales),3.0,15,3,SYS_001283,TAG_001283,19,MODE_B - Config demo,3.0,2,1,3.0,0.025,8.0,0.067,9:13:00 a.m.,10:38:00 a.m.,01:25:00,,Operador_01
31-ago-27,Operador_03,Completado,10132,TIN_000086,20086,40086,50086,Cliente_003,CLI003,Producto_015,Configuracion_007,30007,Desbacterizacion (Vegetales),3.0,16,4,SYS_001284,TAG_001284,19,MODE_B - Config demo,3.0,2,1,3.0,0.025,8.0,0.067,9:13:00 a.m.,10:38:00 a.m.,01:25:00,,Operador_04
31-ago-27,Operador_04,Completado,10132,TIN_000086,20086,40086,50086,Cliente_003,CLI003,Producto_015,Configuracion_007,30007,Desbacterizacion (Vegetales),3.0,17,5,SYS_001285,TAG_001285,19,MODE_B - Config demo,3.0,2,1,3.0,0.025,8.0,0.067,9:13:00 a.m.,10:38:00 a.m.,01:25:00,,Operador_04
31-ago-27,Operador_03,Completado,10132,TIN_000086,20086,40086,50086,Cliente_003,CLI003,Producto_015,Configuracion_007,30007,Desbacterizacion (Vegetales),3.0,18,6,SYS_001286,TAG_001286,19,MODE_B - Config demo,3.0,2,1,3.0,0.025,8.0,0.067,9:13:00 a.m.,10:38:00 a.m.,01:25:00,,Operador_03
31-ago-27,Operador_05,Completado,10132,TIN_000086,20086,40086,50086,Cliente_003,CLI003,Producto_015,Configuracion_007,30007,Desbacterizacion (Vegetales),3.0,19,7,SYS_001287,TAG_001287,19,MODE_B - Config demo,3.0,2,1,3.0,0.025,8.0,0.067,9:13:00 a.m.,10:38:00 a.m.,01:25:00,,Operador_02
20-ago-27,Operador_01,Completado,10133,TIN_000087,20087,40087,50087,Cliente_011,CLI011,Producto_005,Configuracion_008,30008,Fitosanitario 150 Gy,0.28,1,1,SYS_001288,TAG_001288,7,MODE_B - Config demo,0.14,2,2,0.14,0.025,8.0,1.429,6:32:00 a.m.,7:14:00 a.m.,00:42:00,,Operador_04
20-ago-27,Operador_04,Completado,10133,TIN_000087,20087,40087,50087,Cliente_011,CLI011,Producto_005,Configuracion_008,30008,Fitosanitario 150 Gy,0.28,2,2,SYS_001289,TAG_001289,7,MODE_B - Config demo,0.14,2,2,0.14,0.025,8.0,1.429,6:32:00 a.m.,7:14:00 a.m.,00:42:00,,Operador_05
20-ago-27,Operador_04,Completado,10133,TIN_000087,20087,40087,50087,Cliente_011,CLI011,Producto_005,Configuracion_008,30008,Fitosanitario 150 Gy,0.28,3,3,SYS_001290,TAG_001290,7,MODE_B - Config demo,0.14,2,2,0.14,0.025,8.0,1.429,6:32:00 a.m.,7:14:00 a.m.,00:42:00,,Operador_03
20-ago-27,Operador_04,Completado,10133,TIN_000087,20087,40087,50087,Cliente_011,CLI011,Producto_005,Configuracion_008,30008,Fitosanitario 150 Gy,0.28,4,4,SYS_001291,TAG_001291,7,MODE_B - Config demo,0.14,2,2,0.14,0.025,8.0,1.429,6:32:00 a.m.,7:14:00 a.m.,00:42:00,,Operador_05
20-ago-27,Operador_05,Completado,10134,TIN_000087,20087,40087,50087,Cliente_011,CLI011,Producto_005,Configuracion_008,30008,Fitosanitario 150 Gy,0.28,5,1,SYS_001292,TAG_001292,7,MODE_B - Config demo,0.28,2,1,0.28,0.025,8.0,0.714,6:00:00 a.m.,6:51:00 a.m.,00:51:00,,Operador_01
20-ago-27,Operador_05,Completado,10134,TIN_000087,20087,40087,50087,Cliente_011,CLI011,Producto_005,Configuracion_008,30008,Fitosanitario 150 Gy,0.28,6,2,SYS_001293,TAG_001293,7,MODE_B - Config demo,0.28,2,1,0.28,0.025,8.0,0.714,6:00:00 a.m.,6:51:00 a.m.,00:51:00,,Operador_03
20-ago-27,Operador_03,Completado,10134,TIN_000087,20087,40087,50087,Cliente_011,CLI011,Producto_005,Configuracion_008,30008,Fitosanitario 150 Gy,0.28,7,3,SYS_001294,TAG_001294,7,MODE_B - Config demo,0.28,2,1,0.28,0.025,8.0,0.714,6:00:00 a.m.,6:51:00 a.m.,00:51:00,,Operador_04
26-ago-27,Operador_01,Completado,10135,TIN_000088,20088,40088,50088,Cliente_009,CLI009,Producto_012,Configuracion_001,30001,Fitosanitario 400 Gy,0.55,1,1,SYS_001295,TAG_001295,17,MODE_A - Config demo,0.275,2,2,0.275,2.5,2.4,21.818,8:43:00 a.m.,10:13:00 a.m.,01:30:00,,Operador_02
26-ago-27,Operador_04,Completado,10135,TIN_000088,20088,40088,50088,Cliente_009,CLI009,Producto_012,Configuracion_001,30001,Fitosanitario 400 Gy,0.55,2,2,SYS_001296,TAG_001296,17,MODE_A - Config demo,0.275,2,2,0.275,2.5,2.4,21.818,8:43:00 a.m.,10:13:00 a.m.,01:30:00,,Operador_04
26-ago-27,Operador_02,Completado,10135,TIN_000088,20088,40088,50088,Cliente_009,CLI009,Producto_012,Configuracion_001,30001,Fitosanitario 400 Gy,0.55,3,3,SYS_001297,TAG_001297,17,MODE_A - Config demo,0.275,2,2,0.275,2.5,2.4,21.818,8:43:00 a.m.,10:13:00 a.m.,01:30:00,,Operador_01
26-ago-27,Operador_02,Completado,10135,TIN_000088,20088,40088,50088,Cliente_009,CLI009,Producto_012,Configuracion_001,30001,Fitosanitario 400 Gy,0.55,4,4,SYS_001298,TAG_001298,17,MODE_A - Config demo,0.275,2,2,0.275,2.5,2.4,21.818,8:43:00 a.m.,10:13:00 a.m.,01:30:00,,Operador_05
26-ago-27,Operador_05,Completado,10135,TIN_000088,20088,40088,50088,Cliente_009,CLI009,Producto_012,Configuracion_001,30001,Fitosanitario 400 Gy,0.55,5,5,SYS_001299,TAG_001299,17,MODE_A - Config demo,0.275,2,2,0.275,2.5,2.4,21.818,8:43:00 a.m.,10:13:00 a.m.,01:30:00,,Operador_03
26-ago-27,Operador_05,Completado,10135,TIN_000088,20088,40088,50088,Cliente_009,CLI009,Producto_012,Configuracion_001,30001,Fitosanitario 400 Gy,0.55,6,6,SYS_001300,TAG_001300,17,MODE_A - Config demo,0.275,2,2,0.275,2.5,2.4,21.818,8:43:00 a.m.,10:13:00 a.m.,01:30:00,,Operador_03
26-ago-27,Operador_05,Completado,10135,TIN_000088,20088,40088,50088,Cliente_009,CLI009,Producto_012,Configuracion_001,30001,Fitosanitario 400 Gy,0.55,7,7,SYS_001301,TAG_001301,17,MODE_A - Config demo,0.275,2,2,0.275,2.5,2.4,21.818,8:43:00 a.m.,10:13:00 a.m.,01:30:00,,Operador_01
26-ago-27,Operador_03,Completado,10135,TIN_000088,20088,40088,50088,Cliente_009,CLI009,Producto_012,Configuracion_001,30001,Fitosanitario 400 Gy,0.55,8,8,SYS_001302,TAG_001302,17,MODE_A - Config demo,0.275,2,2,0.275,2.5,2.4,21.818,8:43:00 a.m.,10:13:00 a.m.,01:30:00,,Operador_01
26-ago-27,Operador_01,Completado,10135,TIN_000088,20088,40088,50088,Cliente_009,CLI009,Producto_012,Configuracion_001,30001,Fitosanitario 400 Gy,0.55,9,9,SYS_001303,TAG_001303,17,MODE_A - Config demo,0.275,2,2,0.275,2.5,2.4,21.818,8:43:00 a.m.,10:13:00 a.m.,01:30:00,,Operador_01
26-ago-27,Operador_01,Completado,10135,TIN_000088,20088,40088,50088,Cliente_009,CLI009,Producto_012,Configuracion_001,30001,Fitosanitario 400 Gy,0.55,10,10,SYS_001304,TAG_001304,17,MODE_A - Config demo,0.275,2,2,0.275,2.5,2.4,21.818,8:43:00 a.m.,10:13:00 a.m.,01:30:00,,Operador_05
26-ago-27,Operador_04,Completado,10135,TIN_000088,20088,40088,50088,Cliente_009,CLI009,Producto_012,Configuracion_001,30001,Fitosanitario 400 Gy,0.55,11,11,SYS_001305,TAG_001305,17,MODE_A - Config demo,0.275,2,2,0.275,2.5,2.4,21.818,8:43:00 a.m.,10:13:00 a.m.,01:30:00,,Operador_03
26-ago-27,Operador_05,Completado,10135,TIN_000088,20088,40088,50088,Cliente_009,CLI009,Producto_012,Configuracion_001,30001,Fitosanitario 400 Gy,0.55,12,12,SYS_001306,TAG_001306,17,MODE_A - Config demo,0.275,2,2,0.275,2.5,2.4,21.818,8:43:00 a.m.,10:13:00 a.m.,01:30:00,,Operador_03
26-ago-27,Operador_03,Completado,10135,TIN_000088,20088,40088,50088,Cliente_009,CLI009,Producto_012,Configuracion_001,30001,Fitosanitario 400 Gy,0.55,13,1,SYS_001307,TAG_001307,17,MODE_A - Config demo,0.275,2,2,0.275,2.5,2.4,21.818,8:43:00 a.m.,10:13:00 a.m.,01:30:00,,Operador_03
26-ago-27,Operador_03,Completado,10135,TIN_000088,20088,40088,50088,Cliente_009,CLI009,Producto_012,Configuracion_001,30001,Fitosanitario 400 Gy,0.55,14,2,SYS_001308,TAG_001308,17,MODE_A - Config demo,0.275,2,2,0.275,2.5,2.4,21.818,8:43:00 a.m.,10:13:00 a.m.,01:30:00,,Operador_03
26-ago-27,Operador_05,Completado,10135,TIN_000088,20088,40088,50088,Cliente_009,CLI009,Producto_012,Configuracion_001,30001,Fitosanitario 400 Gy,0.55,15,3,SYS_001309,TAG_001309,17,MODE_A - Config demo,0.275,2,2,0.275,2.5,2.4,21.818,8:43:00 a.m.,10:13:00 a.m.,01:30:00,,Operador_05
26-ago-27,Operador_01,Completado,10135,TIN_000088,20088,40088,50088,Cliente_009,CLI009,Producto_012,Configuracion_001,30001,Fitosanitario 400 Gy,0.55,16,4,SYS_001310,TAG_001310,17,MODE_A - Config demo,0.275,2,2,0.275,2.5,2.4,21.818,8:43:00 a.m.,10:13:00 a.m.,01:30:00,,Operador_04
26-ago-27,Operador_01,Completado,10135,TIN_000088,20088,40088,50088,Cliente_009,CLI009,Producto_012,Configuracion_001,30001,Fitosanitario 400 Gy,0.55,17,5,SYS_001311,TAG_001311,17,MODE_A - Config demo,0.275,2,2,0.275,2.5,2.4,21.818,8:43:00 a.m.,10:13:00 a.m.,01:30:00,,Operador_04
17-ago-27,Operador_04,Completado,10136,TIN_000089,20089,40089,50089,Cliente_016,CLI016,Producto_015,Configuracion_002,30002,Fitosanitario 400 Gy,0.7,1,1,SYS_001312,TAG_001312,24,MODE_A - Config demo,0.35,2,2,0.35,2.5,2.4,17.143,12:43:00 p.m.,1:56:00 p.m.,01:13:00,,Operador_05
17-ago-27,Operador_01,Completado,10136,TIN_000089,20089,40089,50089,Cliente_016,CLI016,Producto_015,Configuracion_002,30002,Fitosanitario 400 Gy,0.7,2,2,SYS_001313,TAG_001313,24,MODE_A - Config demo,0.35,2,2,0.35,2.5,2.4,17.143,12:43:00 p.m.,1:56:00 p.m.,01:13:00,,Operador_01
17-ago-27,Operador_02,Completado,10136,TIN_000089,20089,40089,50089,Cliente_016,CLI016,Producto_015,Configuracion_002,30002,Fitosanitario 400 Gy,0.7,3,3,SYS_001314,TAG_001314,24,MODE_A - Config demo,0.35,2,2,0.35,2.5,2.4,17.143,12:43:00 p.m.,1:56:00 p.m.,01:13:00,,Operador_04
17-ago-27,Operador_03,Completado,10136,TIN_000089,20089,40089,50089,Cliente_016,CLI016,Producto_015,Configuracion_002,30002,Fitosanitario 400 Gy,0.7,4,4,SYS_001315,TAG_001315,24,MODE_A - Config demo,0.35,2,2,0.35,2.5,2.4,17.143,12:43:00 p.m.,1:56:00 p.m.,01:13:00,,Operador_05
17-ago-27,Operador_01,Completado,10136,TIN_000089,20089,40089,50089,Cliente_016,CLI016,Producto_015,Configuracion_002,30002,Fitosanitario 400 Gy,0.7,5,5,SYS_001316,TAG_001316,24,MODE_A - Config demo,0.35,2,2,0.35,2.5,2.4,17.143,12:43:00 p.m.,1:56:00 p.m.,01:13:00,,Operador_02
17-ago-27,Operador_01,Completado,10136,TIN_000089,20089,40089,50089,Cliente_016,CLI016,Producto_015,Configuracion_002,30002,Fitosanitario 400 Gy,0.7,6,6,SYS_001317,TAG_001317,24,MODE_A - Config demo,0.35,2,2,0.35,2.5,2.4,17.143,12:43:00 p.m.,1:56:00 p.m.,01:13:00,,Operador_04
17-ago-27,Operador_02,Completado,10136,TIN_000089,20089,40089,50089,Cliente_016,CLI016,Producto_015,Configuracion_002,30002,Fitosanitario 400 Gy,0.7,7,7,SYS_001318,TAG_001318,24,MODE_A - Config demo,0.35,2,2,0.35,2.5,2.4,17.143,12:43:00 p.m.,1:56:00 p.m.,01:13:00,,Operador_02
17-ago-27,Operador_04,Completado,10136,TIN_000089,20089,40089,50089,Cliente_016,CLI016,Producto_015,Configuracion_002,30002,Fitosanitario 400 Gy,0.7,8,8,SYS_001319,TAG_001319,24,MODE_A - Config demo,0.35,2,2,0.35,2.5,2.4,17.143,12:43:00 p.m.,1:56:00 p.m.,01:13:00,,Operador_01
17-ago-27,Operador_05,Completado,10136,TIN_000089,20089,40089,50089,Cliente_016,CLI016,Producto_015,Configuracion_002,30002,Fitosanitario 400 Gy,0.7,9,9,SYS_001320,TAG_001320,24,MODE_A - Config demo,0.35,2,2,0.35,2.5,2.4,17.143,12:43:00 p.m.,1:56:00 p.m.,01:13:00,,Operador_01
17-ago-27,Operador_02,Completado,10136,TIN_000089,20089,40089,50089,Cliente_016,CLI016,Producto_015,Configuracion_002,30002,Fitosanitario 400 Gy,0.7,10,10,SYS_001321,TAG_001321,24,MODE_A - Config demo,0.35,2,2,0.35,2.5,2.4,17.143,12:43:00 p.m.,1:56:00 p.m.,01:13:00,,Operador_03
17-ago-27,Operador_01,Completado,10136,TIN_000089,20089,40089,50089,Cliente_016,CLI016,Producto_015,Configuracion_002,30002,Fitosanitario 400 Gy,0.7,11,11,SYS_001322,TAG_001322,24,MODE_A - Config demo,0.35,2,2,0.35,2.5,2.4,17.143,12:43:00 p.m.,1:56:00 p.m.,01:13:00,,Operador_01
17-ago-27,Operador_05,Completado,10136,TIN_000089,20089,40089,50089,Cliente_016,CLI016,Producto_015,Configuracion_002,30002,Fitosanitario 400 Gy,0.7,12,12,SYS_001323,TAG_001323,24,MODE_A - Config demo,0.35,2,2,0.35,2.5,2.4,17.143,12:43:00 p.m.,1:56:00 p.m.,01:13:00,,Operador_03
17-ago-27,Operador_02,Completado,10137,TIN_000089,20089,40089,50089,Cliente_016,CLI016,Producto_015,Configuracion_002,30002,Fitosanitario 400 Gy,0.7,13,1,SYS_001324,TAG_001324,24,MODE_B - Config demo,0.7,2,1,0.7,0.025,8.0,0.286,10:00:00 a.m.,11:12:00 a.m.,01:12:00,,Operador_03
17-ago-27,Operador_02,Completado,10137,TIN_000089,20089,40089,50089,Cliente_016,CLI016,Producto_015,Configuracion_002,30002,Fitosanitario 400 Gy,0.7,14,2,SYS_001325,TAG_001325,24,MODE_B - Config demo,0.7,2,1,0.7,0.025,8.0,0.286,10:00:00 a.m.,11:12:00 a.m.,01:12:00,,Operador_04
17-ago-27,Operador_04,Completado,10137,TIN_000089,20089,40089,50089,Cliente_016,CLI016,Producto_015,Configuracion_002,30002,Fitosanitario 400 Gy,0.7,15,3,SYS_001326,TAG_001326,24,MODE_B - Config demo,0.7,2,1,0.7,0.025,8.0,0.286,10:00:00 a.m.,11:12:00 a.m.,01:12:00,,Operador_02
17-ago-27,Operador_05,Completado,10137,TIN_000089,20089,40089,50089,Cliente_016,CLI016,Producto_015,Configuracion_002,30002,Fitosanitario 400 Gy,0.7,16,4,SYS_001327,TAG_001327,24,MODE_B - Config demo,0.7,2,1,0.7,0.025,8.0,0.286,10:00:00 a.m.,11:12:00 a.m.,01:12:00,,Operador_02
17-ago-27,Operador_04,Completado,10137,TIN_000089,20089,40089,50089,Cliente_016,CLI016,Producto_015,Configuracion_002,30002,Fitosanitario 400 Gy,0.7,17,5,SYS_001328,TAG_001328,24,MODE_B - Config demo,0.7,2,1,0.7,0.025,8.0,0.286,10:00:00 a.m.,11:12:00 a.m.,01:12:00,,Operador_02
17-ago-27,Operador_04,Completado,10137,TIN_000089,20089,40089,50089,Cliente_016,CLI016,Producto_015,Configuracion_002,30002,Fitosanitario 400 Gy,0.7,18,6,SYS_001329,TAG_001329,24,MODE_B - Config demo,0.7,2,1,0.7,0.025,8.0,0.286,10:00:00 a.m.,11:12:00 a.m.,01:12:00,,Operador_05
17-ago-27,Operador_04,Completado,10137,TIN_000089,20089,40089,50089,Cliente_016,CLI016,Producto_015,Configuracion_002,30002,Fitosanitario 400 Gy,0.7,19,7,SYS_001330,TAG_001330,24,MODE_B - Config demo,0.7,2,1,0.7,0.025,8.0,0.286,10:00:00 a.m.,11:12:00 a.m.,01:12:00,,Operador_02
17-ago-27,Operador_03,Completado,10137,TIN_000089,20089,40089,50089,Cliente_016,CLI016,Producto_015,Configuracion_002,30002,Fitosanitario 400 Gy,0.7,20,8,SYS_001331,TAG_001331,24,MODE_B - Config demo,0.7,2,1,0.7,0.025,8.0,0.286,10:00:00 a.m.,11:12:00 a.m.,01:12:00,,Operador_02
17-ago-27,Operador_03,Completado,10137,TIN_000089,20089,40089,50089,Cliente_016,CLI016,Producto_015,Configuracion_002,30002,Fitosanitario 400 Gy,0.7,21,9,SYS_001332,TAG_001332,24,MODE_B - Config demo,0.7,2,1,0.7,0.025,8.0,0.286,10:00:00 a.m.,11:12:00 a.m.,01:12:00,,Operador_04
17-ago-27,Operador_01,Completado,10137,TIN_000089,20089,40089,50089,Cliente_016,CLI016,Producto_015,Configuracion_002,30002,Fitosanitario 400 Gy,0.7,22,10,SYS_001333,TAG_001333,24,MODE_B - Config demo,0.7,2,1,0.7,0.025,8.0,0.286,10:00:00 a.m.,11:12:00 a.m.,01:12:00,,Operador_02
17-ago-27,Operador_05,Completado,10137,TIN_000089,20089,40089,50089,Cliente_016,CLI016,Producto_015,Configuracion_002,30002,Fitosanitario 400 Gy,0.7,23,11,SYS_001334,TAG_001334,24,MODE_B - Config demo,0.7,2,1,0.7,0.025,8.0,0.286,10:00:00 a.m.,11:12:00 a.m.,01:12:00,,Operador_05
17-ago-27,Operador_05,Completado,10137,TIN_000089,20089,40089,50089,Cliente_016,CLI016,Producto_015,Configuracion_002,30002,Fitosanitario 400 Gy,0.7,24,12,SYS_001335,TAG_001335,24,MODE_B - Config demo,0.7,2,1,0.7,0.025,8.0,0.286,10:00:00 a.m.,11:12:00 a.m.,01:12:00,,Operador_04
09-ago-27,Operador_02,Completado,10138,TIN_000090,20090,40090,50090,Cliente_012,CLI012,Producto_002,Configuracion_003,30003,Desbacterizacion (Chiles secos),3.0,1,1,SYS_001336,TAG_001336,10,MODE_B - Config demo,3.0,2,1,3.0,0.025,8.0,0.067,10:12:00 a.m.,11:07:00 a.m.,00:55:00,,Operador_02
09-ago-27,Operador_03,Completado,10138,TIN_000090,20090,40090,50090,Cliente_012,CLI012,Producto_002,Configuracion_003,30003,Desbacterizacion (Chiles secos),3.0,2,2,SYS_001337,TAG_001337,10,MODE_B - Config demo,3.0,2,1,3.0,0.025,8.0,0.067,10:12:00 a.m.,11:07:00 a.m.,00:55:00,,Operador_02
09-ago-27,Operador_05,Completado,10138,TIN_000090,20090,40090,50090,Cliente_012,CLI012,Producto_002,Configuracion_003,30003,Desbacterizacion (Chiles secos),3.0,3,3,SYS_001338,TAG_001338,10,MODE_B - Config demo,3.0,2,1,3.0,0.025,8.0,0.067,10:12:00 a.m.,11:07:00 a.m.,00:55:00,,Operador_05
09-ago-27,Operador_05,Completado,10138,TIN_000090,20090,40090,50090,Cliente_012,CLI012,Producto_002,Configuracion_003,30003,Desbacterizacion (Chiles secos),3.0,4,4,SYS_001339,TAG_001339,10,MODE_B - Config demo,3.0,2,1,3.0,0.025,8.0,0.067,10:12:00 a.m.,11:07:00 a.m.,00:55:00,,Operador_04
09-ago-27,Operador_01,Completado,10138,TIN_000090,20090,40090,50090,Cliente_012,CLI012,Producto_002,Configuracion_003,30003,Desbacterizacion (Chiles secos),3.0,5,5,SYS_001340,TAG_001340,10,MODE_B - Config demo,3.0,2,1,3.0,0.025,8.0,0.067,10:12:00 a.m.,11:07:00 a.m.,00:55:00,,Operador_05
09-ago-27,Operador_03,Completado,10139,TIN_000090,20090,40090,50090,Cliente_012,CLI012,Producto_002,Configuracion_003,30003,Desbacterizacion (Chiles secos),3.0,6,1,SYS_001341,TAG_001341,10,MODE_B - Config demo,3.0,2,1,3.0,0.025,8.0,0.067,11:28:00 a.m.,12:24:00 p.m.,00:56:00,,Operador_04
09-ago-27,Operador_02,Completado,10139,TIN_000090,20090,40090,50090,Cliente_012,CLI012,Producto_002,Configuracion_003,30003,Desbacterizacion (Chiles secos),3.0,7,2,SYS_001342,TAG_001342,10,MODE_B - Config demo,3.0,2,1,3.0,0.025,8.0,0.067,11:28:00 a.m.,12:24:00 p.m.,00:56:00,,Operador_04
09-ago-27,Operador_03,Completado,10139,TIN_000090,20090,40090,50090,Cliente_012,CLI012,Producto_002,Configuracion_003,30003,Desbacterizacion (Chiles secos),3.0,8,3,SYS_001343,TAG_001343,10,MODE_B - Config demo,3.0,2,1,3.0,0.025,8.0,0.067,11:28:00 a.m.,12:24:00 p.m.,00:56:00,,Operador_04
09-ago-27,Operador_04,Completado,10139,TIN_000090,20090,40090,50090,Cliente_012,CLI012,Producto_002,Configuracion_003,30003,Desbacterizacion (Chiles secos),3.0,9,4,SYS_001344,TAG_001344,10,MODE_B - Config demo,3.0,2,1,3.0,0.025,8.0,0.067,11:28:00 a.m.,12:24:00 p.m.,00:56:00,,Operador_03
09-ago-27,Operador_03,Completado,10139,TIN_000090,20090,40090,50090,Cliente_012,CLI012,Producto_002,Configuracion_003,30003,Desbacterizacion (Chiles secos),3.0,10,5,SYS_001345,TAG_001345,10,MODE_B - Config demo,3.0,2,1,3.0,0.025,8.0,0.067,11:28:00 a.m.,12:24:00 p.m.,00:56:00,,Operador_04
17-ago-27,Operador_04,Completado,10140,TIN_000091,20091,40091,50091,Cliente_003,CLI003,Producto_010,Configuracion_004,30004,Fitosanitario 150 Gy,0.22,1,1,SYS_001346,TAG_001346,24,MODE_A - Config demo,0.11,2,2,0.11,2.5,2.4,54.545,9:46:00 a.m.,10:58:00 a.m.,01:12:00,,Operador_04
17-ago-27,Operador_05,Completado,10140,TIN_000091,20091,40091,50091,Cliente_003,CLI003,Producto_010,Configuracion_004,30004,Fitosanitario 150 Gy,0.22,2,2,SYS_001347,TAG_001347,24,MODE_A - Config demo,0.11,2,2,0.11,2.5,2.4,54.545,9:46:00 a.m.,10:58:00 a.m.,01:12:00,,Operador_05
17-ago-27,Operador_02,Completado,10140,TIN_000091,20091,40091,50091,Cliente_003,CLI003,Producto_010,Configuracion_004,30004,Fitosanitario 150 Gy,0.22,3,3,SYS_001348,TAG_001348,24,MODE_A - Config demo,0.11,2,2,0.11,2.5,2.4,54.545,9:46:00 a.m.,10:58:00 a.m.,01:12:00,,Operador_03
17-ago-27,Operador_05,Completado,10140,TIN_000091,20091,40091,50091,Cliente_003,CLI003,Producto_010,Configuracion_004,30004,Fitosanitario 150 Gy,0.22,4,4,SYS_001349,TAG_001349,24,MODE_A - Config demo,0.11,2,2,0.11,2.5,2.4,54.545,9:46:00 a.m.,10:58:00 a.m.,01:12:00,,Operador_05
17-ago-27,Operador_03,Completado,10140,TIN_000091,20091,40091,50091,Cliente_003,CLI003,Producto_010,Configuracion_004,30004,Fitosanitario 150 Gy,0.22,5,5,SYS_001350,TAG_001350,24,MODE_A - Config demo,0.11,2,2,0.11,2.5,2.4,54.545,9:46:00 a.m.,10:58:00 a.m.,01:12:00,,Operador_01
17-ago-27,Operador_02,Completado,10140,TIN_000091,20091,40091,50091,Cliente_003,CLI003,Producto_010,Configuracion_004,30004,Fitosanitario 150 Gy,0.22,6,6,SYS_001351,TAG_001351,24,MODE_A - Config demo,0.11,2,2,0.11,2.5,2.4,54.545,9:46:00 a.m.,10:58:00 a.m.,01:12:00,,Operador_05
17-ago-27,Operador_04,Completado,10140,TIN_000091,20091,40091,50091,Cliente_003,CLI003,Producto_010,Configuracion_004,30004,Fitosanitario 150 Gy,0.22,7,7,SYS_001352,TAG_001352,24,MODE_A - Config demo,0.11,2,2,0.11,2.5,2.4,54.545,9:46:00 a.m.,10:58:00 a.m.,01:12:00,,Operador_04
17-ago-27,Operador_04,Completado,10140,TIN_000091,20091,40091,50091,Cliente_003,CLI003,Producto_010,Configuracion_004,30004,Fitosanitario 150 Gy,0.22,8,8,SYS_001353,TAG_001353,24,MODE_A - Config demo,0.11,2,2,0.11,2.5,2.4,54.545,9:46:00 a.m.,10:58:00 a.m.,01:12:00,,Operador_01
17-ago-27,Operador_03,Completado,10140,TIN_000091,20091,40091,50091,Cliente_003,CLI003,Producto_010,Configuracion_004,30004,Fitosanitario 150 Gy,0.22,9,9,SYS_001354,TAG_001354,24,MODE_A - Config demo,0.11,2,2,0.11,2.5,2.4,54.545,9:46:00 a.m.,10:58:00 a.m.,01:12:00,,Operador_04
17-ago-27,Operador_01,Completado,10140,TIN_000091,20091,40091,50091,Cliente_003,CLI003,Producto_010,Configuracion_004,30004,Fitosanitario 150 Gy,0.22,10,10,SYS_001355,TAG_001355,24,MODE_A - Config demo,0.11,2,2,0.11,2.5,2.4,54.545,9:46:00 a.m.,10:58:00 a.m.,01:12:00,,Operador_03
17-ago-27,Operador_02,Completado,10140,TIN_000091,20091,40091,50091,Cliente_003,CLI003,Producto_010,Configuracion_004,30004,Fitosanitario 150 Gy,0.22,11,11,SYS_001356,TAG_001356,24,MODE_A - Config demo,0.11,2,2,0.11,2.5,2.4,54.545,9:46:00 a.m.,10:58:00 a.m.,01:12:00,,Operador_05
17-ago-27,Operador_02,Completado,10140,TIN_000091,20091,40091,50091,Cliente_003,CLI003,Producto_010,Configuracion_004,30004,Fitosanitario 150 Gy,0.22,12,12,SYS_001357,TAG_001357,24,MODE_A - Config demo,0.11,2,2,0.11,2.5,2.4,54.545,9:46:00 a.m.,10:58:00 a.m.,01:12:00,,Operador_02
17-ago-27,Operador_02,Completado,10141,TIN_000091,20091,40091,50091,Cliente_003,CLI003,Producto_010,Configuracion_004,30004,Fitosanitario 150 Gy,0.22,13,1,SYS_001358,TAG_001358,24,MODE_A - Config demo,0.22,2,1,0.22,2.5,2.4,27.273,7:31:00 p.m.,8:35:00 p.m.,01:04:00,,Operador_01
17-ago-27,Operador_04,Completado,10141,TIN_000091,20091,40091,50091,Cliente_003,CLI003,Producto_010,Configuracion_004,30004,Fitosanitario 150 Gy,0.22,14,2,SYS_001359,TAG_001359,24,MODE_A - Config demo,0.22,2,1,0.22,2.5,2.4,27.273,7:31:00 p.m.,8:35:00 p.m.,01:04:00,,Operador_03
17-ago-27,Operador_03,Completado,10141,TIN_000091,20091,40091,50091,Cliente_003,CLI003,Producto_010,Configuracion_004,30004,Fitosanitario 150 Gy,0.22,15,3,SYS_001360,TAG_001360,24,MODE_A - Config demo,0.22,2,1,0.22,2.5,2.4,27.273,7:31:00 p.m.,8:35:00 p.m.,01:04:00,,Operador_05
17-ago-27,Operador_05,Completado,10141,TIN_000091,20091,40091,50091,Cliente_003,CLI003,Producto_010,Configuracion_004,30004,Fitosanitario 150 Gy,0.22,16,4,SYS_001361,TAG_001361,24,MODE_A - Config demo,0.22,2,1,0.22,2.5,2.4,27.273,7:31:00 p.m.,8:35:00 p.m.,01:04:00,,Operador_02
17-ago-27,Operador_05,Completado,10141,TIN_000091,20091,40091,50091,Cliente_003,CLI003,Producto_010,Configuracion_004,30004,Fitosanitario 150 Gy,0.22,17,5,SYS_001362,TAG_001362,24,MODE_A - Config demo,0.22,2,1,0.22,2.5,2.4,27.273,7:31:00 p.m.,8:35:00 p.m.,01:04:00,,Operador_05
17-ago-27,Operador_05,Completado,10141,TIN_000091,20091,40091,50091,Cliente_003,CLI003,Producto_010,Configuracion_004,30004,Fitosanitario 150 Gy,0.22,18,6,SYS_001363,TAG_001363,24,MODE_A - Config demo,0.22,2,1,0.22,2.5,2.4,27.273,7:31:00 p.m.,8:35:00 p.m.,01:04:00,,Operador_01
17-ago-27,Operador_01,Completado,10141,TIN_000091,20091,40091,50091,Cliente_003,CLI003,Producto_010,Configuracion_004,30004,Fitosanitario 150 Gy,0.22,19,7,SYS_001364,TAG_001364,24,MODE_A - Config demo,0.22,2,1,0.22,2.5,2.4,27.273,7:31:00 p.m.,8:35:00 p.m.,01:04:00,,Operador_01
17-ago-27,Operador_05,Completado,10141,TIN_000091,20091,40091,50091,Cliente_003,CLI003,Producto_010,Configuracion_004,30004,Fitosanitario 150 Gy,0.22,20,8,SYS_001365,TAG_001365,24,MODE_A - Config demo,0.22,2,1,0.22,2.5,2.4,27.273,7:31:00 p.m.,8:35:00 p.m.,01:04:00,,Operador_05
17-ago-27,Operador_02,Completado,10141,TIN_000091,20091,40091,50091,Cliente_003,CLI003,Producto_010,Configuracion_004,30004,Fitosanitario 150 Gy,0.22,21,9,SYS_001366,TAG_001366,24,MODE_A - Config demo,0.22,2,1,0.22,2.5,2.4,27.273,7:31:00 p.m.,8:35:00 p.m.,01:04:00,,Operador_03
17-ago-27,Operador_03,Completado,10141,TIN_000091,20091,40091,50091,Cliente_003,CLI003,Producto_010,Configuracion_004,30004,Fitosanitario 150 Gy,0.22,22,10,SYS_001367,TAG_001367,24,MODE_A - Config demo,0.22,2,1,0.22,2.5,2.4,27.273,7:31:00 p.m.,8:35:00 p.m.,01:04:00,,Operador_02
17-ago-27,Operador_05,Completado,10141,TIN_000091,20091,40091,50091,Cliente_003,CLI003,Producto_010,Configuracion_004,30004,Fitosanitario 150 Gy,0.22,23,11,SYS_001368,TAG_001368,24,MODE_A - Config demo,0.22,2,1,0.22,2.5,2.4,27.273,7:31:00 p.m.,8:35:00 p.m.,01:04:00,,Operador_05
17-ago-27,Operador_02,Completado,10141,TIN_000091,20091,40091,50091,Cliente_003,CLI003,Producto_010,Configuracion_004,30004,Fitosanitario 150 Gy,0.22,24,12,SYS_001369,TAG_001369,24,MODE_A - Config demo,0.22,2,1,0.22,2.5,2.4,27.273,7:31:00 p.m.,8:35:00 p.m.,01:04:00,,Operador_03
18-ago-27,Operador_05,Completado,10142,TIN_000092,20092,40092,50092,Cliente_011,CLI011,Producto_003,Configuracion_005,30005,Desbacterizacion (Vegetales),1.0,1,1,SYS_001370,TAG_001370,22,MODE_B - Config demo,1.0,2,1,1.0,0.025,8.0,0.2,4:05:00 p.m.,5:45:00 p.m.,01:40:00,,Operador_05
18-ago-27,Operador_04,Completado,10142,TIN_000092,20092,40092,50092,Cliente_011,CLI011,Producto_003,Configuracion_005,30005,Desbacterizacion (Vegetales),1.0,2,2,SYS_001371,TAG_001371,22,MODE_B - Config demo,1.0,2,1,1.0,0.025,8.0,0.2,4:05:00 p.m.,5:45:00 p.m.,01:40:00,,Operador_04
18-ago-27,Operador_02,Completado,10142,TIN_000092,20092,40092,50092,Cliente_011,CLI011,Producto_003,Configuracion_005,30005,Desbacterizacion (Vegetales),1.0,3,3,SYS_001372,TAG_001372,22,MODE_B - Config demo,1.0,2,1,1.0,0.025,8.0,0.2,4:05:00 p.m.,5:45:00 p.m.,01:40:00,,Operador_04
18-ago-27,Operador_03,Completado,10142,TIN_000092,20092,40092,50092,Cliente_011,CLI011,Producto_003,Configuracion_005,30005,Desbacterizacion (Vegetales),1.0,4,4,SYS_001373,TAG_001373,22,MODE_B - Config demo,1.0,2,1,1.0,0.025,8.0,0.2,4:05:00 p.m.,5:45:00 p.m.,01:40:00,,Operador_02
18-ago-27,Operador_04,Completado,10142,TIN_000092,20092,40092,50092,Cliente_011,CLI011,Producto_003,Configuracion_005,30005,Desbacterizacion (Vegetales),1.0,5,5,SYS_001374,TAG_001374,22,MODE_B - Config demo,1.0,2,1,1.0,0.025,8.0,0.2,4:05:00 p.m.,5:45:00 p.m.,01:40:00,,Operador_05
18-ago-27,Operador_02,Completado,10142,TIN_000092,20092,40092,50092,Cliente_011,CLI011,Producto_003,Configuracion_005,30005,Desbacterizacion (Vegetales),1.0,6,6,SYS_001375,TAG_001375,22,MODE_B - Config demo,1.0,2,1,1.0,0.025,8.0,0.2,4:05:00 p.m.,5:45:00 p.m.,01:40:00,,Operador_02
18-ago-27,Operador_03,Completado,10142,TIN_000092,20092,40092,50092,Cliente_011,CLI011,Producto_003,Configuracion_005,30005,Desbacterizacion (Vegetales),1.0,7,7,SYS_001376,TAG_001376,22,MODE_B - Config demo,1.0,2,1,1.0,0.025,8.0,0.2,4:05:00 p.m.,5:45:00 p.m.,01:40:00,,Operador_05
18-ago-27,Operador_04,Completado,10142,TIN_000092,20092,40092,50092,Cliente_011,CLI011,Producto_003,Configuracion_005,30005,Desbacterizacion (Vegetales),1.0,8,8,SYS_001377,TAG_001377,22,MODE_B - Config demo,1.0,2,1,1.0,0.025,8.0,0.2,4:05:00 p.m.,5:45:00 p.m.,01:40:00,,Operador_02
18-ago-27,Operador_04,Completado,10142,TIN_000092,20092,40092,50092,Cliente_011,CLI011,Producto_003,Configuracion_005,30005,Desbacterizacion (Vegetales),1.0,9,9,SYS_001378,TAG_001378,22,MODE_B - Config demo,1.0,2,1,1.0,0.025,8.0,0.2,4:05:00 p.m.,5:45:00 p.m.,01:40:00,,Operador_05
18-ago-27,Operador_02,Completado,10142,TIN_000092,20092,40092,50092,Cliente_011,CLI011,Producto_003,Configuracion_005,30005,Desbacterizacion (Vegetales),1.0,10,10,SYS_001379,TAG_001379,22,MODE_B - Config demo,1.0,2,1,1.0,0.025,8.0,0.2,4:05:00 p.m.,5:45:00 p.m.,01:40:00,,Operador_05
18-ago-27,Operador_05,Completado,10142,TIN_000092,20092,40092,50092,Cliente_011,CLI011,Producto_003,Configuracion_005,30005,Desbacterizacion (Vegetales),1.0,11,11,SYS_001380,TAG_001380,22,MODE_B - Config demo,1.0,2,1,1.0,0.025,8.0,0.2,4:05:00 p.m.,5:45:00 p.m.,01:40:00,,Operador_02
18-ago-27,Operador_04,Completado,10142,TIN_000092,20092,40092,50092,Cliente_011,CLI011,Producto_003,Configuracion_005,30005,Desbacterizacion (Vegetales),1.0,12,12,SYS_001381,TAG_001381,22,MODE_B - Config demo,1.0,2,1,1.0,0.025,8.0,0.2,4:05:00 p.m.,5:45:00 p.m.,01:40:00,,Operador_02
18-ago-27,Operador_04,Completado,10142,TIN_000092,20092,40092,50092,Cliente_011,CLI011,Producto_003,Configuracion_005,30005,Desbacterizacion (Vegetales),1.0,13,1,SYS_001382,TAG_001382,22,MODE_B - Config demo,1.0,2,1,1.0,0.025,8.0,0.2,4:05:00 p.m.,5:45:00 p.m.,01:40:00,,Operador_01
18-ago-27,Operador_04,Completado,10142,TIN_000092,20092,40092,50092,Cliente_011,CLI011,Producto_003,Configuracion_005,30005,Desbacterizacion (Vegetales),1.0,14,2,SYS_001383,TAG_001383,22,MODE_B - Config demo,1.0,2,1,1.0,0.025,8.0,0.2,4:05:00 p.m.,5:45:00 p.m.,01:40:00,,Operador_02
18-ago-27,Operador_03,Completado,10142,TIN_000092,20092,40092,50092,Cliente_011,CLI011,Producto_003,Configuracion_005,30005,Desbacterizacion (Vegetales),1.0,15,3,SYS_001384,TAG_001384,22,MODE_B - Config demo,1.0,2,1,1.0,0.025,8.0,0.2,4:05:00 p.m.,5:45:00 p.m.,01:40:00,,Operador_03
18-ago-27,Operador_05,Completado,10142,TIN_000092,20092,40092,50092,Cliente_011,CLI011,Producto_003,Configuracion_005,30005,Desbacterizacion (Vegetales),1.0,16,4,SYS_001385,TAG_001385,22,MODE_B - Config demo,1.0,2,1,1.0,0.025,8.0,0.2,4:05:00 p.m.,5:45:00 p.m.,01:40:00,,Operador_01
18-ago-27,Operador_03,Completado,10142,TIN_000092,20092,40092,50092,Cliente_011,CLI011,Producto_003,Configuracion_005,30005,Desbacterizacion (Vegetales),1.0,17,5,SYS_001386,TAG_001386,22,MODE_B - Config demo,1.0,2,1,1.0,0.025,8.0,0.2,4:05:00 p.m.,5:45:00 p.m.,01:40:00,,Operador_01
18-ago-27,Operador_04,Completado,10142,TIN_000092,20092,40092,50092,Cliente_011,CLI011,Producto_003,Configuracion_005,30005,Desbacterizacion (Vegetales),1.0,18,6,SYS_001387,TAG_001387,22,MODE_B - Config demo,1.0,2,1,1.0,0.025,8.0,0.2,4:05:00 p.m.,5:45:00 p.m.,01:40:00,,Operador_03
18-ago-27,Operador_01,Completado,10142,TIN_000092,20092,40092,50092,Cliente_011,CLI011,Producto_003,Configuracion_005,30005,Desbacterizacion (Vegetales),1.0,19,7,SYS_001388,TAG_001388,22,MODE_B - Config demo,1.0,2,1,1.0,0.025,8.0,0.2,4:05:00 p.m.,5:45:00 p.m.,01:40:00,,Operador_01
18-ago-27,Operador_01,Completado,10142,TIN_000092,20092,40092,50092,Cliente_011,CLI011,Producto_003,Configuracion_005,30005,Desbacterizacion (Vegetales),1.0,20,8,SYS_001389,TAG_001389,22,MODE_B - Config demo,1.0,2,1,1.0,0.025,8.0,0.2,4:05:00 p.m.,5:45:00 p.m.,01:40:00,,Operador_04
18-ago-27,Operador_05,Completado,10142,TIN_000092,20092,40092,50092,Cliente_011,CLI011,Producto_003,Configuracion_005,30005,Desbacterizacion (Vegetales),1.0,21,9,SYS_001390,TAG_001390,22,MODE_B - Config demo,1.0,2,1,1.0,0.025,8.0,0.2,4:05:00 p.m.,5:45:00 p.m.,01:40:00,,Operador_02
18-ago-27,Operador_02,Completado,10142,TIN_000092,20092,40092,50092,Cliente_011,CLI011,Producto_003,Configuracion_005,30005,Desbacterizacion (Vegetales),1.0,22,10,SYS_001391,TAG_001391,22,MODE_B - Config demo,1.0,2,1,1.0,0.025,8.0,0.2,4:05:00 p.m.,5:45:00 p.m.,01:40:00,,Operador_01
07-ago-27,Operador_03,Completado,10143,TIN_000093,20093,40093,50093,Cliente_003,CLI003,Producto_003,Configuracion_006,30006,Fitosanitario 150 Gy,0.35,1,1,SYS_001392,TAG_001392,11,MODE_B - Config demo,0.35,2,1,0.35,0.025,8.0,0.571,10:25:00 a.m.,11:11:00 a.m.,00:46:00,,Operador_03
07-ago-27,Operador_05,Completado,10143,TIN_000093,20093,40093,50093,Cliente_003,CLI003,Producto_003,Configuracion_006,30006,Fitosanitario 150 Gy,0.35,2,2,SYS_001393,TAG_001393,11,MODE_B - Config demo,0.35,2,1,0.35,0.025,8.0,0.571,10:25:00 a.m.,11:11:00 a.m.,00:46:00,,Operador_04
07-ago-27,Operador_04,Completado,10143,TIN_000093,20093,40093,50093,Cliente_003,CLI003,Producto_003,Configuracion_006,30006,Fitosanitario 150 Gy,0.35,3,3,SYS_001394,TAG_001394,11,MODE_B - Config demo,0.35,2,1,0.35,0.025,8.0,0.571,10:25:00 a.m.,11:11:00 a.m.,00:46:00,,Operador_05
07-ago-27,Operador_01,Completado,10143,TIN_000093,20093,40093,50093,Cliente_003,CLI003,Producto_003,Configuracion_006,30006,Fitosanitario 150 Gy,0.35,4,4,SYS_001395,TAG_001395,11,MODE_B - Config demo,0.35,2,1,0.35,0.025,8.0,0.571,10:25:00 a.m.,11:11:00 a.m.,00:46:00,,Operador_05
07-ago-27,Operador_03,Completado,10143,TIN_000093,20093,40093,50093,Cliente_003,CLI003,Producto_003,Configuracion_006,30006,Fitosanitario 150 Gy,0.35,5,5,SYS_001396,TAG_001396,11,MODE_B - Config demo,0.35,2,1,0.35,0.025,8.0,0.571,10:25:00 a.m.,11:11:00 a.m.,00:46:00,,Operador_04
07-ago-27,Operador_04,Completado,10143,TIN_000093,20093,40093,50093,Cliente_003,CLI003,Producto_003,Configuracion_006,30006,Fitosanitario 150 Gy,0.35,6,6,SYS_001397,TAG_001397,11,MODE_B - Config demo,0.35,2,1,0.35,0.025,8.0,0.571,10:25:00 a.m.,11:11:00 a.m.,00:46:00,,Operador_02
07-ago-27,Operador_01,Completado,10144,TIN_000093,20093,40093,50093,Cliente_003,CLI003,Producto_003,Configuracion_006,30006,Fitosanitario 150 Gy,0.35,7,1,SYS_001398,TAG_001398,11,MODE_B - Config demo,0.35,2,1,0.35,0.025,8.0,0.571,8:52:00 a.m.,9:47:00 a.m.,00:55:00,,Operador_02
07-ago-27,Operador_02,Completado,10144,TIN_000093,20093,40093,50093,Cliente_003,CLI003,Producto_003,Configuracion_006,30006,Fitosanitario 150 Gy,0.35,8,2,SYS_001399,TAG_001399,11,MODE_B - Config demo,0.35,2,1,0.35,0.025,8.0,0.571,8:52:00 a.m.,9:47:00 a.m.,00:55:00,,Operador_04
07-ago-27,Operador_03,Completado,10144,TIN_000093,20093,40093,50093,Cliente_003,CLI003,Producto_003,Configuracion_006,30006,Fitosanitario 150 Gy,0.35,9,3,SYS_001400,TAG_001400,11,MODE_B - Config demo,0.35,2,1,0.35,0.025,8.0,0.571,8:52:00 a.m.,9:47:00 a.m.,00:55:00,,Operador_05
07-ago-27,Operador_03,Completado,10144,TIN_000093,20093,40093,50093,Cliente_003,CLI003,Producto_003,Configuracion_006,30006,Fitosanitario 150 Gy,0.35,10,4,SYS_001401,TAG_001401,11,MODE_B - Config demo,0.35,2,1,0.35,0.025,8.0,0.571,8:52:00 a.m.,9:47:00 a.m.,00:55:00,,Operador_05
07-ago-27,Operador_01,Completado,10144,TIN_000093,20093,40093,50093,Cliente_003,CLI003,Producto_003,Configuracion_006,30006,Fitosanitario 150 Gy,0.35,11,5,SYS_001402,TAG_001402,11,MODE_B - Config demo,0.35,2,1,0.35,0.025,8.0,0.571,8:52:00 a.m.,9:47:00 a.m.,00:55:00,,Operador_05
15-ago-27,Operador_02,Completado,10145,TIN_000094,20094,40094,50094,Cliente_004,CLI004,Producto_007,Configuracion_007,30007,Fitosanitario 150 Gy,0.3,1,1,SYS_001403,TAG_001403,14,MODE_B - Config demo,0.15,2,2,0.15,0.025,8.0,1.333,8:04:00 a.m.,9:17:00 a.m.,01:13:00,,Operador_03
15-ago-27,Operador_01,Completado,10145,TIN_000094,20094,40094,50094,Cliente_004,CLI004,Producto_007,Configuracion_007,30007,Fitosanitario 150 Gy,0.3,2,2,SYS_001404,TAG_001404,14,MODE_B - Config demo,0.15,2,2,0.15,0.025,8.0,1.333,8:04:00 a.m.,9:17:00 a.m.,01:13:00,,Operador_03
15-ago-27,Operador_02,Completado,10145,TIN_000094,20094,40094,50094,Cliente_004,CLI004,Producto_007,Configuracion_007,30007,Fitosanitario 150 Gy,0.3,3,3,SYS_001405,TAG_001405,14,MODE_B - Config demo,0.15,2,2,0.15,0.025,8.0,1.333,8:04:00 a.m.,9:17:00 a.m.,01:13:00,,Operador_05
15-ago-27,Operador_05,Completado,10145,TIN_000094,20094,40094,50094,Cliente_004,CLI004,Producto_007,Configuracion_007,30007,Fitosanitario 150 Gy,0.3,4,4,SYS_001406,TAG_001406,14,MODE_B - Config demo,0.15,2,2,0.15,0.025,8.0,1.333,8:04:00 a.m.,9:17:00 a.m.,01:13:00,,Operador_03
15-ago-27,Operador_02,Completado,10145,TIN_000094,20094,40094,50094,Cliente_004,CLI004,Producto_007,Configuracion_007,30007,Fitosanitario 150 Gy,0.3,5,5,SYS_001407,TAG_001407,14,MODE_B - Config demo,0.15,2,2,0.15,0.025,8.0,1.333,8:04:00 a.m.,9:17:00 a.m.,01:13:00,,Operador_01
15-ago-27,Operador_05,Completado,10145,TIN_000094,20094,40094,50094,Cliente_004,CLI004,Producto_007,Configuracion_007,30007,Fitosanitario 150 Gy,0.3,6,6,SYS_001408,TAG_001408,14,MODE_B - Config demo,0.15,2,2,0.15,0.025,8.0,1.333,8:04:00 a.m.,9:17:00 a.m.,01:13:00,,Operador_01
15-ago-27,Operador_02,Completado,10145,TIN_000094,20094,40094,50094,Cliente_004,CLI004,Producto_007,Configuracion_007,30007,Fitosanitario 150 Gy,0.3,7,7,SYS_001409,TAG_001409,14,MODE_B - Config demo,0.15,2,2,0.15,0.025,8.0,1.333,8:04:00 a.m.,9:17:00 a.m.,01:13:00,,Operador_03
15-ago-27,Operador_02,Completado,10145,TIN_000094,20094,40094,50094,Cliente_004,CLI004,Producto_007,Configuracion_007,30007,Fitosanitario 150 Gy,0.3,8,8,SYS_001410,TAG_001410,14,MODE_B - Config demo,0.15,2,2,0.15,0.025,8.0,1.333,8:04:00 a.m.,9:17:00 a.m.,01:13:00,,Operador_04
15-ago-27,Operador_01,Completado,10145,TIN_000094,20094,40094,50094,Cliente_004,CLI004,Producto_007,Configuracion_007,30007,Fitosanitario 150 Gy,0.3,9,9,SYS_001411,TAG_001411,14,MODE_B - Config demo,0.15,2,2,0.15,0.025,8.0,1.333,8:04:00 a.m.,9:17:00 a.m.,01:13:00,,Operador_05
15-ago-27,Operador_01,Completado,10145,TIN_000094,20094,40094,50094,Cliente_004,CLI004,Producto_007,Configuracion_007,30007,Fitosanitario 150 Gy,0.3,10,10,SYS_001412,TAG_001412,14,MODE_B - Config demo,0.15,2,2,0.15,0.025,8.0,1.333,8:04:00 a.m.,9:17:00 a.m.,01:13:00,,Operador_02
15-ago-27,Operador_03,Completado,10145,TIN_000094,20094,40094,50094,Cliente_004,CLI004,Producto_007,Configuracion_007,30007,Fitosanitario 150 Gy,0.3,11,11,SYS_001413,TAG_001413,14,MODE_B - Config demo,0.15,2,2,0.15,0.025,8.0,1.333,8:04:00 a.m.,9:17:00 a.m.,01:13:00,,Operador_05
15-ago-27,Operador_04,Completado,10145,TIN_000094,20094,40094,50094,Cliente_004,CLI004,Producto_007,Configuracion_007,30007,Fitosanitario 150 Gy,0.3,12,12,SYS_001414,TAG_001414,14,MODE_B - Config demo,0.15,2,2,0.15,0.025,8.0,1.333,8:04:00 a.m.,9:17:00 a.m.,01:13:00,,Operador_05
15-ago-27,Operador_03,Completado,10145,TIN_000094,20094,40094,50094,Cliente_004,CLI004,Producto_007,Configuracion_007,30007,Fitosanitario 150 Gy,0.3,13,1,SYS_001415,TAG_001415,14,MODE_B - Config demo,0.15,2,2,0.15,0.025,8.0,1.333,8:04:00 a.m.,9:17:00 a.m.,01:13:00,,Operador_05
15-ago-27,Operador_03,Completado,10145,TIN_000094,20094,40094,50094,Cliente_004,CLI004,Producto_007,Configuracion_007,30007,Fitosanitario 150 Gy,0.3,14,2,SYS_001416,TAG_001416,14,MODE_B - Config demo,0.15,2,2,0.15,0.025,8.0,1.333,8:04:00 a.m.,9:17:00 a.m.,01:13:00,,Operador_01
28-ago-27,Operador_04,Completado,10146,TIN_000095,20095,40095,50095,Cliente_014,CLI014,Producto_001,Configuracion_008,30008,Desbacterizacion (Chiles secos),1.5,1,1,SYS_001417,TAG_001417,9,MODE_A - Config demo,0.75,2,2,0.75,2.5,2.4,8.0,7:09:00 p.m.,8:05:00 p.m.,00:56:00,,Operador_03
28-ago-27,Operador_02,Completado,10146,TIN_000095,20095,40095,50095,Cliente_014,CLI014,Producto_001,Configuracion_008,30008,Desbacterizacion (Chiles secos),1.5,2,2,SYS_001418,TAG_001418,9,MODE_A - Config demo,0.75,2,2,0.75,2.5,2.4,8.0,7:09:00 p.m.,8:05:00 p.m.,00:56:00,,Operador_03
28-ago-27,Operador_03,Completado,10146,TIN_000095,20095,40095,50095,Cliente_014,CLI014,Producto_001,Configuracion_008,30008,Desbacterizacion (Chiles secos),1.5,3,3,SYS_001419,TAG_001419,9,MODE_A - Config demo,0.75,2,2,0.75,2.5,2.4,8.0,7:09:00 p.m.,8:05:00 p.m.,00:56:00,,Operador_05
28-ago-27,Operador_03,Completado,10146,TIN_000095,20095,40095,50095,Cliente_014,CLI014,Producto_001,Configuracion_008,30008,Desbacterizacion (Chiles secos),1.5,4,4,SYS_001420,TAG_001420,9,MODE_A - Config demo,0.75,2,2,0.75,2.5,2.4,8.0,7:09:00 p.m.,8:05:00 p.m.,00:56:00,,Operador_03
28-ago-27,Operador_04,Completado,10146,TIN_000095,20095,40095,50095,Cliente_014,CLI014,Producto_001,Configuracion_008,30008,Desbacterizacion (Chiles secos),1.5,5,5,SYS_001421,TAG_001421,9,MODE_A - Config demo,0.75,2,2,0.75,2.5,2.4,8.0,7:09:00 p.m.,8:05:00 p.m.,00:56:00,,Operador_01
28-ago-27,Operador_02,Completado,10146,TIN_000095,20095,40095,50095,Cliente_014,CLI014,Producto_001,Configuracion_008,30008,Desbacterizacion (Chiles secos),1.5,6,6,SYS_001422,TAG_001422,9,MODE_A - Config demo,0.75,2,2,0.75,2.5,2.4,8.0,7:09:00 p.m.,8:05:00 p.m.,00:56:00,,Operador_03
28-ago-27,Operador_04,Completado,10146,TIN_000095,20095,40095,50095,Cliente_014,CLI014,Producto_001,Configuracion_008,30008,Desbacterizacion (Chiles secos),1.5,7,7,SYS_001423,TAG_001423,9,MODE_A - Config demo,0.75,2,2,0.75,2.5,2.4,8.0,7:09:00 p.m.,8:05:00 p.m.,00:56:00,,Operador_01
28-ago-27,Operador_02,Completado,10146,TIN_000095,20095,40095,50095,Cliente_014,CLI014,Producto_001,Configuracion_008,30008,Desbacterizacion (Chiles secos),1.5,8,8,SYS_001424,TAG_001424,9,MODE_A - Config demo,0.75,2,2,0.75,2.5,2.4,8.0,7:09:00 p.m.,8:05:00 p.m.,00:56:00,,Operador_03
28-ago-27,Operador_01,Completado,10146,TIN_000095,20095,40095,50095,Cliente_014,CLI014,Producto_001,Configuracion_008,30008,Desbacterizacion (Chiles secos),1.5,9,9,SYS_001425,TAG_001425,9,MODE_A - Config demo,0.75,2,2,0.75,2.5,2.4,8.0,7:09:00 p.m.,8:05:00 p.m.,00:56:00,,Operador_03
01-ago-27,Operador_02,Completado,10147,TIN_000096,20096,40096,50096,Cliente_013,CLI013,Producto_001,Configuracion_001,30001,Desbacterizacion (Otros Y protocolos),3.0,1,1,SYS_001426,TAG_001426,11,MODE_A - Config demo,1.5,2,2,1.5,2.5,2.4,4.0,11:19:00 a.m.,12:03:00 p.m.,00:44:00,,Operador_05
01-ago-27,Operador_04,Completado,10147,TIN_000096,20096,40096,50096,Cliente_013,CLI013,Producto_001,Configuracion_001,30001,Desbacterizacion (Otros Y protocolos),3.0,2,2,SYS_001427,TAG_001427,11,MODE_A - Config demo,1.5,2,2,1.5,2.5,2.4,4.0,11:19:00 a.m.,12:03:00 p.m.,00:44:00,,Operador_04
01-ago-27,Operador_01,Completado,10147,TIN_000096,20096,40096,50096,Cliente_013,CLI013,Producto_001,Configuracion_001,30001,Desbacterizacion (Otros Y protocolos),3.0,3,3,SYS_001428,TAG_001428,11,MODE_A - Config demo,1.5,2,2,1.5,2.5,2.4,4.0,11:19:00 a.m.,12:03:00 p.m.,00:44:00,,Operador_02
01-ago-27,Operador_04,Completado,10147,TIN_000096,20096,40096,50096,Cliente_013,CLI013,Producto_001,Configuracion_001,30001,Desbacterizacion (Otros Y protocolos),3.0,4,4,SYS_001429,TAG_001429,11,MODE_A - Config demo,1.5,2,2,1.5,2.5,2.4,4.0,11:19:00 a.m.,12:03:00 p.m.,00:44:00,,Operador_03
01-ago-27,Operador_02,Completado,10147,TIN_000096,20096,40096,50096,Cliente_013,CLI013,Producto_001,Configuracion_001,30001,Desbacterizacion (Otros Y protocolos),3.0,5,5,SYS_001430,TAG_001430,11,MODE_A - Config demo,1.5,2,2,1.5,2.5,2.4,4.0,11:19:00 a.m.,12:03:00 p.m.,00:44:00,,Operador_03
01-ago-27,Operador_04,Completado,10147,TIN_000096,20096,40096,50096,Cliente_013,CLI013,Producto_001,Configuracion_001,30001,Desbacterizacion (Otros Y protocolos),3.0,6,6,SYS_001431,TAG_001431,11,MODE_A - Config demo,1.5,2,2,1.5,2.5,2.4,4.0,11:19:00 a.m.,12:03:00 p.m.,00:44:00,,Operador_05
01-ago-27,Operador_03,Completado,10148,TIN_000096,20096,40096,50096,Cliente_013,CLI013,Producto_001,Configuracion_001,30001,Desbacterizacion (Otros Y protocolos),3.0,7,1,SYS_001432,TAG_001432,11,MODE_A - Config demo,3.0,2,1,3.0,2.5,2.4,2.0,9:54:00 a.m.,10:46:00 a.m.,00:52:00,,Operador_03
01-ago-27,Operador_04,Completado,10148,TIN_000096,20096,40096,50096,Cliente_013,CLI013,Producto_001,Configuracion_001,30001,Desbacterizacion (Otros Y protocolos),3.0,8,2,SYS_001433,TAG_001433,11,MODE_A - Config demo,3.0,2,1,3.0,2.5,2.4,2.0,9:54:00 a.m.,10:46:00 a.m.,00:52:00,,Operador_01
01-ago-27,Operador_03,Completado,10148,TIN_000096,20096,40096,50096,Cliente_013,CLI013,Producto_001,Configuracion_001,30001,Desbacterizacion (Otros Y protocolos),3.0,9,3,SYS_001434,TAG_001434,11,MODE_A - Config demo,3.0,2,1,3.0,2.5,2.4,2.0,9:54:00 a.m.,10:46:00 a.m.,00:52:00,,Operador_02
01-ago-27,Operador_01,Completado,10148,TIN_000096,20096,40096,50096,Cliente_013,CLI013,Producto_001,Configuracion_001,30001,Desbacterizacion (Otros Y protocolos),3.0,10,4,SYS_001435,TAG_001435,11,MODE_A - Config demo,3.0,2,1,3.0,2.5,2.4,2.0,9:54:00 a.m.,10:46:00 a.m.,00:52:00,,Operador_04
01-ago-27,Operador_03,Completado,10148,TIN_000096,20096,40096,50096,Cliente_013,CLI013,Producto_001,Configuracion_001,30001,Desbacterizacion (Otros Y protocolos),3.0,11,5,SYS_001436,TAG_001436,11,MODE_A - Config demo,3.0,2,1,3.0,2.5,2.4,2.0,9:54:00 a.m.,10:46:00 a.m.,00:52:00,,Operador_02
31-ago-27,Operador_05,Completado,10149,TIN_000097,20097,40097,50097,Cliente_014,CLI014,Producto_013,Configuracion_002,30002,Fitosanitario 150 Gy,0.35,1,1,SYS_001437,TAG_001437,12,MODE_A - Config demo,0.175,2,2,0.175,2.5,2.4,34.286,10:45:00 a.m.,11:46:00 a.m.,01:01:00,,Operador_05
31-ago-27,Operador_03,Completado,10149,TIN_000097,20097,40097,50097,Cliente_014,CLI014,Producto_013,Configuracion_002,30002,Fitosanitario 150 Gy,0.35,2,2,SYS_001438,TAG_001438,12,MODE_A - Config demo,0.175,2,2,0.175,2.5,2.4,34.286,10:45:00 a.m.,11:46:00 a.m.,01:01:00,,Operador_02
31-ago-27,Operador_03,Completado,10149,TIN_000097,20097,40097,50097,Cliente_014,CLI014,Producto_013,Configuracion_002,30002,Fitosanitario 150 Gy,0.35,3,3,SYS_001439,TAG_001439,12,MODE_A - Config demo,0.175,2,2,0.175,2.5,2.4,34.286,10:45:00 a.m.,11:46:00 a.m.,01:01:00,,Operador_01
31-ago-27,Operador_05,Completado,10149,TIN_000097,20097,40097,50097,Cliente_014,CLI014,Producto_013,Configuracion_002,30002,Fitosanitario 150 Gy,0.35,4,4,SYS_001440,TAG_001440,12,MODE_A - Config demo,0.175,2,2,0.175,2.5,2.4,34.286,10:45:00 a.m.,11:46:00 a.m.,01:01:00,,Operador_03
31-ago-27,Operador_01,Completado,10149,TIN_000097,20097,40097,50097,Cliente_014,CLI014,Producto_013,Configuracion_002,30002,Fitosanitario 150 Gy,0.35,5,5,SYS_001441,TAG_001441,12,MODE_A - Config demo,0.175,2,2,0.175,2.5,2.4,34.286,10:45:00 a.m.,11:46:00 a.m.,01:01:00,,Operador_04
31-ago-27,Operador_03,Completado,10149,TIN_000097,20097,40097,50097,Cliente_014,CLI014,Producto_013,Configuracion_002,30002,Fitosanitario 150 Gy,0.35,6,6,SYS_001442,TAG_001442,12,MODE_A - Config demo,0.175,2,2,0.175,2.5,2.4,34.286,10:45:00 a.m.,11:46:00 a.m.,01:01:00,,Operador_05
31-ago-27,Operador_04,Completado,10149,TIN_000097,20097,40097,50097,Cliente_014,CLI014,Producto_013,Configuracion_002,30002,Fitosanitario 150 Gy,0.35,7,7,SYS_001443,TAG_001443,12,MODE_A - Config demo,0.175,2,2,0.175,2.5,2.4,34.286,10:45:00 a.m.,11:46:00 a.m.,01:01:00,,Operador_02
31-ago-27,Operador_01,Completado,10149,TIN_000097,20097,40097,50097,Cliente_014,CLI014,Producto_013,Configuracion_002,30002,Fitosanitario 150 Gy,0.35,8,8,SYS_001444,TAG_001444,12,MODE_A - Config demo,0.175,2,2,0.175,2.5,2.4,34.286,10:45:00 a.m.,11:46:00 a.m.,01:01:00,,Operador_03
31-ago-27,Operador_05,Completado,10149,TIN_000097,20097,40097,50097,Cliente_014,CLI014,Producto_013,Configuracion_002,30002,Fitosanitario 150 Gy,0.35,9,9,SYS_001445,TAG_001445,12,MODE_A - Config demo,0.175,2,2,0.175,2.5,2.4,34.286,10:45:00 a.m.,11:46:00 a.m.,01:01:00,,Operador_04
31-ago-27,Operador_05,Completado,10149,TIN_000097,20097,40097,50097,Cliente_014,CLI014,Producto_013,Configuracion_002,30002,Fitosanitario 150 Gy,0.35,10,10,SYS_001446,TAG_001446,12,MODE_A - Config demo,0.175,2,2,0.175,2.5,2.4,34.286,10:45:00 a.m.,11:46:00 a.m.,01:01:00,,Operador_05
31-ago-27,Operador_03,Completado,10149,TIN_000097,20097,40097,50097,Cliente_014,CLI014,Producto_013,Configuracion_002,30002,Fitosanitario 150 Gy,0.35,11,11,SYS_001447,TAG_001447,12,MODE_A - Config demo,0.175,2,2,0.175,2.5,2.4,34.286,10:45:00 a.m.,11:46:00 a.m.,01:01:00,,Operador_05
31-ago-27,Operador_05,Completado,10149,TIN_000097,20097,40097,50097,Cliente_014,CLI014,Producto_013,Configuracion_002,30002,Fitosanitario 150 Gy,0.35,12,12,SYS_001448,TAG_001448,12,MODE_A - Config demo,0.175,2,2,0.175,2.5,2.4,34.286,10:45:00 a.m.,11:46:00 a.m.,01:01:00,,Operador_01
24-ago-27,Operador_05,Completado,10150,TIN_000098,20098,40098,50098,Cliente_019,CLI019,Producto_001,Configuracion_003,30003,Desbacterizacion (Otros Y protocolos),1.0,1,1,SYS_001449,TAG_001449,22,MODE_B - Config demo,1.0,2,1,1.0,0.025,8.0,0.2,4:52:00 p.m.,6:37:00 p.m.,01:45:00,,Operador_04
24-ago-27,Operador_04,Completado,10150,TIN_000098,20098,40098,50098,Cliente_019,CLI019,Producto_001,Configuracion_003,30003,Desbacterizacion (Otros Y protocolos),1.0,2,2,SYS_001450,TAG_001450,22,MODE_B - Config demo,1.0,2,1,1.0,0.025,8.0,0.2,4:52:00 p.m.,6:37:00 p.m.,01:45:00,,Operador_04
24-ago-27,Operador_02,Completado,10150,TIN_000098,20098,40098,50098,Cliente_019,CLI019,Producto_001,Configuracion_003,30003,Desbacterizacion (Otros Y protocolos),1.0,3,3,SYS_001451,TAG_001451,22,MODE_B - Config demo,1.0,2,1,1.0,0.025,8.0,0.2,4:52:00 p.m.,6:37:00 p.m.,01:45:00,,Operador_05
24-ago-27,Operador_04,Completado,10150,TIN_000098,20098,40098,50098,Cliente_019,CLI019,Producto_001,Configuracion_003,30003,Desbacterizacion (Otros Y protocolos),1.0,4,4,SYS_001452,TAG_001452,22,MODE_B - Config demo,1.0,2,1,1.0,0.025,8.0,0.2,4:52:00 p.m.,6:37:00 p.m.,01:45:00,,Operador_01
24-ago-27,Operador_04,Completado,10150,TIN_000098,20098,40098,50098,Cliente_019,CLI019,Producto_001,Configuracion_003,30003,Desbacterizacion (Otros Y protocolos),1.0,5,5,SYS_001453,TAG_001453,22,MODE_B - Config demo,1.0,2,1,1.0,0.025,8.0,0.2,4:52:00 p.m.,6:37:00 p.m.,01:45:00,,Operador_05
24-ago-27,Operador_04,Completado,10150,TIN_000098,20098,40098,50098,Cliente_019,CLI019,Producto_001,Configuracion_003,30003,Desbacterizacion (Otros Y protocolos),1.0,6,6,SYS_001454,TAG_001454,22,MODE_B - Config demo,1.0,2,1,1.0,0.025,8.0,0.2,4:52:00 p.m.,6:37:00 p.m.,01:45:00,,Operador_05
24-ago-27,Operador_04,Completado,10150,TIN_000098,20098,40098,50098,Cliente_019,CLI019,Producto_001,Configuracion_003,30003,Desbacterizacion (Otros Y protocolos),1.0,7,7,SYS_001455,TAG_001455,22,MODE_B - Config demo,1.0,2,1,1.0,0.025,8.0,0.2,4:52:00 p.m.,6:37:00 p.m.,01:45:00,,Operador_05
24-ago-27,Operador_03,Completado,10150,TIN_000098,20098,40098,50098,Cliente_019,CLI019,Producto_001,Configuracion_003,30003,Desbacterizacion (Otros Y protocolos),1.0,8,8,SYS_001456,TAG_001456,22,MODE_B - Config demo,1.0,2,1,1.0,0.025,8.0,0.2,4:52:00 p.m.,6:37:00 p.m.,01:45:00,,Operador_02
24-ago-27,Operador_03,Completado,10150,TIN_000098,20098,40098,50098,Cliente_019,CLI019,Producto_001,Configuracion_003,30003,Desbacterizacion (Otros Y protocolos),1.0,9,9,SYS_001457,TAG_001457,22,MODE_B - Config demo,1.0,2,1,1.0,0.025,8.0,0.2,4:52:00 p.m.,6:37:00 p.m.,01:45:00,,Operador_05
24-ago-27,Operador_04,Completado,10150,TIN_000098,20098,40098,50098,Cliente_019,CLI019,Producto_001,Configuracion_003,30003,Desbacterizacion (Otros Y protocolos),1.0,10,10,SYS_001458,TAG_001458,22,MODE_B - Config demo,1.0,2,1,1.0,0.025,8.0,0.2,4:52:00 p.m.,6:37:00 p.m.,01:45:00,,Operador_01
24-ago-27,Operador_02,Completado,10150,TIN_000098,20098,40098,50098,Cliente_019,CLI019,Producto_001,Configuracion_003,30003,Desbacterizacion (Otros Y protocolos),1.0,11,11,SYS_001459,TAG_001459,22,MODE_B - Config demo,1.0,2,1,1.0,0.025,8.0,0.2,4:52:00 p.m.,6:37:00 p.m.,01:45:00,,Operador_01
24-ago-27,Operador_05,Completado,10150,TIN_000098,20098,40098,50098,Cliente_019,CLI019,Producto_001,Configuracion_003,30003,Desbacterizacion (Otros Y protocolos),1.0,12,12,SYS_001460,TAG_001460,22,MODE_B - Config demo,1.0,2,1,1.0,0.025,8.0,0.2,4:52:00 p.m.,6:37:00 p.m.,01:45:00,,Operador_02
24-ago-27,Operador_01,Completado,10150,TIN_000098,20098,40098,50098,Cliente_019,CLI019,Producto_001,Configuracion_003,30003,Desbacterizacion (Otros Y protocolos),1.0,13,1,SYS_001461,TAG_001461,22,MODE_B - Config demo,1.0,2,1,1.0,0.025,8.0,0.2,4:52:00 p.m.,6:37:00 p.m.,01:45:00,,Operador_05
24-ago-27,Operador_05,Completado,10150,TIN_000098,20098,40098,50098,Cliente_019,CLI019,Producto_001,Configuracion_003,30003,Desbacterizacion (Otros Y protocolos),1.0,14,2,SYS_001462,TAG_001462,22,MODE_B - Config demo,1.0,2,1,1.0,0.025,8.0,0.2,4:52:00 p.m.,6:37:00 p.m.,01:45:00,,Operador_05
24-ago-27,Operador_02,Completado,10150,TIN_000098,20098,40098,50098,Cliente_019,CLI019,Producto_001,Configuracion_003,30003,Desbacterizacion (Otros Y protocolos),1.0,15,3,SYS_001463,TAG_001463,22,MODE_B - Config demo,1.0,2,1,1.0,0.025,8.0,0.2,4:52:00 p.m.,6:37:00 p.m.,01:45:00,,Operador_03
24-ago-27,Operador_03,Completado,10150,TIN_000098,20098,40098,50098,Cliente_019,CLI019,Producto_001,Configuracion_003,30003,Desbacterizacion (Otros Y protocolos),1.0,16,4,SYS_001464,TAG_001464,22,MODE_B - Config demo,1.0,2,1,1.0,0.025,8.0,0.2,4:52:00 p.m.,6:37:00 p.m.,01:45:00,,Operador_04
24-ago-27,Operador_05,Completado,10150,TIN_000098,20098,40098,50098,Cliente_019,CLI019,Producto_001,Configuracion_003,30003,Desbacterizacion (Otros Y protocolos),1.0,17,5,SYS_001465,TAG_001465,22,MODE_B - Config demo,1.0,2,1,1.0,0.025,8.0,0.2,4:52:00 p.m.,6:37:00 p.m.,01:45:00,,Operador_03
24-ago-27,Operador_03,Completado,10150,TIN_000098,20098,40098,50098,Cliente_019,CLI019,Producto_001,Configuracion_003,30003,Desbacterizacion (Otros Y protocolos),1.0,18,6,SYS_001466,TAG_001466,22,MODE_B - Config demo,1.0,2,1,1.0,0.025,8.0,0.2,4:52:00 p.m.,6:37:00 p.m.,01:45:00,,Operador_01
24-ago-27,Operador_01,Completado,10150,TIN_000098,20098,40098,50098,Cliente_019,CLI019,Producto_001,Configuracion_003,30003,Desbacterizacion (Otros Y protocolos),1.0,19,7,SYS_001467,TAG_001467,22,MODE_B - Config demo,1.0,2,1,1.0,0.025,8.0,0.2,4:52:00 p.m.,6:37:00 p.m.,01:45:00,,Operador_04
24-ago-27,Operador_03,Completado,10150,TIN_000098,20098,40098,50098,Cliente_019,CLI019,Producto_001,Configuracion_003,30003,Desbacterizacion (Otros Y protocolos),1.0,20,8,SYS_001468,TAG_001468,22,MODE_B - Config demo,1.0,2,1,1.0,0.025,8.0,0.2,4:52:00 p.m.,6:37:00 p.m.,01:45:00,,Operador_01
24-ago-27,Operador_01,Completado,10150,TIN_000098,20098,40098,50098,Cliente_019,CLI019,Producto_001,Configuracion_003,30003,Desbacterizacion (Otros Y protocolos),1.0,21,9,SYS_001469,TAG_001469,22,MODE_B - Config demo,1.0,2,1,1.0,0.025,8.0,0.2,4:52:00 p.m.,6:37:00 p.m.,01:45:00,,Operador_04
24-ago-27,Operador_05,Completado,10150,TIN_000098,20098,40098,50098,Cliente_019,CLI019,Producto_001,Configuracion_003,30003,Desbacterizacion (Otros Y protocolos),1.0,22,10,SYS_001470,TAG_001470,22,MODE_B - Config demo,1.0,2,1,1.0,0.025,8.0,0.2,4:52:00 p.m.,6:37:00 p.m.,01:45:00,,Operador_02
26-ago-27,Operador_04,Completado,10151,TIN_000099,20099,40099,50099,Cliente_010,CLI010,Producto_009,Configuracion_004,30004,Fitosanitario 150 Gy,0.32,1,1,SYS_001471,TAG_001471,18,MODE_B - Config demo,0.32,2,1,0.32,0.025,8.0,0.625,12:17:00 p.m.,1:48:00 p.m.,01:31:00,Desviacion_demo_10151,Operador_05
26-ago-27,Operador_04,Completado,10151,TIN_000099,20099,40099,50099,Cliente_010,CLI010,Producto_009,Configuracion_004,30004,Fitosanitario 150 Gy,0.32,2,2,SYS_001472,TAG_001472,18,MODE_B - Config demo,0.32,2,1,0.32,0.025,8.0,0.625,12:17:00 p.m.,1:48:00 p.m.,01:31:00,Desviacion_demo_10151,Operador_02
26-ago-27,Operador_02,Completado,10151,TIN_000099,20099,40099,50099,Cliente_010,CLI010,Producto_009,Configuracion_004,30004,Fitosanitario 150 Gy,0.32,3,3,SYS_001473,TAG_001473,18,MODE_B - Config demo,0.32,2,1,0.32,0.025,8.0,0.625,12:17:00 p.m.,1:48:00 p.m.,01:31:00,Desviacion_demo_10151,Operador_04
26-ago-27,Operador_02,Completado,10151,TIN_000099,20099,40099,50099,Cliente_010,CLI010,Producto_009,Configuracion_004,30004,Fitosanitario 150 Gy,0.32,4,4,SYS_001474,TAG_001474,18,MODE_B - Config demo,0.32,2,1,0.32,0.025,8.0,0.625,12:17:00 p.m.,1:48:00 p.m.,01:31:00,Desviacion_demo_10151,Operador_02
26-ago-27,Operador_03,Completado,10151,TIN_000099,20099,40099,50099,Cliente_010,CLI010,Producto_009,Configuracion_004,30004,Fitosanitario 150 Gy,0.32,5,5,SYS_001475,TAG_001475,18,MODE_B - Config demo,0.32,2,1,0.32,0.025,8.0,0.625,12:17:00 p.m.,1:48:00 p.m.,01:31:00,Desviacion_demo_10151,Operador_04
26-ago-27,Operador_05,Completado,10151,TIN_000099,20099,40099,50099,Cliente_010,CLI010,Producto_009,Configuracion_004,30004,Fitosanitario 150 Gy,0.32,6,6,SYS_001476,TAG_001476,18,MODE_B - Config demo,0.32,2,1,0.32,0.025,8.0,0.625,12:17:00 p.m.,1:48:00 p.m.,01:31:00,Desviacion_demo_10151,Operador_05
26-ago-27,Operador_02,Completado,10151,TIN_000099,20099,40099,50099,Cliente_010,CLI010,Producto_009,Configuracion_004,30004,Fitosanitario 150 Gy,0.32,7,7,SYS_001477,TAG_001477,18,MODE_B - Config demo,0.32,2,1,0.32,0.025,8.0,0.625,12:17:00 p.m.,1:48:00 p.m.,01:31:00,Desviacion_demo_10151,Operador_01
26-ago-27,Operador_05,Completado,10151,TIN_000099,20099,40099,50099,Cliente_010,CLI010,Producto_009,Configuracion_004,30004,Fitosanitario 150 Gy,0.32,8,8,SYS_001478,TAG_001478,18,MODE_B - Config demo,0.32,2,1,0.32,0.025,8.0,0.625,12:17:00 p.m.,1:48:00 p.m.,01:31:00,Desviacion_demo_10151,Operador_05
26-ago-27,Operador_03,Completado,10151,TIN_000099,20099,40099,50099,Cliente_010,CLI010,Producto_009,Configuracion_004,30004,Fitosanitario 150 Gy,0.32,9,9,SYS_001479,TAG_001479,18,MODE_B - Config demo,0.32,2,1,0.32,0.025,8.0,0.625,12:17:00 p.m.,1:48:00 p.m.,01:31:00,Desviacion_demo_10151,Operador_04
26-ago-27,Operador_02,Completado,10151,TIN_000099,20099,40099,50099,Cliente_010,CLI010,Producto_009,Configuracion_004,30004,Fitosanitario 150 Gy,0.32,10,10,SYS_001480,TAG_001480,18,MODE_B - Config demo,0.32,2,1,0.32,0.025,8.0,0.625,12:17:00 p.m.,1:48:00 p.m.,01:31:00,Desviacion_demo_10151,Operador_04
26-ago-27,Operador_04,Completado,10151,TIN_000099,20099,40099,50099,Cliente_010,CLI010,Producto_009,Configuracion_004,30004,Fitosanitario 150 Gy,0.32,11,11,SYS_001481,TAG_001481,18,MODE_B - Config demo,0.32,2,1,0.32,0.025,8.0,0.625,12:17:00 p.m.,1:48:00 p.m.,01:31:00,Desviacion_demo_10151,Operador_02
26-ago-27,Operador_04,Completado,10151,TIN_000099,20099,40099,50099,Cliente_010,CLI010,Producto_009,Configuracion_004,30004,Fitosanitario 150 Gy,0.32,12,12,SYS_001482,TAG_001482,18,MODE_B - Config demo,0.32,2,1,0.32,0.025,8.0,0.625,12:17:00 p.m.,1:48:00 p.m.,01:31:00,Desviacion_demo_10151,Operador_02
26-ago-27,Operador_03,Completado,10151,TIN_000099,20099,40099,50099,Cliente_010,CLI010,Producto_009,Configuracion_004,30004,Fitosanitario 150 Gy,0.32,13,1,SYS_001483,TAG_001483,18,MODE_B - Config demo,0.32,2,1,0.32,0.025,8.0,0.625,12:17:00 p.m.,1:48:00 p.m.,01:31:00,Desviacion_demo_10151,Operador_01
26-ago-27,Operador_01,Completado,10151,TIN_000099,20099,40099,50099,Cliente_010,CLI010,Producto_009,Configuracion_004,30004,Fitosanitario 150 Gy,0.32,14,2,SYS_001484,TAG_001484,18,MODE_B - Config demo,0.32,2,1,0.32,0.025,8.0,0.625,12:17:00 p.m.,1:48:00 p.m.,01:31:00,Desviacion_demo_10151,Operador_04
26-ago-27,Operador_05,Completado,10151,TIN_000099,20099,40099,50099,Cliente_010,CLI010,Producto_009,Configuracion_004,30004,Fitosanitario 150 Gy,0.32,15,3,SYS_001485,TAG_001485,18,MODE_B - Config demo,0.32,2,1,0.32,0.025,8.0,0.625,12:17:00 p.m.,1:48:00 p.m.,01:31:00,Desviacion_demo_10151,Operador_03
26-ago-27,Operador_05,Completado,10151,TIN_000099,20099,40099,50099,Cliente_010,CLI010,Producto_009,Configuracion_004,30004,Fitosanitario 150 Gy,0.32,16,4,SYS_001486,TAG_001486,18,MODE_B - Config demo,0.32,2,1,0.32,0.025,8.0,0.625,12:17:00 p.m.,1:48:00 p.m.,01:31:00,Desviacion_demo_10151,Operador_05
26-ago-27,Operador_04,Completado,10151,TIN_000099,20099,40099,50099,Cliente_010,CLI010,Producto_009,Configuracion_004,30004,Fitosanitario 150 Gy,0.32,17,5,SYS_001487,TAG_001487,18,MODE_B - Config demo,0.32,2,1,0.32,0.025,8.0,0.625,12:17:00 p.m.,1:48:00 p.m.,01:31:00,Desviacion_demo_10151,Operador_05
26-ago-27,Operador_04,Completado,10151,TIN_000099,20099,40099,50099,Cliente_010,CLI010,Producto_009,Configuracion_004,30004,Fitosanitario 150 Gy,0.32,18,6,SYS_001488,TAG_001488,18,MODE_B - Config demo,0.32,2,1,0.32,0.025,8.0,0.625,12:17:00 p.m.,1:48:00 p.m.,01:31:00,Desviacion_demo_10151,Operador_05
13-ago-27,Operador_02,Completado,10152,TIN_000100,20100,40100,50100,Cliente_011,CLI011,Producto_003,Configuracion_005,30005,Fitosanitario 400 Gy,0.6,1,1,SYS_001489,TAG_001489,16,MODE_B - Config demo,0.6,2,1,0.6,0.025,8.0,0.333,7:56:00 a.m.,9:01:00 a.m.,01:05:00,,Operador_04
13-ago-27,Operador_04,Completado,10152,TIN_000100,20100,40100,50100,Cliente_011,CLI011,Producto_003,Configuracion_005,30005,Fitosanitario 400 Gy,0.6,2,2,SYS_001490,TAG_001490,16,MODE_B - Config demo,0.6,2,1,0.6,0.025,8.0,0.333,7:56:00 a.m.,9:01:00 a.m.,01:05:00,,Operador_02
13-ago-27,Operador_01,Completado,10152,TIN_000100,20100,40100,50100,Cliente_011,CLI011,Producto_003,Configuracion_005,30005,Fitosanitario 400 Gy,0.6,3,3,SYS_001491,TAG_001491,16,MODE_B - Config demo,0.6,2,1,0.6,0.025,8.0,0.333,7:56:00 a.m.,9:01:00 a.m.,01:05:00,,Operador_05
13-ago-27,Operador_04,Completado,10152,TIN_000100,20100,40100,50100,Cliente_011,CLI011,Producto_003,Configuracion_005,30005,Fitosanitario 400 Gy,0.6,4,4,SYS_001492,TAG_001492,16,MODE_B - Config demo,0.6,2,1,0.6,0.025,8.0,0.333,7:56:00 a.m.,9:01:00 a.m.,01:05:00,,Operador_04
13-ago-27,Operador_05,Completado,10152,TIN_000100,20100,40100,50100,Cliente_011,CLI011,Producto_003,Configuracion_005,30005,Fitosanitario 400 Gy,0.6,5,5,SYS_001493,TAG_001493,16,MODE_B - Config demo,0.6,2,1,0.6,0.025,8.0,0.333,7:56:00 a.m.,9:01:00 a.m.,01:05:00,,Operador_03
13-ago-27,Operador_01,Completado,10152,TIN_000100,20100,40100,50100,Cliente_011,CLI011,Producto_003,Configuracion_005,30005,Fitosanitario 400 Gy,0.6,6,6,SYS_001494,TAG_001494,16,MODE_B - Config demo,0.6,2,1,0.6,0.025,8.0,0.333,7:56:00 a.m.,9:01:00 a.m.,01:05:00,,Operador_01
13-ago-27,Operador_05,Completado,10152,TIN_000100,20100,40100,50100,Cliente_011,CLI011,Producto_003,Configuracion_005,30005,Fitosanitario 400 Gy,0.6,7,7,SYS_001495,TAG_001495,16,MODE_B - Config demo,0.6,2,1,0.6,0.025,8.0,0.333,7:56:00 a.m.,9:01:00 a.m.,01:05:00,,Operador_04
13-ago-27,Operador_04,Completado,10152,TIN_000100,20100,40100,50100,Cliente_011,CLI011,Producto_003,Configuracion_005,30005,Fitosanitario 400 Gy,0.6,8,8,SYS_001496,TAG_001496,16,MODE_B - Config demo,0.6,2,1,0.6,0.025,8.0,0.333,7:56:00 a.m.,9:01:00 a.m.,01:05:00,,Operador_02
13-ago-27,Operador_04,Completado,10153,TIN_000100,20100,40100,50100,Cliente_011,CLI011,Producto_003,Configuracion_005,30005,Fitosanitario 400 Gy,0.6,9,1,SYS_001497,TAG_001497,16,MODE_B - Config demo,0.3,2,2,0.3,0.025,8.0,0.667,5:47:00 p.m.,6:46:00 p.m.,00:59:00,,Operador_01
13-ago-27,Operador_01,Completado,10153,TIN_000100,20100,40100,50100,Cliente_011,CLI011,Producto_003,Configuracion_005,30005,Fitosanitario 400 Gy,0.6,10,2,SYS_001498,TAG_001498,16,MODE_B - Config demo,0.3,2,2,0.3,0.025,8.0,0.667,5:47:00 p.m.,6:46:00 p.m.,00:59:00,,Operador_03
13-ago-27,Operador_03,Completado,10153,TIN_000100,20100,40100,50100,Cliente_011,CLI011,Producto_003,Configuracion_005,30005,Fitosanitario 400 Gy,0.6,11,3,SYS_001499,TAG_001499,16,MODE_B - Config demo,0.3,2,2,0.3,0.025,8.0,0.667,5:47:00 p.m.,6:46:00 p.m.,00:59:00,,Operador_03
13-ago-27,Operador_03,Completado,10153,TIN_000100,20100,40100,50100,Cliente_011,CLI011,Producto_003,Configuracion_005,30005,Fitosanitario 400 Gy,0.6,12,4,SYS_001500,TAG_001500,16,MODE_B - Config demo,0.3,2,2,0.3,0.025,8.0,0.667,5:47:00 p.m.,6:46:00 p.m.,00:59:00,,Operador_02
13-ago-27,Operador_04,Completado,10153,TIN_000100,20100,40100,50100,Cliente_011,CLI011,Producto_003,Configuracion_005,30005,Fitosanitario 400 Gy,0.6,13,5,SYS_001501,TAG_001501,16,MODE_B - Config demo,0.3,2,2,0.3,0.025,8.0,0.667,5:47:00 p.m.,6:46:00 p.m.,00:59:00,,Operador_03
13-ago-27,Operador_03,Completado,10153,TIN_000100,20100,40100,50100,Cliente_011,CLI011,Producto_003,Configuracion_005,30005,Fitosanitario 400 Gy,0.6,14,6,SYS_001502,TAG_001502,16,MODE_B - Config demo,0.3,2,2,0.3,0.025,8.0,0.667,5:47:00 p.m.,6:46:00 p.m.,00:59:00,,Operador_03
13-ago-27,Operador_03,Completado,10153,TIN_000100,20100,40100,50100,Cliente_011,CLI011,Producto_003,Configuracion_005,30005,Fitosanitario 400 Gy,0.6,15,7,SYS_001503,TAG_001503,16,MODE_B - Config demo,0.3,2,2,0.3,0.025,8.0,0.667,5:47:00 p.m.,6:46:00 p.m.,00:59:00,,Operador_03
13-ago-27,Operador_03,Completado,10153,TIN_000100,20100,40100,50100,Cliente_011,CLI011,Producto_003,Configuracion_005,30005,Fitosanitario 400 Gy,0.6,16,8,SYS_001504,TAG_001504,16,MODE_B - Config demo,0.3,2,2,0.3,0.025,8.0,0.667,5:47:00 p.m.,6:46:00 p.m.,00:59:00,,Operador_02
26-ago-27,Operador_05,Completado,10154,TIN_000101,20101,40101,50101,Cliente_003,CLI003,Producto_001,Configuracion_006,30006,Desbacterizacion (Vegetales),2.0,1,1,SYS_001505,TAG_001505,7,MODE_B - Config demo,2.0,2,1,2.0,0.025,8.0,0.1,10:51:00 a.m.,11:49:00 a.m.,00:58:00,,Operador_04
26-ago-27,Operador_03,Completado,10154,TIN_000101,20101,40101,50101,Cliente_003,CLI003,Producto_001,Configuracion_006,30006,Desbacterizacion (Vegetales),2.0,2,2,SYS_001506,TAG_001506,7,MODE_B - Config demo,2.0,2,1,2.0,0.025,8.0,0.1,10:51:00 a.m.,11:49:00 a.m.,00:58:00,,Operador_05
26-ago-27,Operador_01,Completado,10154,TIN_000101,20101,40101,50101,Cliente_003,CLI003,Producto_001,Configuracion_006,30006,Desbacterizacion (Vegetales),2.0,3,3,SYS_001507,TAG_001507,7,MODE_B - Config demo,2.0,2,1,2.0,0.025,8.0,0.1,10:51:00 a.m.,11:49:00 a.m.,00:58:00,,Operador_01
26-ago-27,Operador_04,Completado,10154,TIN_000101,20101,40101,50101,Cliente_003,CLI003,Producto_001,Configuracion_006,30006,Desbacterizacion (Vegetales),2.0,4,4,SYS_001508,TAG_001508,7,MODE_B - Config demo,2.0,2,1,2.0,0.025,8.0,0.1,10:51:00 a.m.,11:49:00 a.m.,00:58:00,,Operador_01
26-ago-27,Operador_01,Completado,10154,TIN_000101,20101,40101,50101,Cliente_003,CLI003,Producto_001,Configuracion_006,30006,Desbacterizacion (Vegetales),2.0,5,5,SYS_001509,TAG_001509,7,MODE_B - Config demo,2.0,2,1,2.0,0.025,8.0,0.1,10:51:00 a.m.,11:49:00 a.m.,00:58:00,,Operador_01
26-ago-27,Operador_03,Completado,10154,TIN_000101,20101,40101,50101,Cliente_003,CLI003,Producto_001,Configuracion_006,30006,Desbacterizacion (Vegetales),2.0,6,6,SYS_001510,TAG_001510,7,MODE_B - Config demo,2.0,2,1,2.0,0.025,8.0,0.1,10:51:00 a.m.,11:49:00 a.m.,00:58:00,,Operador_04
26-ago-27,Operador_03,Completado,10154,TIN_000101,20101,40101,50101,Cliente_003,CLI003,Producto_001,Configuracion_006,30006,Desbacterizacion (Vegetales),2.0,7,7,SYS_001511,TAG_001511,7,MODE_B - Config demo,2.0,2,1,2.0,0.025,8.0,0.1,10:51:00 a.m.,11:49:00 a.m.,00:58:00,,Operador_03
03-ago-27,Operador_03,Completado,10155,TIN_000102,20102,40102,50102,Cliente_018,CLI018,Producto_001,Configuracion_007,30007,Fitosanitario 150 Gy,0.35,1,1,SYS_001512,TAG_001512,11,MODE_A - Config demo,0.35,2,1,0.35,2.5,2.4,17.143,9:29:00 a.m.,10:27:00 a.m.,00:58:00,,Operador_05
03-ago-27,Operador_04,Completado,10155,TIN_000102,20102,40102,50102,Cliente_018,CLI018,Producto_001,Configuracion_007,30007,Fitosanitario 150 Gy,0.35,2,2,SYS_001513,TAG_001513,11,MODE_A - Config demo,0.35,2,1,0.35,2.5,2.4,17.143,9:29:00 a.m.,10:27:00 a.m.,00:58:00,,Operador_01
03-ago-27,Operador_05,Completado,10155,TIN_000102,20102,40102,50102,Cliente_018,CLI018,Producto_001,Configuracion_007,30007,Fitosanitario 150 Gy,0.35,3,3,SYS_001514,TAG_001514,11,MODE_A - Config demo,0.35,2,1,0.35,2.5,2.4,17.143,9:29:00 a.m.,10:27:00 a.m.,00:58:00,,Operador_04
03-ago-27,Operador_05,Completado,10155,TIN_000102,20102,40102,50102,Cliente_018,CLI018,Producto_001,Configuracion_007,30007,Fitosanitario 150 Gy,0.35,4,4,SYS_001515,TAG_001515,11,MODE_A - Config demo,0.35,2,1,0.35,2.5,2.4,17.143,9:29:00 a.m.,10:27:00 a.m.,00:58:00,,Operador_05
03-ago-27,Operador_02,Completado,10155,TIN_000102,20102,40102,50102,Cliente_018,CLI018,Producto_001,Configuracion_007,30007,Fitosanitario 150 Gy,0.35,5,5,SYS_001516,TAG_001516,11,MODE_A - Config demo,0.35,2,1,0.35,2.5,2.4,17.143,9:29:00 a.m.,10:27:00 a.m.,00:58:00,,Operador_05
03-ago-27,Operador_05,Completado,10155,TIN_000102,20102,40102,50102,Cliente_018,CLI018,Producto_001,Configuracion_007,30007,Fitosanitario 150 Gy,0.35,6,6,SYS_001517,TAG_001517,11,MODE_A - Config demo,0.35,2,1,0.35,2.5,2.4,17.143,9:29:00 a.m.,10:27:00 a.m.,00:58:00,,Operador_03
03-ago-27,Operador_04,Completado,10155,TIN_000102,20102,40102,50102,Cliente_018,CLI018,Producto_001,Configuracion_007,30007,Fitosanitario 150 Gy,0.35,7,7,SYS_001518,TAG_001518,11,MODE_A - Config demo,0.35,2,1,0.35,2.5,2.4,17.143,9:29:00 a.m.,10:27:00 a.m.,00:58:00,,Operador_03
03-ago-27,Operador_05,Completado,10155,TIN_000102,20102,40102,50102,Cliente_018,CLI018,Producto_001,Configuracion_007,30007,Fitosanitario 150 Gy,0.35,8,8,SYS_001519,TAG_001519,11,MODE_A - Config demo,0.35,2,1,0.35,2.5,2.4,17.143,9:29:00 a.m.,10:27:00 a.m.,00:58:00,,Operador_01
03-ago-27,Operador_03,Completado,10155,TIN_000102,20102,40102,50102,Cliente_018,CLI018,Producto_001,Configuracion_007,30007,Fitosanitario 150 Gy,0.35,9,9,SYS_001520,TAG_001520,11,MODE_A - Config demo,0.35,2,1,0.35,2.5,2.4,17.143,9:29:00 a.m.,10:27:00 a.m.,00:58:00,,Operador_01
03-ago-27,Operador_01,Completado,10155,TIN_000102,20102,40102,50102,Cliente_018,CLI018,Producto_001,Configuracion_007,30007,Fitosanitario 150 Gy,0.35,10,10,SYS_001521,TAG_001521,11,MODE_A - Config demo,0.35,2,1,0.35,2.5,2.4,17.143,9:29:00 a.m.,10:27:00 a.m.,00:58:00,,Operador_05
03-ago-27,Operador_04,Completado,10155,TIN_000102,20102,40102,50102,Cliente_018,CLI018,Producto_001,Configuracion_007,30007,Fitosanitario 150 Gy,0.35,11,11,SYS_001522,TAG_001522,11,MODE_A - Config demo,0.35,2,1,0.35,2.5,2.4,17.143,9:29:00 a.m.,10:27:00 a.m.,00:58:00,,Operador_03
26-ago-27,Operador_02,Completado,10156,TIN_000103,20103,40103,50103,Cliente_006,CLI006,Producto_008,Configuracion_008,30008,Desbacterizacion (Otros Y protocolos),4.0,1,1,SYS_001523,TAG_001523,15,MODE_A - Config demo,4.0,2,1,4.0,2.5,2.4,1.5,11:24:00 a.m.,12:44:00 p.m.,01:20:00,,Operador_03
26-ago-27,Operador_02,Completado,10156,TIN_000103,20103,40103,50103,Cliente_006,CLI006,Producto_008,Configuracion_008,30008,Desbacterizacion (Otros Y protocolos),4.0,2,2,SYS_001524,TAG_001524,15,MODE_A - Config demo,4.0,2,1,4.0,2.5,2.4,1.5,11:24:00 a.m.,12:44:00 p.m.,01:20:00,,Operador_01
26-ago-27,Operador_02,Completado,10156,TIN_000103,20103,40103,50103,Cliente_006,CLI006,Producto_008,Configuracion_008,30008,Desbacterizacion (Otros Y protocolos),4.0,3,3,SYS_001525,TAG_001525,15,MODE_A - Config demo,4.0,2,1,4.0,2.5,2.4,1.5,11:24:00 a.m.,12:44:00 p.m.,01:20:00,,Operador_01
26-ago-27,Operador_04,Completado,10156,TIN_000103,20103,40103,50103,Cliente_006,CLI006,Producto_008,Configuracion_008,30008,Desbacterizacion (Otros Y protocolos),4.0,4,4,SYS_001526,TAG_001526,15,MODE_A - Config demo,4.0,2,1,4.0,2.5,2.4,1.5,11:24:00 a.m.,12:44:00 p.m.,01:20:00,,Operador_03
26-ago-27,Operador_03,Completado,10156,TIN_000103,20103,40103,50103,Cliente_006,CLI006,Producto_008,Configuracion_008,30008,Desbacterizacion (Otros Y protocolos),4.0,5,5,SYS_001527,TAG_001527,15,MODE_A - Config demo,4.0,2,1,4.0,2.5,2.4,1.5,11:24:00 a.m.,12:44:00 p.m.,01:20:00,,Operador_03
26-ago-27,Operador_03,Completado,10156,TIN_000103,20103,40103,50103,Cliente_006,CLI006,Producto_008,Configuracion_008,30008,Desbacterizacion (Otros Y protocolos),4.0,6,6,SYS_001528,TAG_001528,15,MODE_A - Config demo,4.0,2,1,4.0,2.5,2.4,1.5,11:24:00 a.m.,12:44:00 p.m.,01:20:00,,Operador_05
26-ago-27,Operador_03,Completado,10156,TIN_000103,20103,40103,50103,Cliente_006,CLI006,Producto_008,Configuracion_008,30008,Desbacterizacion (Otros Y protocolos),4.0,7,7,SYS_001529,TAG_001529,15,MODE_A - Config demo,4.0,2,1,4.0,2.5,2.4,1.5,11:24:00 a.m.,12:44:00 p.m.,01:20:00,,Operador_04
26-ago-27,Operador_05,Completado,10156,TIN_000103,20103,40103,50103,Cliente_006,CLI006,Producto_008,Configuracion_008,30008,Desbacterizacion (Otros Y protocolos),4.0,8,8,SYS_001530,TAG_001530,15,MODE_A - Config demo,4.0,2,1,4.0,2.5,2.4,1.5,11:24:00 a.m.,12:44:00 p.m.,01:20:00,,Operador_01
26-ago-27,Operador_05,Completado,10156,TIN_000103,20103,40103,50103,Cliente_006,CLI006,Producto_008,Configuracion_008,30008,Desbacterizacion (Otros Y protocolos),4.0,9,9,SYS_001531,TAG_001531,15,MODE_A - Config demo,4.0,2,1,4.0,2.5,2.4,1.5,11:24:00 a.m.,12:44:00 p.m.,01:20:00,,Operador_05
26-ago-27,Operador_04,Completado,10156,TIN_000103,20103,40103,50103,Cliente_006,CLI006,Producto_008,Configuracion_008,30008,Desbacterizacion (Otros Y protocolos),4.0,10,10,SYS_001532,TAG_001532,15,MODE_A - Config demo,4.0,2,1,4.0,2.5,2.4,1.5,11:24:00 a.m.,12:44:00 p.m.,01:20:00,,Operador_01
26-ago-27,Operador_01,Completado,10156,TIN_000103,20103,40103,50103,Cliente_006,CLI006,Producto_008,Configuracion_008,30008,Desbacterizacion (Otros Y protocolos),4.0,11,11,SYS_001533,TAG_001533,15,MODE_A - Config demo,4.0,2,1,4.0,2.5,2.4,1.5,11:24:00 a.m.,12:44:00 p.m.,01:20:00,,Operador_01
26-ago-27,Operador_04,Completado,10156,TIN_000103,20103,40103,50103,Cliente_006,CLI006,Producto_008,Configuracion_008,30008,Desbacterizacion (Otros Y protocolos),4.0,12,12,SYS_001534,TAG_001534,15,MODE_A - Config demo,4.0,2,1,4.0,2.5,2.4,1.5,11:24:00 a.m.,12:44:00 p.m.,01:20:00,,Operador_03
26-ago-27,Operador_02,Completado,10156,TIN_000103,20103,40103,50103,Cliente_006,CLI006,Producto_008,Configuracion_008,30008,Desbacterizacion (Otros Y protocolos),4.0,13,1,SYS_001535,TAG_001535,15,MODE_A - Config demo,4.0,2,1,4.0,2.5,2.4,1.5,11:24:00 a.m.,12:44:00 p.m.,01:20:00,,Operador_03
26-ago-27,Operador_03,Completado,10156,TIN_000103,20103,40103,50103,Cliente_006,CLI006,Producto_008,Configuracion_008,30008,Desbacterizacion (Otros Y protocolos),4.0,14,2,SYS_001536,TAG_001536,15,MODE_A - Config demo,4.0,2,1,4.0,2.5,2.4,1.5,11:24:00 a.m.,12:44:00 p.m.,01:20:00,,Operador_02
26-ago-27,Operador_04,Completado,10156,TIN_000103,20103,40103,50103,Cliente_006,CLI006,Producto_008,Configuracion_008,30008,Desbacterizacion (Otros Y protocolos),4.0,15,3,SYS_001537,TAG_001537,15,MODE_A - Config demo,4.0,2,1,4.0,2.5,2.4,1.5,11:24:00 a.m.,12:44:00 p.m.,01:20:00,,Operador_03
29-ago-27,Operador_02,Completado,10157,TIN_000104,20104,40104,50104,Cliente_007,CLI007,Producto_006,Configuracion_001,30001,Desbacterizacion (Otros Y protocolos),4.0,1,1,SYS_001538,TAG_001538,18,MODE_A - Config demo,4.0,2,1,4.0,2.5,2.4,1.5,6:10:00 a.m.,7:08:00 a.m.,00:58:00,,Operador_01
29-ago-27,Operador_01,Completado,10157,TIN_000104,20104,40104,50104,Cliente_007,CLI007,Producto_006,Configuracion_001,30001,Desbacterizacion (Otros Y protocolos),4.0,2,2,SYS_001539,TAG_001539,18,MODE_A - Config demo,4.0,2,1,4.0,2.5,2.4,1.5,6:10:00 a.m.,7:08:00 a.m.,00:58:00,,Operador_05
29-ago-27,Operador_02,Completado,10157,TIN_000104,20104,40104,50104,Cliente_007,CLI007,Producto_006,Configuracion_001,30001,Desbacterizacion (Otros Y protocolos),4.0,3,3,SYS_001540,TAG_001540,18,MODE_A - Config demo,4.0,2,1,4.0,2.5,2.4,1.5,6:10:00 a.m.,7:08:00 a.m.,00:58:00,,Operador_05
29-ago-27,Operador_03,Completado,10157,TIN_000104,20104,40104,50104,Cliente_007,CLI007,Producto_006,Configuracion_001,30001,Desbacterizacion (Otros Y protocolos),4.0,4,4,SYS_001541,TAG_001541,18,MODE_A - Config demo,4.0,2,1,4.0,2.5,2.4,1.5,6:10:00 a.m.,7:08:00 a.m.,00:58:00,,Operador_01
29-ago-27,Operador_02,Completado,10157,TIN_000104,20104,40104,50104,Cliente_007,CLI007,Producto_006,Configuracion_001,30001,Desbacterizacion (Otros Y protocolos),4.0,5,5,SYS_001542,TAG_001542,18,MODE_A - Config demo,4.0,2,1,4.0,2.5,2.4,1.5,6:10:00 a.m.,7:08:00 a.m.,00:58:00,,Operador_01
29-ago-27,Operador_01,Completado,10157,TIN_000104,20104,40104,50104,Cliente_007,CLI007,Producto_006,Configuracion_001,30001,Desbacterizacion (Otros Y protocolos),4.0,6,6,SYS_001543,TAG_001543,18,MODE_A - Config demo,4.0,2,1,4.0,2.5,2.4,1.5,6:10:00 a.m.,7:08:00 a.m.,00:58:00,,Operador_05
29-ago-27,Operador_04,Completado,10158,TIN_000104,20104,40104,50104,Cliente_007,CLI007,Producto_006,Configuracion_001,30001,Desbacterizacion (Otros Y protocolos),4.0,7,1,SYS_001544,TAG_001544,18,MODE_B - Config demo,4.0,2,1,4.0,0.025,8.0,0.05,11:13:00 a.m.,12:09:00 p.m.,00:56:00,,Operador_04
29-ago-27,Operador_05,Completado,10158,TIN_000104,20104,40104,50104,Cliente_007,CLI007,Producto_006,Configuracion_001,30001,Desbacterizacion (Otros Y protocolos),4.0,8,2,SYS_001545,TAG_001545,18,MODE_B - Config demo,4.0,2,1,4.0,0.025,8.0,0.05,11:13:00 a.m.,12:09:00 p.m.,00:56:00,,Operador_05
29-ago-27,Operador_04,Completado,10158,TIN_000104,20104,40104,50104,Cliente_007,CLI007,Producto_006,Configuracion_001,30001,Desbacterizacion (Otros Y protocolos),4.0,9,3,SYS_001546,TAG_001546,18,MODE_B - Config demo,4.0,2,1,4.0,0.025,8.0,0.05,11:13:00 a.m.,12:09:00 p.m.,00:56:00,,Operador_02
29-ago-27,Operador_05,Completado,10158,TIN_000104,20104,40104,50104,Cliente_007,CLI007,Producto_006,Configuracion_001,30001,Desbacterizacion (Otros Y protocolos),4.0,10,4,SYS_001547,TAG_001547,18,MODE_B - Config demo,4.0,2,1,4.0,0.025,8.0,0.05,11:13:00 a.m.,12:09:00 p.m.,00:56:00,,Operador_04
29-ago-27,Operador_05,Completado,10158,TIN_000104,20104,40104,50104,Cliente_007,CLI007,Producto_006,Configuracion_001,30001,Desbacterizacion (Otros Y protocolos),4.0,11,5,SYS_001548,TAG_001548,18,MODE_B - Config demo,4.0,2,1,4.0,0.025,8.0,0.05,11:13:00 a.m.,12:09:00 p.m.,00:56:00,,Operador_04
29-ago-27,Operador_05,Completado,10158,TIN_000104,20104,40104,50104,Cliente_007,CLI007,Producto_006,Configuracion_001,30001,Desbacterizacion (Otros Y protocolos),4.0,12,6,SYS_001549,TAG_001549,18,MODE_B - Config demo,4.0,2,1,4.0,0.025,8.0,0.05,11:13:00 a.m.,12:09:00 p.m.,00:56:00,,Operador_03
29-ago-27,Operador_04,Completado,10159,TIN_000104,20104,40104,50104,Cliente_007,CLI007,Producto_006,Configuracion_001,30001,Desbacterizacion (Otros Y protocolos),4.0,13,1,SYS_001550,TAG_001550,18,MODE_A - Config demo,4.0,2,1,4.0,2.5,2.4,1.5,7:12:00 a.m.,8:06:00 a.m.,00:54:00,,Operador_01
29-ago-27,Operador_05,Completado,10159,TIN_000104,20104,40104,50104,Cliente_007,CLI007,Producto_006,Configuracion_001,30001,Desbacterizacion (Otros Y protocolos),4.0,14,2,SYS_001551,TAG_001551,18,MODE_A - Config demo,4.0,2,1,4.0,2.5,2.4,1.5,7:12:00 a.m.,8:06:00 a.m.,00:54:00,,Operador_02
29-ago-27,Operador_01,Completado,10159,TIN_000104,20104,40104,50104,Cliente_007,CLI007,Producto_006,Configuracion_001,30001,Desbacterizacion (Otros Y protocolos),4.0,15,3,SYS_001552,TAG_001552,18,MODE_A - Config demo,4.0,2,1,4.0,2.5,2.4,1.5,7:12:00 a.m.,8:06:00 a.m.,00:54:00,,Operador_01
29-ago-27,Operador_01,Completado,10159,TIN_000104,20104,40104,50104,Cliente_007,CLI007,Producto_006,Configuracion_001,30001,Desbacterizacion (Otros Y protocolos),4.0,16,4,SYS_001553,TAG_001553,18,MODE_A - Config demo,4.0,2,1,4.0,2.5,2.4,1.5,7:12:00 a.m.,8:06:00 a.m.,00:54:00,,Operador_05
29-ago-27,Operador_02,Completado,10159,TIN_000104,20104,40104,50104,Cliente_007,CLI007,Producto_006,Configuracion_001,30001,Desbacterizacion (Otros Y protocolos),4.0,17,5,SYS_001554,TAG_001554,18,MODE_A - Config demo,4.0,2,1,4.0,2.5,2.4,1.5,7:12:00 a.m.,8:06:00 a.m.,00:54:00,,Operador_04
29-ago-27,Operador_03,Completado,10159,TIN_000104,20104,40104,50104,Cliente_007,CLI007,Producto_006,Configuracion_001,30001,Desbacterizacion (Otros Y protocolos),4.0,18,6,SYS_001555,TAG_001555,18,MODE_A - Config demo,4.0,2,1,4.0,2.5,2.4,1.5,7:12:00 a.m.,8:06:00 a.m.,00:54:00,,Operador_05
09-ago-27,Operador_05,Completado,10160,TIN_000105,20105,40105,50105,Cliente_001,CLI001,Producto_013,Configuracion_002,30002,Fitosanitario 150 Gy,0.3,1,1,SYS_001556,TAG_001556,9,MODE_A - Config demo,0.3,2,1,0.3,2.5,2.4,20.0,6:52:00 p.m.,7:42:00 p.m.,00:50:00,,Operador_03
09-ago-27,Operador_02,Completado,10160,TIN_000105,20105,40105,50105,Cliente_001,CLI001,Producto_013,Configuracion_002,30002,Fitosanitario 150 Gy,0.3,2,2,SYS_001557,TAG_001557,9,MODE_A - Config demo,0.3,2,1,0.3,2.5,2.4,20.0,6:52:00 p.m.,7:42:00 p.m.,00:50:00,,Operador_01
09-ago-27,Operador_05,Completado,10160,TIN_000105,20105,40105,50105,Cliente_001,CLI001,Producto_013,Configuracion_002,30002,Fitosanitario 150 Gy,0.3,3,3,SYS_001558,TAG_001558,9,MODE_A - Config demo,0.3,2,1,0.3,2.5,2.4,20.0,6:52:00 p.m.,7:42:00 p.m.,00:50:00,,Operador_05
09-ago-27,Operador_05,Completado,10160,TIN_000105,20105,40105,50105,Cliente_001,CLI001,Producto_013,Configuracion_002,30002,Fitosanitario 150 Gy,0.3,4,4,SYS_001559,TAG_001559,9,MODE_A - Config demo,0.3,2,1,0.3,2.5,2.4,20.0,6:52:00 p.m.,7:42:00 p.m.,00:50:00,,Operador_01
09-ago-27,Operador_03,Completado,10160,TIN_000105,20105,40105,50105,Cliente_001,CLI001,Producto_013,Configuracion_002,30002,Fitosanitario 150 Gy,0.3,5,5,SYS_001560,TAG_001560,9,MODE_A - Config demo,0.3,2,1,0.3,2.5,2.4,20.0,6:52:00 p.m.,7:42:00 p.m.,00:50:00,,Operador_02
09-ago-27,Operador_03,Completado,10161,TIN_000105,20105,40105,50105,Cliente_001,CLI001,Producto_013,Configuracion_002,30002,Fitosanitario 150 Gy,0.3,6,1,SYS_001561,TAG_001561,9,MODE_B - Config demo,0.3,2,1,0.3,0.025,8.0,0.667,1:32:00 p.m.,2:13:00 p.m.,00:41:00,,Operador_02
09-ago-27,Operador_01,Completado,10161,TIN_000105,20105,40105,50105,Cliente_001,CLI001,Producto_013,Configuracion_002,30002,Fitosanitario 150 Gy,0.3,7,2,SYS_001562,TAG_001562,9,MODE_B - Config demo,0.3,2,1,0.3,0.025,8.0,0.667,1:32:00 p.m.,2:13:00 p.m.,00:41:00,,Operador_02
09-ago-27,Operador_01,Completado,10161,TIN_000105,20105,40105,50105,Cliente_001,CLI001,Producto_013,Configuracion_002,30002,Fitosanitario 150 Gy,0.3,8,3,SYS_001563,TAG_001563,9,MODE_B - Config demo,0.3,2,1,0.3,0.025,8.0,0.667,1:32:00 p.m.,2:13:00 p.m.,00:41:00,,Operador_04
09-ago-27,Operador_02,Completado,10161,TIN_000105,20105,40105,50105,Cliente_001,CLI001,Producto_013,Configuracion_002,30002,Fitosanitario 150 Gy,0.3,9,4,SYS_001564,TAG_001564,9,MODE_B - Config demo,0.3,2,1,0.3,0.025,8.0,0.667,1:32:00 p.m.,2:13:00 p.m.,00:41:00,,Operador_02
18-ago-27,Operador_04,Completado,10162,TIN_000106,20106,40106,50106,Cliente_013,CLI013,Producto_015,Configuracion_003,30003,Fitosanitario 150 Gy,0.22,1,1,SYS_001565,TAG_001565,15,MODE_A - Config demo,0.22,2,1,0.22,2.5,2.4,27.273,11:48:00 a.m.,1:05:00 p.m.,01:17:00,,Operador_04
18-ago-27,Operador_02,Completado,10162,TIN_000106,20106,40106,50106,Cliente_013,CLI013,Producto_015,Configuracion_003,30003,Fitosanitario 150 Gy,0.22,2,2,SYS_001566,TAG_001566,15,MODE_A - Config demo,0.22,2,1,0.22,2.5,2.4,27.273,11:48:00 a.m.,1:05:00 p.m.,01:17:00,,Operador_05
18-ago-27,Operador_05,Completado,10162,TIN_000106,20106,40106,50106,Cliente_013,CLI013,Producto_015,Configuracion_003,30003,Fitosanitario 150 Gy,0.22,3,3,SYS_001567,TAG_001567,15,MODE_A - Config demo,0.22,2,1,0.22,2.5,2.4,27.273,11:48:00 a.m.,1:05:00 p.m.,01:17:00,,Operador_05
18-ago-27,Operador_02,Completado,10162,TIN_000106,20106,40106,50106,Cliente_013,CLI013,Producto_015,Configuracion_003,30003,Fitosanitario 150 Gy,0.22,4,4,SYS_001568,TAG_001568,15,MODE_A - Config demo,0.22,2,1,0.22,2.5,2.4,27.273,11:48:00 a.m.,1:05:00 p.m.,01:17:00,,Operador_01
18-ago-27,Operador_05,Completado,10162,TIN_000106,20106,40106,50106,Cliente_013,CLI013,Producto_015,Configuracion_003,30003,Fitosanitario 150 Gy,0.22,5,5,SYS_001569,TAG_001569,15,MODE_A - Config demo,0.22,2,1,0.22,2.5,2.4,27.273,11:48:00 a.m.,1:05:00 p.m.,01:17:00,,Operador_01
18-ago-27,Operador_04,Completado,10162,TIN_000106,20106,40106,50106,Cliente_013,CLI013,Producto_015,Configuracion_003,30003,Fitosanitario 150 Gy,0.22,6,6,SYS_001570,TAG_001570,15,MODE_A - Config demo,0.22,2,1,0.22,2.5,2.4,27.273,11:48:00 a.m.,1:05:00 p.m.,01:17:00,,Operador_02
18-ago-27,Operador_04,Completado,10162,TIN_000106,20106,40106,50106,Cliente_013,CLI013,Producto_015,Configuracion_003,30003,Fitosanitario 150 Gy,0.22,7,7,SYS_001571,TAG_001571,15,MODE_A - Config demo,0.22,2,1,0.22,2.5,2.4,27.273,11:48:00 a.m.,1:05:00 p.m.,01:17:00,,Operador_03
18-ago-27,Operador_01,Completado,10162,TIN_000106,20106,40106,50106,Cliente_013,CLI013,Producto_015,Configuracion_003,30003,Fitosanitario 150 Gy,0.22,8,8,SYS_001572,TAG_001572,15,MODE_A - Config demo,0.22,2,1,0.22,2.5,2.4,27.273,11:48:00 a.m.,1:05:00 p.m.,01:17:00,,Operador_05
18-ago-27,Operador_05,Completado,10162,TIN_000106,20106,40106,50106,Cliente_013,CLI013,Producto_015,Configuracion_003,30003,Fitosanitario 150 Gy,0.22,9,9,SYS_001573,TAG_001573,15,MODE_A - Config demo,0.22,2,1,0.22,2.5,2.4,27.273,11:48:00 a.m.,1:05:00 p.m.,01:17:00,,Operador_02
18-ago-27,Operador_01,Completado,10162,TIN_000106,20106,40106,50106,Cliente_013,CLI013,Producto_015,Configuracion_003,30003,Fitosanitario 150 Gy,0.22,10,10,SYS_001574,TAG_001574,15,MODE_A - Config demo,0.22,2,1,0.22,2.5,2.4,27.273,11:48:00 a.m.,1:05:00 p.m.,01:17:00,,Operador_05
18-ago-27,Operador_03,Completado,10162,TIN_000106,20106,40106,50106,Cliente_013,CLI013,Producto_015,Configuracion_003,30003,Fitosanitario 150 Gy,0.22,11,11,SYS_001575,TAG_001575,15,MODE_A - Config demo,0.22,2,1,0.22,2.5,2.4,27.273,11:48:00 a.m.,1:05:00 p.m.,01:17:00,,Operador_04
18-ago-27,Operador_05,Completado,10162,TIN_000106,20106,40106,50106,Cliente_013,CLI013,Producto_015,Configuracion_003,30003,Fitosanitario 150 Gy,0.22,12,12,SYS_001576,TAG_001576,15,MODE_A - Config demo,0.22,2,1,0.22,2.5,2.4,27.273,11:48:00 a.m.,1:05:00 p.m.,01:17:00,,Operador_04
18-ago-27,Operador_03,Completado,10162,TIN_000106,20106,40106,50106,Cliente_013,CLI013,Producto_015,Configuracion_003,30003,Fitosanitario 150 Gy,0.22,13,1,SYS_001577,TAG_001577,15,MODE_A - Config demo,0.22,2,1,0.22,2.5,2.4,27.273,11:48:00 a.m.,1:05:00 p.m.,01:17:00,,Operador_04
18-ago-27,Operador_01,Completado,10162,TIN_000106,20106,40106,50106,Cliente_013,CLI013,Producto_015,Configuracion_003,30003,Fitosanitario 150 Gy,0.22,14,2,SYS_001578,TAG_001578,15,MODE_A - Config demo,0.22,2,1,0.22,2.5,2.4,27.273,11:48:00 a.m.,1:05:00 p.m.,01:17:00,,Operador_03
18-ago-27,Operador_04,Completado,10162,TIN_000106,20106,40106,50106,Cliente_013,CLI013,Producto_015,Configuracion_003,30003,Fitosanitario 150 Gy,0.22,15,3,SYS_001579,TAG_001579,15,MODE_A - Config demo,0.22,2,1,0.22,2.5,2.4,27.273,11:48:00 a.m.,1:05:00 p.m.,01:17:00,,Operador_04
16-ago-27,Operador_01,Completado,10163,TIN_000107,20107,40107,50107,Cliente_001,CLI001,Producto_015,Configuracion_004,30004,Desbacterizacion (Alimento mascotas),1.5,1,1,SYS_001580,TAG_001580,17,MODE_B - Config demo,1.5,2,1,1.5,0.025,8.0,0.133,9:52:00 a.m.,10:47:00 a.m.,00:55:00,Desviacion_demo_10163,Operador_01
16-ago-27,Operador_02,Completado,10163,TIN_000107,20107,40107,50107,Cliente_001,CLI001,Producto_015,Configuracion_004,30004,Desbacterizacion (Alimento mascotas),1.5,2,2,SYS_001581,TAG_001581,17,MODE_B - Config demo,1.5,2,1,1.5,0.025,8.0,0.133,9:52:00 a.m.,10:47:00 a.m.,00:55:00,Desviacion_demo_10163,Operador_05
16-ago-27,Operador_05,Completado,10163,TIN_000107,20107,40107,50107,Cliente_001,CLI001,Producto_015,Configuracion_004,30004,Desbacterizacion (Alimento mascotas),1.5,3,3,SYS_001582,TAG_001582,17,MODE_B - Config demo,1.5,2,1,1.5,0.025,8.0,0.133,9:52:00 a.m.,10:47:00 a.m.,00:55:00,Desviacion_demo_10163,Operador_04
16-ago-27,Operador_03,Completado,10163,TIN_000107,20107,40107,50107,Cliente_001,CLI001,Producto_015,Configuracion_004,30004,Desbacterizacion (Alimento mascotas),1.5,4,4,SYS_001583,TAG_001583,17,MODE_B - Config demo,1.5,2,1,1.5,0.025,8.0,0.133,9:52:00 a.m.,10:47:00 a.m.,00:55:00,Desviacion_demo_10163,Operador_04
16-ago-27,Operador_02,Completado,10163,TIN_000107,20107,40107,50107,Cliente_001,CLI001,Producto_015,Configuracion_004,30004,Desbacterizacion (Alimento mascotas),1.5,5,5,SYS_001584,TAG_001584,17,MODE_B - Config demo,1.5,2,1,1.5,0.025,8.0,0.133,9:52:00 a.m.,10:47:00 a.m.,00:55:00,Desviacion_demo_10163,Operador_05
16-ago-27,Operador_04,Completado,10163,TIN_000107,20107,40107,50107,Cliente_001,CLI001,Producto_015,Configuracion_004,30004,Desbacterizacion (Alimento mascotas),1.5,6,6,SYS_001585,TAG_001585,17,MODE_B - Config demo,1.5,2,1,1.5,0.025,8.0,0.133,9:52:00 a.m.,10:47:00 a.m.,00:55:00,Desviacion_demo_10163,Operador_03
16-ago-27,Operador_03,Completado,10163,TIN_000107,20107,40107,50107,Cliente_001,CLI001,Producto_015,Configuracion_004,30004,Desbacterizacion (Alimento mascotas),1.5,7,7,SYS_001586,TAG_001586,17,MODE_B - Config demo,1.5,2,1,1.5,0.025,8.0,0.133,9:52:00 a.m.,10:47:00 a.m.,00:55:00,Desviacion_demo_10163,Operador_04
16-ago-27,Operador_03,Completado,10163,TIN_000107,20107,40107,50107,Cliente_001,CLI001,Producto_015,Configuracion_004,30004,Desbacterizacion (Alimento mascotas),1.5,8,8,SYS_001587,TAG_001587,17,MODE_B - Config demo,1.5,2,1,1.5,0.025,8.0,0.133,9:52:00 a.m.,10:47:00 a.m.,00:55:00,Desviacion_demo_10163,Operador_04
16-ago-27,Operador_03,Completado,10163,TIN_000107,20107,40107,50107,Cliente_001,CLI001,Producto_015,Configuracion_004,30004,Desbacterizacion (Alimento mascotas),1.5,9,9,SYS_001588,TAG_001588,17,MODE_B - Config demo,1.5,2,1,1.5,0.025,8.0,0.133,9:52:00 a.m.,10:47:00 a.m.,00:55:00,Desviacion_demo_10163,Operador_02
16-ago-27,Operador_02,Completado,10164,TIN_000107,20107,40107,50107,Cliente_001,CLI001,Producto_015,Configuracion_004,30004,Desbacterizacion (Alimento mascotas),1.5,10,1,SYS_001589,TAG_001589,17,MODE_A - Config demo,1.5,2,1,1.5,2.5,2.4,4.0,6:04:00 a.m.,6:53:00 a.m.,00:49:00,,Operador_01
16-ago-27,Operador_04,Completado,10164,TIN_000107,20107,40107,50107,Cliente_001,CLI001,Producto_015,Configuracion_004,30004,Desbacterizacion (Alimento mascotas),1.5,11,2,SYS_001590,TAG_001590,17,MODE_A - Config demo,1.5,2,1,1.5,2.5,2.4,4.0,6:04:00 a.m.,6:53:00 a.m.,00:49:00,,Operador_02
16-ago-27,Operador_04,Completado,10164,TIN_000107,20107,40107,50107,Cliente_001,CLI001,Producto_015,Configuracion_004,30004,Desbacterizacion (Alimento mascotas),1.5,12,3,SYS_001591,TAG_001591,17,MODE_A - Config demo,1.5,2,1,1.5,2.5,2.4,4.0,6:04:00 a.m.,6:53:00 a.m.,00:49:00,,Operador_02
16-ago-27,Operador_04,Completado,10164,TIN_000107,20107,40107,50107,Cliente_001,CLI001,Producto_015,Configuracion_004,30004,Desbacterizacion (Alimento mascotas),1.5,13,4,SYS_001592,TAG_001592,17,MODE_A - Config demo,1.5,2,1,1.5,2.5,2.4,4.0,6:04:00 a.m.,6:53:00 a.m.,00:49:00,,Operador_04
16-ago-27,Operador_02,Completado,10164,TIN_000107,20107,40107,50107,Cliente_001,CLI001,Producto_015,Configuracion_004,30004,Desbacterizacion (Alimento mascotas),1.5,14,5,SYS_001593,TAG_001593,17,MODE_A - Config demo,1.5,2,1,1.5,2.5,2.4,4.0,6:04:00 a.m.,6:53:00 a.m.,00:49:00,,Operador_04
16-ago-27,Operador_05,Completado,10164,TIN_000107,20107,40107,50107,Cliente_001,CLI001,Producto_015,Configuracion_004,30004,Desbacterizacion (Alimento mascotas),1.5,15,6,SYS_001594,TAG_001594,17,MODE_A - Config demo,1.5,2,1,1.5,2.5,2.4,4.0,6:04:00 a.m.,6:53:00 a.m.,00:49:00,,Operador_05
16-ago-27,Operador_02,Completado,10164,TIN_000107,20107,40107,50107,Cliente_001,CLI001,Producto_015,Configuracion_004,30004,Desbacterizacion (Alimento mascotas),1.5,16,7,SYS_001595,TAG_001595,17,MODE_A - Config demo,1.5,2,1,1.5,2.5,2.4,4.0,6:04:00 a.m.,6:53:00 a.m.,00:49:00,,Operador_02
16-ago-27,Operador_02,Completado,10164,TIN_000107,20107,40107,50107,Cliente_001,CLI001,Producto_015,Configuracion_004,30004,Desbacterizacion (Alimento mascotas),1.5,17,8,SYS_001596,TAG_001596,17,MODE_A - Config demo,1.5,2,1,1.5,2.5,2.4,4.0,6:04:00 a.m.,6:53:00 a.m.,00:49:00,,Operador_01
01-ago-27,Operador_03,Completado,10165,TIN_000108,20108,40108,50108,Cliente_017,CLI017,Producto_002,Configuracion_005,30005,Desbacterizacion (Otros Y protocolos),4.0,1,1,SYS_001597,TAG_001597,6,MODE_B - Config demo,4.0,2,1,4.0,0.025,8.0,0.05,10:38:00 a.m.,11:22:00 a.m.,00:44:00,,Operador_01
01-ago-27,Operador_01,Completado,10165,TIN_000108,20108,40108,50108,Cliente_017,CLI017,Producto_002,Configuracion_005,30005,Desbacterizacion (Otros Y protocolos),4.0,2,2,SYS_001598,TAG_001598,6,MODE_B - Config demo,4.0,2,1,4.0,0.025,8.0,0.05,10:38:00 a.m.,11:22:00 a.m.,00:44:00,,Operador_04
01-ago-27,Operador_03,Completado,10166,TIN_000108,20108,40108,50108,Cliente_017,CLI017,Producto_002,Configuracion_005,30005,Desbacterizacion (Otros Y protocolos),4.0,3,1,SYS_001599,TAG_001599,6,MODE_B - Config demo,2.0,2,2,2.0,0.025,8.0,0.1,1:31:00 p.m.,2:18:00 p.m.,00:47:00,,Operador_03
01-ago-27,Operador_05,Completado,10166,TIN_000108,20108,40108,50108,Cliente_017,CLI017,Producto_002,Configuracion_005,30005,Desbacterizacion (Otros Y protocolos),4.0,4,2,SYS_001600,TAG_001600,6,MODE_B - Config demo,2.0,2,2,2.0,0.025,8.0,0.1,1:31:00 p.m.,2:18:00 p.m.,00:47:00,,Operador_05
01-ago-27,Operador_01,Completado,10167,TIN_000108,20108,40108,50108,Cliente_017,CLI017,Producto_002,Configuracion_005,30005,Desbacterizacion (Otros Y protocolos),4.0,5,1,SYS_001601,TAG_001601,6,MODE_B - Config demo,4.0,2,1,4.0,0.025,8.0,0.05,9:23:00 a.m.,10:02:00 a.m.,00:39:00,,Operador_04
01-ago-27,Operador_01,Completado,10167,TIN_000108,20108,40108,50108,Cliente_017,CLI017,Producto_002,Configuracion_005,30005,Desbacterizacion (Otros Y protocolos),4.0,6,2,SYS_001602,TAG_001602,6,MODE_B - Config demo,4.0,2,1,4.0,0.025,8.0,0.05,9:23:00 a.m.,10:02:00 a.m.,00:39:00,,Operador_05
07-ago-27,Operador_03,Completado,10168,TIN_000109,20109,40109,50109,Cliente_018,CLI018,Producto_007,Configuracion_006,30006,Fitosanitario 150 Gy,0.22,1,1,SYS_001603,TAG_001603,8,MODE_B - Config demo,0.22,2,1,0.22,0.025,8.0,0.909,11:26:00 a.m.,12:24:00 p.m.,00:58:00,,Operador_01
07-ago-27,Operador_05,Completado,10168,TIN_000109,20109,40109,50109,Cliente_018,CLI018,Producto_007,Configuracion_006,30006,Fitosanitario 150 Gy,0.22,2,2,SYS_001604,TAG_001604,8,MODE_B - Config demo,0.22,2,1,0.22,0.025,8.0,0.909,11:26:00 a.m.,12:24:00 p.m.,00:58:00,,Operador_02
07-ago-27,Operador_04,Completado,10168,TIN_000109,20109,40109,50109,Cliente_018,CLI018,Producto_007,Configuracion_006,30006,Fitosanitario 150 Gy,0.22,3,3,SYS_001605,TAG_001605,8,MODE_B - Config demo,0.22,2,1,0.22,0.025,8.0,0.909,11:26:00 a.m.,12:24:00 p.m.,00:58:00,,Operador_04
07-ago-27,Operador_01,Completado,10168,TIN_000109,20109,40109,50109,Cliente_018,CLI018,Producto_007,Configuracion_006,30006,Fitosanitario 150 Gy,0.22,4,4,SYS_001606,TAG_001606,8,MODE_B - Config demo,0.22,2,1,0.22,0.025,8.0,0.909,11:26:00 a.m.,12:24:00 p.m.,00:58:00,,Operador_04
07-ago-27,Operador_04,Completado,10168,TIN_000109,20109,40109,50109,Cliente_018,CLI018,Producto_007,Configuracion_006,30006,Fitosanitario 150 Gy,0.22,5,5,SYS_001607,TAG_001607,8,MODE_B - Config demo,0.22,2,1,0.22,0.025,8.0,0.909,11:26:00 a.m.,12:24:00 p.m.,00:58:00,,Operador_01
07-ago-27,Operador_03,Completado,10168,TIN_000109,20109,40109,50109,Cliente_018,CLI018,Producto_007,Configuracion_006,30006,Fitosanitario 150 Gy,0.22,6,6,SYS_001608,TAG_001608,8,MODE_B - Config demo,0.22,2,1,0.22,0.025,8.0,0.909,11:26:00 a.m.,12:24:00 p.m.,00:58:00,,Operador_01
07-ago-27,Operador_03,Completado,10168,TIN_000109,20109,40109,50109,Cliente_018,CLI018,Producto_007,Configuracion_006,30006,Fitosanitario 150 Gy,0.22,7,7,SYS_001609,TAG_001609,8,MODE_B - Config demo,0.22,2,1,0.22,0.025,8.0,0.909,11:26:00 a.m.,12:24:00 p.m.,00:58:00,,Operador_01
07-ago-27,Operador_02,Completado,10168,TIN_000109,20109,40109,50109,Cliente_018,CLI018,Producto_007,Configuracion_006,30006,Fitosanitario 150 Gy,0.22,8,8,SYS_001610,TAG_001610,8,MODE_B - Config demo,0.22,2,1,0.22,0.025,8.0,0.909,11:26:00 a.m.,12:24:00 p.m.,00:58:00,,Operador_05
05-ago-27,Operador_03,Completado,10169,TIN_000110,20110,40110,50110,Cliente_019,CLI019,Producto_005,Configuracion_007,30007,Desbacterizacion (Otros Y protocolos),4.0,1,1,SYS_001611,TAG_001611,15,MODE_B - Config demo,4.0,2,1,4.0,0.025,8.0,0.05,7:38:00 a.m.,8:24:00 a.m.,00:46:00,,Operador_02
05-ago-27,Operador_03,Completado,10169,TIN_000110,20110,40110,50110,Cliente_019,CLI019,Producto_005,Configuracion_007,30007,Desbacterizacion (Otros Y protocolos),4.0,2,2,SYS_001612,TAG_001612,15,MODE_B - Config demo,4.0,2,1,4.0,0.025,8.0,0.05,7:38:00 a.m.,8:24:00 a.m.,00:46:00,,Operador_04
05-ago-27,Operador_05,Completado,10169,TIN_000110,20110,40110,50110,Cliente_019,CLI019,Producto_005,Configuracion_007,30007,Desbacterizacion (Otros Y protocolos),4.0,3,3,SYS_001613,TAG_001613,15,MODE_B - Config demo,4.0,2,1,4.0,0.025,8.0,0.05,7:38:00 a.m.,8:24:00 a.m.,00:46:00,,Operador_03
05-ago-27,Operador_01,Completado,10169,TIN_000110,20110,40110,50110,Cliente_019,CLI019,Producto_005,Configuracion_007,30007,Desbacterizacion (Otros Y protocolos),4.0,4,4,SYS_001614,TAG_001614,15,MODE_B - Config demo,4.0,2,1,4.0,0.025,8.0,0.05,7:38:00 a.m.,8:24:00 a.m.,00:46:00,,Operador_03
05-ago-27,Operador_01,Completado,10169,TIN_000110,20110,40110,50110,Cliente_019,CLI019,Producto_005,Configuracion_007,30007,Desbacterizacion (Otros Y protocolos),4.0,5,5,SYS_001615,TAG_001615,15,MODE_B - Config demo,4.0,2,1,4.0,0.025,8.0,0.05,7:38:00 a.m.,8:24:00 a.m.,00:46:00,,Operador_04
05-ago-27,Operador_03,Completado,10170,TIN_000110,20110,40110,50110,Cliente_019,CLI019,Producto_005,Configuracion_007,30007,Desbacterizacion (Otros Y protocolos),4.0,6,1,SYS_001616,TAG_001616,15,MODE_B - Config demo,4.0,2,1,4.0,0.025,8.0,0.05,7:29:00 a.m.,8:12:00 a.m.,00:43:00,Desviacion_demo_10170,Operador_03
05-ago-27,Operador_01,Completado,10170,TIN_000110,20110,40110,50110,Cliente_019,CLI019,Producto_005,Configuracion_007,30007,Desbacterizacion (Otros Y protocolos),4.0,7,2,SYS_001617,TAG_001617,15,MODE_B - Config demo,4.0,2,1,4.0,0.025,8.0,0.05,7:29:00 a.m.,8:12:00 a.m.,00:43:00,Desviacion_demo_10170,Operador_04
05-ago-27,Operador_05,Completado,10170,TIN_000110,20110,40110,50110,Cliente_019,CLI019,Producto_005,Configuracion_007,30007,Desbacterizacion (Otros Y protocolos),4.0,8,3,SYS_001618,TAG_001618,15,MODE_B - Config demo,4.0,2,1,4.0,0.025,8.0,0.05,7:29:00 a.m.,8:12:00 a.m.,00:43:00,Desviacion_demo_10170,Operador_03
05-ago-27,Operador_03,Completado,10170,TIN_000110,20110,40110,50110,Cliente_019,CLI019,Producto_005,Configuracion_007,30007,Desbacterizacion (Otros Y protocolos),4.0,9,4,SYS_001619,TAG_001619,15,MODE_B - Config demo,4.0,2,1,4.0,0.025,8.0,0.05,7:29:00 a.m.,8:12:00 a.m.,00:43:00,Desviacion_demo_10170,Operador_02
05-ago-27,Operador_02,Completado,10170,TIN_000110,20110,40110,50110,Cliente_019,CLI019,Producto_005,Configuracion_007,30007,Desbacterizacion (Otros Y protocolos),4.0,10,5,SYS_001620,TAG_001620,15,MODE_B - Config demo,4.0,2,1,4.0,0.025,8.0,0.05,7:29:00 a.m.,8:12:00 a.m.,00:43:00,Desviacion_demo_10170,Operador_01
05-ago-27,Operador_02,Completado,10171,TIN_000110,20110,40110,50110,Cliente_019,CLI019,Producto_005,Configuracion_007,30007,Desbacterizacion (Otros Y protocolos),4.0,11,1,SYS_001621,TAG_001621,15,MODE_B - Config demo,4.0,2,1,4.0,0.025,8.0,0.05,6:19:00 a.m.,7:10:00 a.m.,00:51:00,,Operador_05
05-ago-27,Operador_01,Completado,10171,TIN_000110,20110,40110,50110,Cliente_019,CLI019,Producto_005,Configuracion_007,30007,Desbacterizacion (Otros Y protocolos),4.0,12,2,SYS_001622,TAG_001622,15,MODE_B - Config demo,4.0,2,1,4.0,0.025,8.0,0.05,6:19:00 a.m.,7:10:00 a.m.,00:51:00,,Operador_01
05-ago-27,Operador_02,Completado,10171,TIN_000110,20110,40110,50110,Cliente_019,CLI019,Producto_005,Configuracion_007,30007,Desbacterizacion (Otros Y protocolos),4.0,13,3,SYS_001623,TAG_001623,15,MODE_B - Config demo,4.0,2,1,4.0,0.025,8.0,0.05,6:19:00 a.m.,7:10:00 a.m.,00:51:00,,Operador_05
05-ago-27,Operador_05,Completado,10171,TIN_000110,20110,40110,50110,Cliente_019,CLI019,Producto_005,Configuracion_007,30007,Desbacterizacion (Otros Y protocolos),4.0,14,4,SYS_001624,TAG_001624,15,MODE_B - Config demo,4.0,2,1,4.0,0.025,8.0,0.05,6:19:00 a.m.,7:10:00 a.m.,00:51:00,,Operador_04
05-ago-27,Operador_04,Completado,10171,TIN_000110,20110,40110,50110,Cliente_019,CLI019,Producto_005,Configuracion_007,30007,Desbacterizacion (Otros Y protocolos),4.0,15,5,SYS_001625,TAG_001625,15,MODE_B - Config demo,4.0,2,1,4.0,0.025,8.0,0.05,6:19:00 a.m.,7:10:00 a.m.,00:51:00,,Operador_04
03-ago-27,Operador_05,Completado,10172,TIN_000111,20111,40111,50111,Cliente_004,CLI004,Producto_010,Configuracion_008,30008,Desbacterizacion (Chiles secos),4.0,1,1,SYS_001626,TAG_001626,12,MODE_A - Config demo,4.0,2,1,4.0,2.5,2.4,1.5,6:51:00 p.m.,8:03:00 p.m.,01:12:00,,Operador_04
03-ago-27,Operador_03,Completado,10172,TIN_000111,20111,40111,50111,Cliente_004,CLI004,Producto_010,Configuracion_008,30008,Desbacterizacion (Chiles secos),4.0,2,2,SYS_001627,TAG_001627,12,MODE_A - Config demo,4.0,2,1,4.0,2.5,2.4,1.5,6:51:00 p.m.,8:03:00 p.m.,01:12:00,,Operador_01
03-ago-27,Operador_05,Completado,10172,TIN_000111,20111,40111,50111,Cliente_004,CLI004,Producto_010,Configuracion_008,30008,Desbacterizacion (Chiles secos),4.0,3,3,SYS_001628,TAG_001628,12,MODE_A - Config demo,4.0,2,1,4.0,2.5,2.4,1.5,6:51:00 p.m.,8:03:00 p.m.,01:12:00,,Operador_01
03-ago-27,Operador_04,Completado,10172,TIN_000111,20111,40111,50111,Cliente_004,CLI004,Producto_010,Configuracion_008,30008,Desbacterizacion (Chiles secos),4.0,4,4,SYS_001629,TAG_001629,12,MODE_A - Config demo,4.0,2,1,4.0,2.5,2.4,1.5,6:51:00 p.m.,8:03:00 p.m.,01:12:00,,Operador_02
03-ago-27,Operador_04,Completado,10172,TIN_000111,20111,40111,50111,Cliente_004,CLI004,Producto_010,Configuracion_008,30008,Desbacterizacion (Chiles secos),4.0,5,5,SYS_001630,TAG_001630,12,MODE_A - Config demo,4.0,2,1,4.0,2.5,2.4,1.5,6:51:00 p.m.,8:03:00 p.m.,01:12:00,,Operador_01
03-ago-27,Operador_05,Completado,10172,TIN_000111,20111,40111,50111,Cliente_004,CLI004,Producto_010,Configuracion_008,30008,Desbacterizacion (Chiles secos),4.0,6,6,SYS_001631,TAG_001631,12,MODE_A - Config demo,4.0,2,1,4.0,2.5,2.4,1.5,6:51:00 p.m.,8:03:00 p.m.,01:12:00,,Operador_03
03-ago-27,Operador_03,Completado,10172,TIN_000111,20111,40111,50111,Cliente_004,CLI004,Producto_010,Configuracion_008,30008,Desbacterizacion (Chiles secos),4.0,7,7,SYS_001632,TAG_001632,12,MODE_A - Config demo,4.0,2,1,4.0,2.5,2.4,1.5,6:51:00 p.m.,8:03:00 p.m.,01:12:00,,Operador_05
03-ago-27,Operador_01,Completado,10172,TIN_000111,20111,40111,50111,Cliente_004,CLI004,Producto_010,Configuracion_008,30008,Desbacterizacion (Chiles secos),4.0,8,8,SYS_001633,TAG_001633,12,MODE_A - Config demo,4.0,2,1,4.0,2.5,2.4,1.5,6:51:00 p.m.,8:03:00 p.m.,01:12:00,,Operador_04
03-ago-27,Operador_03,Completado,10172,TIN_000111,20111,40111,50111,Cliente_004,CLI004,Producto_010,Configuracion_008,30008,Desbacterizacion (Chiles secos),4.0,9,9,SYS_001634,TAG_001634,12,MODE_A - Config demo,4.0,2,1,4.0,2.5,2.4,1.5,6:51:00 p.m.,8:03:00 p.m.,01:12:00,,Operador_04
03-ago-27,Operador_04,Completado,10172,TIN_000111,20111,40111,50111,Cliente_004,CLI004,Producto_010,Configuracion_008,30008,Desbacterizacion (Chiles secos),4.0,10,10,SYS_001635,TAG_001635,12,MODE_A - Config demo,4.0,2,1,4.0,2.5,2.4,1.5,6:51:00 p.m.,8:03:00 p.m.,01:12:00,,Operador_05
03-ago-27,Operador_02,Completado,10172,TIN_000111,20111,40111,50111,Cliente_004,CLI004,Producto_010,Configuracion_008,30008,Desbacterizacion (Chiles secos),4.0,11,11,SYS_001636,TAG_001636,12,MODE_A - Config demo,4.0,2,1,4.0,2.5,2.4,1.5,6:51:00 p.m.,8:03:00 p.m.,01:12:00,,Operador_02
03-ago-27,Operador_04,Completado,10172,TIN_000111,20111,40111,50111,Cliente_004,CLI004,Producto_010,Configuracion_008,30008,Desbacterizacion (Chiles secos),4.0,12,12,SYS_001637,TAG_001637,12,MODE_A - Config demo,4.0,2,1,4.0,2.5,2.4,1.5,6:51:00 p.m.,8:03:00 p.m.,01:12:00,,Operador_03
22-ago-27,Operador_04,Completado,10173,TIN_000112,20112,40112,50112,Cliente_008,CLI008,Producto_014,Configuracion_001,30001,Desbacterizacion (Alimento mascotas),1.5,1,1,SYS_001638,TAG_001638,11,MODE_B - Config demo,0.75,2,2,0.75,0.025,8.0,0.267,3:21:00 p.m.,4:12:00 p.m.,00:51:00,,Operador_02
22-ago-27,Operador_05,Completado,10173,TIN_000112,20112,40112,50112,Cliente_008,CLI008,Producto_014,Configuracion_001,30001,Desbacterizacion (Alimento mascotas),1.5,2,2,SYS_001639,TAG_001639,11,MODE_B - Config demo,0.75,2,2,0.75,0.025,8.0,0.267,3:21:00 p.m.,4:12:00 p.m.,00:51:00,,Operador_03
22-ago-27,Operador_04,Completado,10173,TIN_000112,20112,40112,50112,Cliente_008,CLI008,Producto_014,Configuracion_001,30001,Desbacterizacion (Alimento mascotas),1.5,3,3,SYS_001640,TAG_001640,11,MODE_B - Config demo,0.75,2,2,0.75,0.025,8.0,0.267,3:21:00 p.m.,4:12:00 p.m.,00:51:00,,Operador_03
22-ago-27,Operador_01,Completado,10173,TIN_000112,20112,40112,50112,Cliente_008,CLI008,Producto_014,Configuracion_001,30001,Desbacterizacion (Alimento mascotas),1.5,4,4,SYS_001641,TAG_001641,11,MODE_B - Config demo,0.75,2,2,0.75,0.025,8.0,0.267,3:21:00 p.m.,4:12:00 p.m.,00:51:00,,Operador_04
22-ago-27,Operador_04,Completado,10173,TIN_000112,20112,40112,50112,Cliente_008,CLI008,Producto_014,Configuracion_001,30001,Desbacterizacion (Alimento mascotas),1.5,5,5,SYS_001642,TAG_001642,11,MODE_B - Config demo,0.75,2,2,0.75,0.025,8.0,0.267,3:21:00 p.m.,4:12:00 p.m.,00:51:00,,Operador_01
22-ago-27,Operador_05,Completado,10173,TIN_000112,20112,40112,50112,Cliente_008,CLI008,Producto_014,Configuracion_001,30001,Desbacterizacion (Alimento mascotas),1.5,6,6,SYS_001643,TAG_001643,11,MODE_B - Config demo,0.75,2,2,0.75,0.025,8.0,0.267,3:21:00 p.m.,4:12:00 p.m.,00:51:00,,Operador_01
22-ago-27,Operador_03,Completado,10174,TIN_000112,20112,40112,50112,Cliente_008,CLI008,Producto_014,Configuracion_001,30001,Desbacterizacion (Alimento mascotas),1.5,7,1,SYS_001644,TAG_001644,11,MODE_B - Config demo,1.5,2,1,1.5,0.025,8.0,0.133,4:25:00 p.m.,5:15:00 p.m.,00:50:00,,Operador_03
22-ago-27,Operador_05,Completado,10174,TIN_000112,20112,40112,50112,Cliente_008,CLI008,Producto_014,Configuracion_001,30001,Desbacterizacion (Alimento mascotas),1.5,8,2,SYS_001645,TAG_001645,11,MODE_B - Config demo,1.5,2,1,1.5,0.025,8.0,0.133,4:25:00 p.m.,5:15:00 p.m.,00:50:00,,Operador_03
22-ago-27,Operador_02,Completado,10174,TIN_000112,20112,40112,50112,Cliente_008,CLI008,Producto_014,Configuracion_001,30001,Desbacterizacion (Alimento mascotas),1.5,9,3,SYS_001646,TAG_001646,11,MODE_B - Config demo,1.5,2,1,1.5,0.025,8.0,0.133,4:25:00 p.m.,5:15:00 p.m.,00:50:00,,Operador_02
22-ago-27,Operador_03,Completado,10174,TIN_000112,20112,40112,50112,Cliente_008,CLI008,Producto_014,Configuracion_001,30001,Desbacterizacion (Alimento mascotas),1.5,10,4,SYS_001647,TAG_001647,11,MODE_B - Config demo,1.5,2,1,1.5,0.025,8.0,0.133,4:25:00 p.m.,5:15:00 p.m.,00:50:00,,Operador_04
22-ago-27,Operador_05,Completado,10174,TIN_000112,20112,40112,50112,Cliente_008,CLI008,Producto_014,Configuracion_001,30001,Desbacterizacion (Alimento mascotas),1.5,11,5,SYS_001648,TAG_001648,11,MODE_B - Config demo,1.5,2,1,1.5,0.025,8.0,0.133,4:25:00 p.m.,5:15:00 p.m.,00:50:00,,Operador_03
05-ago-27,Operador_04,Completado,10175,TIN_000113,20113,40113,50113,Cliente_016,CLI016,Producto_012,Configuracion_002,30002,Desbacterizacion (Otros Y protocolos),3.0,1,1,SYS_001649,TAG_001649,6,MODE_B - Config demo,1.5,2,2,1.5,0.025,8.0,0.133,7:52:00 p.m.,8:41:00 p.m.,00:49:00,,Operador_01
05-ago-27,Operador_01,Completado,10175,TIN_000113,20113,40113,50113,Cliente_016,CLI016,Producto_012,Configuracion_002,30002,Desbacterizacion (Otros Y protocolos),3.0,2,2,SYS_001650,TAG_001650,6,MODE_B - Config demo,1.5,2,2,1.5,0.025,8.0,0.133,7:52:00 p.m.,8:41:00 p.m.,00:49:00,,Operador_02
05-ago-27,Operador_05,Completado,10175,TIN_000113,20113,40113,50113,Cliente_016,CLI016,Producto_012,Configuracion_002,30002,Desbacterizacion (Otros Y protocolos),3.0,3,3,SYS_001651,TAG_001651,6,MODE_B - Config demo,1.5,2,2,1.5,0.025,8.0,0.133,7:52:00 p.m.,8:41:00 p.m.,00:49:00,,Operador_02
05-ago-27,Operador_05,Completado,10176,TIN_000113,20113,40113,50113,Cliente_016,CLI016,Producto_012,Configuracion_002,30002,Desbacterizacion (Otros Y protocolos),3.0,4,1,SYS_001652,TAG_001652,6,MODE_B - Config demo,1.5,2,2,1.5,0.025,8.0,0.133,6:10:00 a.m.,6:44:00 a.m.,00:34:00,,Operador_05
05-ago-27,Operador_04,Completado,10176,TIN_000113,20113,40113,50113,Cliente_016,CLI016,Producto_012,Configuracion_002,30002,Desbacterizacion (Otros Y protocolos),3.0,5,2,SYS_001653,TAG_001653,6,MODE_B - Config demo,1.5,2,2,1.5,0.025,8.0,0.133,6:10:00 a.m.,6:44:00 a.m.,00:34:00,,Operador_05
05-ago-27,Operador_05,Completado,10176,TIN_000113,20113,40113,50113,Cliente_016,CLI016,Producto_012,Configuracion_002,30002,Desbacterizacion (Otros Y protocolos),3.0,6,3,SYS_001654,TAG_001654,6,MODE_B - Config demo,1.5,2,2,1.5,0.025,8.0,0.133,6:10:00 a.m.,6:44:00 a.m.,00:34:00,,Operador_03
11-ago-27,Operador_04,Completado,10177,TIN_000114,20114,40114,50114,Cliente_014,CLI014,Producto_008,Configuracion_003,30003,Desbacterizacion (Chiles secos),1.5,1,1,SYS_001655,TAG_001655,23,MODE_A - Config demo,0.75,2,2,0.75,2.5,2.4,8.0,6:57:00 p.m.,7:58:00 p.m.,01:01:00,,Operador_03
11-ago-27,Operador_05,Completado,10177,TIN_000114,20114,40114,50114,Cliente_014,CLI014,Producto_008,Configuracion_003,30003,Desbacterizacion (Chiles secos),1.5,2,2,SYS_001656,TAG_001656,23,MODE_A - Config demo,0.75,2,2,0.75,2.5,2.4,8.0,6:57:00 p.m.,7:58:00 p.m.,01:01:00,,Operador_05
11-ago-27,Operador_04,Completado,10177,TIN_000114,20114,40114,50114,Cliente_014,CLI014,Producto_008,Configuracion_003,30003,Desbacterizacion (Chiles secos),1.5,3,3,SYS_001657,TAG_001657,23,MODE_A - Config demo,0.75,2,2,0.75,2.5,2.4,8.0,6:57:00 p.m.,7:58:00 p.m.,01:01:00,,Operador_04
11-ago-27,Operador_01,Completado,10177,TIN_000114,20114,40114,50114,Cliente_014,CLI014,Producto_008,Configuracion_003,30003,Desbacterizacion (Chiles secos),1.5,4,4,SYS_001658,TAG_001658,23,MODE_A - Config demo,0.75,2,2,0.75,2.5,2.4,8.0,6:57:00 p.m.,7:58:00 p.m.,01:01:00,,Operador_01
11-ago-27,Operador_05,Completado,10177,TIN_000114,20114,40114,50114,Cliente_014,CLI014,Producto_008,Configuracion_003,30003,Desbacterizacion (Chiles secos),1.5,5,5,SYS_001659,TAG_001659,23,MODE_A - Config demo,0.75,2,2,0.75,2.5,2.4,8.0,6:57:00 p.m.,7:58:00 p.m.,01:01:00,,Operador_01
11-ago-27,Operador_04,Completado,10177,TIN_000114,20114,40114,50114,Cliente_014,CLI014,Producto_008,Configuracion_003,30003,Desbacterizacion (Chiles secos),1.5,6,6,SYS_001660,TAG_001660,23,MODE_A - Config demo,0.75,2,2,0.75,2.5,2.4,8.0,6:57:00 p.m.,7:58:00 p.m.,01:01:00,,Operador_03
11-ago-27,Operador_04,Completado,10177,TIN_000114,20114,40114,50114,Cliente_014,CLI014,Producto_008,Configuracion_003,30003,Desbacterizacion (Chiles secos),1.5,7,7,SYS_001661,TAG_001661,23,MODE_A - Config demo,0.75,2,2,0.75,2.5,2.4,8.0,6:57:00 p.m.,7:58:00 p.m.,01:01:00,,Operador_05
11-ago-27,Operador_03,Completado,10177,TIN_000114,20114,40114,50114,Cliente_014,CLI014,Producto_008,Configuracion_003,30003,Desbacterizacion (Chiles secos),1.5,8,8,SYS_001662,TAG_001662,23,MODE_A - Config demo,0.75,2,2,0.75,2.5,2.4,8.0,6:57:00 p.m.,7:58:00 p.m.,01:01:00,,Operador_03
11-ago-27,Operador_01,Completado,10177,TIN_000114,20114,40114,50114,Cliente_014,CLI014,Producto_008,Configuracion_003,30003,Desbacterizacion (Chiles secos),1.5,9,9,SYS_001663,TAG_001663,23,MODE_A - Config demo,0.75,2,2,0.75,2.5,2.4,8.0,6:57:00 p.m.,7:58:00 p.m.,01:01:00,,Operador_02
11-ago-27,Operador_02,Completado,10177,TIN_000114,20114,40114,50114,Cliente_014,CLI014,Producto_008,Configuracion_003,30003,Desbacterizacion (Chiles secos),1.5,10,10,SYS_001664,TAG_001664,23,MODE_A - Config demo,0.75,2,2,0.75,2.5,2.4,8.0,6:57:00 p.m.,7:58:00 p.m.,01:01:00,,Operador_05
11-ago-27,Operador_02,Completado,10177,TIN_000114,20114,40114,50114,Cliente_014,CLI014,Producto_008,Configuracion_003,30003,Desbacterizacion (Chiles secos),1.5,11,11,SYS_001665,TAG_001665,23,MODE_A - Config demo,0.75,2,2,0.75,2.5,2.4,8.0,6:57:00 p.m.,7:58:00 p.m.,01:01:00,,Operador_02
11-ago-27,Operador_03,Completado,10177,TIN_000114,20114,40114,50114,Cliente_014,CLI014,Producto_008,Configuracion_003,30003,Desbacterizacion (Chiles secos),1.5,12,12,SYS_001666,TAG_001666,23,MODE_A - Config demo,0.75,2,2,0.75,2.5,2.4,8.0,6:57:00 p.m.,7:58:00 p.m.,01:01:00,,Operador_03
11-ago-27,Operador_02,Completado,10178,TIN_000114,20114,40114,50114,Cliente_014,CLI014,Producto_008,Configuracion_003,30003,Desbacterizacion (Chiles secos),1.5,13,1,SYS_001667,TAG_001667,23,MODE_A - Config demo,0.75,2,2,0.75,2.5,2.4,8.0,12:36:00 p.m.,1:41:00 p.m.,01:05:00,,Operador_04
11-ago-27,Operador_04,Completado,10178,TIN_000114,20114,40114,50114,Cliente_014,CLI014,Producto_008,Configuracion_003,30003,Desbacterizacion (Chiles secos),1.5,14,2,SYS_001668,TAG_001668,23,MODE_A - Config demo,0.75,2,2,0.75,2.5,2.4,8.0,12:36:00 p.m.,1:41:00 p.m.,01:05:00,,Operador_04
11-ago-27,Operador_04,Completado,10178,TIN_000114,20114,40114,50114,Cliente_014,CLI014,Producto_008,Configuracion_003,30003,Desbacterizacion (Chiles secos),1.5,15,3,SYS_001669,TAG_001669,23,MODE_A - Config demo,0.75,2,2,0.75,2.5,2.4,8.0,12:36:00 p.m.,1:41:00 p.m.,01:05:00,,Operador_02
11-ago-27,Operador_04,Completado,10178,TIN_000114,20114,40114,50114,Cliente_014,CLI014,Producto_008,Configuracion_003,30003,Desbacterizacion (Chiles secos),1.5,16,4,SYS_001670,TAG_001670,23,MODE_A - Config demo,0.75,2,2,0.75,2.5,2.4,8.0,12:36:00 p.m.,1:41:00 p.m.,01:05:00,,Operador_02
11-ago-27,Operador_01,Completado,10178,TIN_000114,20114,40114,50114,Cliente_014,CLI014,Producto_008,Configuracion_003,30003,Desbacterizacion (Chiles secos),1.5,17,5,SYS_001671,TAG_001671,23,MODE_A - Config demo,0.75,2,2,0.75,2.5,2.4,8.0,12:36:00 p.m.,1:41:00 p.m.,01:05:00,,Operador_02
11-ago-27,Operador_04,Completado,10178,TIN_000114,20114,40114,50114,Cliente_014,CLI014,Producto_008,Configuracion_003,30003,Desbacterizacion (Chiles secos),1.5,18,6,SYS_001672,TAG_001672,23,MODE_A - Config demo,0.75,2,2,0.75,2.5,2.4,8.0,12:36:00 p.m.,1:41:00 p.m.,01:05:00,,Operador_04
11-ago-27,Operador_04,Completado,10178,TIN_000114,20114,40114,50114,Cliente_014,CLI014,Producto_008,Configuracion_003,30003,Desbacterizacion (Chiles secos),1.5,19,7,SYS_001673,TAG_001673,23,MODE_A - Config demo,0.75,2,2,0.75,2.5,2.4,8.0,12:36:00 p.m.,1:41:00 p.m.,01:05:00,,Operador_04
11-ago-27,Operador_02,Completado,10178,TIN_000114,20114,40114,50114,Cliente_014,CLI014,Producto_008,Configuracion_003,30003,Desbacterizacion (Chiles secos),1.5,20,8,SYS_001674,TAG_001674,23,MODE_A - Config demo,0.75,2,2,0.75,2.5,2.4,8.0,12:36:00 p.m.,1:41:00 p.m.,01:05:00,,Operador_04
11-ago-27,Operador_03,Completado,10178,TIN_000114,20114,40114,50114,Cliente_014,CLI014,Producto_008,Configuracion_003,30003,Desbacterizacion (Chiles secos),1.5,21,9,SYS_001675,TAG_001675,23,MODE_A - Config demo,0.75,2,2,0.75,2.5,2.4,8.0,12:36:00 p.m.,1:41:00 p.m.,01:05:00,,Operador_05
11-ago-27,Operador_01,Completado,10178,TIN_000114,20114,40114,50114,Cliente_014,CLI014,Producto_008,Configuracion_003,30003,Desbacterizacion (Chiles secos),1.5,22,10,SYS_001676,TAG_001676,23,MODE_A - Config demo,0.75,2,2,0.75,2.5,2.4,8.0,12:36:00 p.m.,1:41:00 p.m.,01:05:00,,Operador_04
11-ago-27,Operador_04,Completado,10178,TIN_000114,20114,40114,50114,Cliente_014,CLI014,Producto_008,Configuracion_003,30003,Desbacterizacion (Chiles secos),1.5,23,11,SYS_001677,TAG_001677,23,MODE_A - Config demo,0.75,2,2,0.75,2.5,2.4,8.0,12:36:00 p.m.,1:41:00 p.m.,01:05:00,,Operador_03
04-ago-27,Operador_01,Completado,10179,TIN_000115,20115,40115,50115,Cliente_006,CLI006,Producto_011,Configuracion_004,30004,Fitosanitario 150 Gy,0.28,1,1,SYS_001678,TAG_001678,13,MODE_B - Config demo,0.28,2,1,0.28,0.025,8.0,0.714,12:00:00 p.m.,1:16:00 p.m.,01:16:00,,Operador_05
04-ago-27,Operador_03,Completado,10179,TIN_000115,20115,40115,50115,Cliente_006,CLI006,Producto_011,Configuracion_004,30004,Fitosanitario 150 Gy,0.28,2,2,SYS_001679,TAG_001679,13,MODE_B - Config demo,0.28,2,1,0.28,0.025,8.0,0.714,12:00:00 p.m.,1:16:00 p.m.,01:16:00,,Operador_03
04-ago-27,Operador_02,Completado,10179,TIN_000115,20115,40115,50115,Cliente_006,CLI006,Producto_011,Configuracion_004,30004,Fitosanitario 150 Gy,0.28,3,3,SYS_001680,TAG_001680,13,MODE_B - Config demo,0.28,2,1,0.28,0.025,8.0,0.714,12:00:00 p.m.,1:16:00 p.m.,01:16:00,,Operador_01
04-ago-27,Operador_02,Completado,10179,TIN_000115,20115,40115,50115,Cliente_006,CLI006,Producto_011,Configuracion_004,30004,Fitosanitario 150 Gy,0.28,4,4,SYS_001681,TAG_001681,13,MODE_B - Config demo,0.28,2,1,0.28,0.025,8.0,0.714,12:00:00 p.m.,1:16:00 p.m.,01:16:00,,Operador_02
04-ago-27,Operador_03,Completado,10179,TIN_000115,20115,40115,50115,Cliente_006,CLI006,Producto_011,Configuracion_004,30004,Fitosanitario 150 Gy,0.28,5,5,SYS_001682,TAG_001682,13,MODE_B - Config demo,0.28,2,1,0.28,0.025,8.0,0.714,12:00:00 p.m.,1:16:00 p.m.,01:16:00,,Operador_01
04-ago-27,Operador_05,Completado,10179,TIN_000115,20115,40115,50115,Cliente_006,CLI006,Producto_011,Configuracion_004,30004,Fitosanitario 150 Gy,0.28,6,6,SYS_001683,TAG_001683,13,MODE_B - Config demo,0.28,2,1,0.28,0.025,8.0,0.714,12:00:00 p.m.,1:16:00 p.m.,01:16:00,,Operador_01
04-ago-27,Operador_02,Completado,10179,TIN_000115,20115,40115,50115,Cliente_006,CLI006,Producto_011,Configuracion_004,30004,Fitosanitario 150 Gy,0.28,7,7,SYS_001684,TAG_001684,13,MODE_B - Config demo,0.28,2,1,0.28,0.025,8.0,0.714,12:00:00 p.m.,1:16:00 p.m.,01:16:00,,Operador_02
04-ago-27,Operador_05,Completado,10179,TIN_000115,20115,40115,50115,Cliente_006,CLI006,Producto_011,Configuracion_004,30004,Fitosanitario 150 Gy,0.28,8,8,SYS_001685,TAG_001685,13,MODE_B - Config demo,0.28,2,1,0.28,0.025,8.0,0.714,12:00:00 p.m.,1:16:00 p.m.,01:16:00,,Operador_04
04-ago-27,Operador_05,Completado,10179,TIN_000115,20115,40115,50115,Cliente_006,CLI006,Producto_011,Configuracion_004,30004,Fitosanitario 150 Gy,0.28,9,9,SYS_001686,TAG_001686,13,MODE_B - Config demo,0.28,2,1,0.28,0.025,8.0,0.714,12:00:00 p.m.,1:16:00 p.m.,01:16:00,,Operador_05
04-ago-27,Operador_04,Completado,10179,TIN_000115,20115,40115,50115,Cliente_006,CLI006,Producto_011,Configuracion_004,30004,Fitosanitario 150 Gy,0.28,10,10,SYS_001687,TAG_001687,13,MODE_B - Config demo,0.28,2,1,0.28,0.025,8.0,0.714,12:00:00 p.m.,1:16:00 p.m.,01:16:00,,Operador_01
04-ago-27,Operador_03,Completado,10179,TIN_000115,20115,40115,50115,Cliente_006,CLI006,Producto_011,Configuracion_004,30004,Fitosanitario 150 Gy,0.28,11,11,SYS_001688,TAG_001688,13,MODE_B - Config demo,0.28,2,1,0.28,0.025,8.0,0.714,12:00:00 p.m.,1:16:00 p.m.,01:16:00,,Operador_03
04-ago-27,Operador_02,Completado,10179,TIN_000115,20115,40115,50115,Cliente_006,CLI006,Producto_011,Configuracion_004,30004,Fitosanitario 150 Gy,0.28,12,12,SYS_001689,TAG_001689,13,MODE_B - Config demo,0.28,2,1,0.28,0.025,8.0,0.714,12:00:00 p.m.,1:16:00 p.m.,01:16:00,,Operador_01
04-ago-27,Operador_01,Completado,10179,TIN_000115,20115,40115,50115,Cliente_006,CLI006,Producto_011,Configuracion_004,30004,Fitosanitario 150 Gy,0.28,13,1,SYS_001690,TAG_001690,13,MODE_B - Config demo,0.28,2,1,0.28,0.025,8.0,0.714,12:00:00 p.m.,1:16:00 p.m.,01:16:00,,Operador_02
16-ago-27,Operador_01,Completado,10180,TIN_000116,20116,40116,50116,Cliente_001,CLI001,Producto_001,Configuracion_005,30005,Desbacterizacion (Otros Y protocolos),3.0,1,1,SYS_001691,TAG_001691,11,MODE_B - Config demo,3.0,2,1,3.0,0.025,8.0,0.067,11:13:00 a.m.,12:15:00 p.m.,01:02:00,,Operador_02
16-ago-27,Operador_03,Completado,10180,TIN_000116,20116,40116,50116,Cliente_001,CLI001,Producto_001,Configuracion_005,30005,Desbacterizacion (Otros Y protocolos),3.0,2,2,SYS_001692,TAG_001692,11,MODE_B - Config demo,3.0,2,1,3.0,0.025,8.0,0.067,11:13:00 a.m.,12:15:00 p.m.,01:02:00,,Operador_03
16-ago-27,Operador_03,Completado,10180,TIN_000116,20116,40116,50116,Cliente_001,CLI001,Producto_001,Configuracion_005,30005,Desbacterizacion (Otros Y protocolos),3.0,3,3,SYS_001693,TAG_001693,11,MODE_B - Config demo,3.0,2,1,3.0,0.025,8.0,0.067,11:13:00 a.m.,12:15:00 p.m.,01:02:00,,Operador_01
16-ago-27,Operador_02,Completado,10180,TIN_000116,20116,40116,50116,Cliente_001,CLI001,Producto_001,Configuracion_005,30005,Desbacterizacion (Otros Y protocolos),3.0,4,4,SYS_001694,TAG_001694,11,MODE_B - Config demo,3.0,2,1,3.0,0.025,8.0,0.067,11:13:00 a.m.,12:15:00 p.m.,01:02:00,,Operador_01
16-ago-27,Operador_03,Completado,10180,TIN_000116,20116,40116,50116,Cliente_001,CLI001,Producto_001,Configuracion_005,30005,Desbacterizacion (Otros Y protocolos),3.0,5,5,SYS_001695,TAG_001695,11,MODE_B - Config demo,3.0,2,1,3.0,0.025,8.0,0.067,11:13:00 a.m.,12:15:00 p.m.,01:02:00,,Operador_01
16-ago-27,Operador_04,Completado,10180,TIN_000116,20116,40116,50116,Cliente_001,CLI001,Producto_001,Configuracion_005,30005,Desbacterizacion (Otros Y protocolos),3.0,6,6,SYS_001696,TAG_001696,11,MODE_B - Config demo,3.0,2,1,3.0,0.025,8.0,0.067,11:13:00 a.m.,12:15:00 p.m.,01:02:00,,Operador_03
16-ago-27,Operador_03,Completado,10181,TIN_000116,20116,40116,50116,Cliente_001,CLI001,Producto_001,Configuracion_005,30005,Desbacterizacion (Otros Y protocolos),3.0,7,1,SYS_001697,TAG_001697,11,MODE_B - Config demo,3.0,2,1,3.0,0.025,8.0,0.067,6:02:00 a.m.,6:55:00 a.m.,00:53:00,,Operador_05
16-ago-27,Operador_04,Completado,10181,TIN_000116,20116,40116,50116,Cliente_001,CLI001,Producto_001,Configuracion_005,30005,Desbacterizacion (Otros Y protocolos),3.0,8,2,SYS_001698,TAG_001698,11,MODE_B - Config demo,3.0,2,1,3.0,0.025,8.0,0.067,6:02:00 a.m.,6:55:00 a.m.,00:53:00,,Operador_05
16-ago-27,Operador_04,Completado,10181,TIN_000116,20116,40116,50116,Cliente_001,CLI001,Producto_001,Configuracion_005,30005,Desbacterizacion (Otros Y protocolos),3.0,9,3,SYS_001699,TAG_001699,11,MODE_B - Config demo,3.0,2,1,3.0,0.025,8.0,0.067,6:02:00 a.m.,6:55:00 a.m.,00:53:00,,Operador_05
16-ago-27,Operador_03,Completado,10181,TIN_000116,20116,40116,50116,Cliente_001,CLI001,Producto_001,Configuracion_005,30005,Desbacterizacion (Otros Y protocolos),3.0,10,4,SYS_001700,TAG_001700,11,MODE_B - Config demo,3.0,2,1,3.0,0.025,8.0,0.067,6:02:00 a.m.,6:55:00 a.m.,00:53:00,,Operador_05
16-ago-27,Operador_04,Completado,10181,TIN_000116,20116,40116,50116,Cliente_001,CLI001,Producto_001,Configuracion_005,30005,Desbacterizacion (Otros Y protocolos),3.0,11,5,SYS_001701,TAG_001701,11,MODE_B - Config demo,3.0,2,1,3.0,0.025,8.0,0.067,6:02:00 a.m.,6:55:00 a.m.,00:53:00,,Operador_02
17-ago-27,Operador_04,Completado,10182,TIN_000117,20117,40117,50117,Cliente_018,CLI018,Producto_006,Configuracion_006,30006,Fitosanitario 150 Gy,0.22,1,1,SYS_001702,TAG_001702,22,MODE_B - Config demo,0.22,2,1,0.22,0.025,8.0,0.909,6:21:00 a.m.,7:36:00 a.m.,01:15:00,,Operador_01
17-ago-27,Operador_03,Completado,10182,TIN_000117,20117,40117,50117,Cliente_018,CLI018,Producto_006,Configuracion_006,30006,Fitosanitario 150 Gy,0.22,2,2,SYS_001703,TAG_001703,22,MODE_B - Config demo,0.22,2,1,0.22,0.025,8.0,0.909,6:21:00 a.m.,7:36:00 a.m.,01:15:00,,Operador_02
17-ago-27,Operador_01,Completado,10182,TIN_000117,20117,40117,50117,Cliente_018,CLI018,Producto_006,Configuracion_006,30006,Fitosanitario 150 Gy,0.22,3,3,SYS_001704,TAG_001704,22,MODE_B - Config demo,0.22,2,1,0.22,0.025,8.0,0.909,6:21:00 a.m.,7:36:00 a.m.,01:15:00,,Operador_02
17-ago-27,Operador_01,Completado,10182,TIN_000117,20117,40117,50117,Cliente_018,CLI018,Producto_006,Configuracion_006,30006,Fitosanitario 150 Gy,0.22,4,4,SYS_001705,TAG_001705,22,MODE_B - Config demo,0.22,2,1,0.22,0.025,8.0,0.909,6:21:00 a.m.,7:36:00 a.m.,01:15:00,,Operador_02
17-ago-27,Operador_04,Completado,10182,TIN_000117,20117,40117,50117,Cliente_018,CLI018,Producto_006,Configuracion_006,30006,Fitosanitario 150 Gy,0.22,5,5,SYS_001706,TAG_001706,22,MODE_B - Config demo,0.22,2,1,0.22,0.025,8.0,0.909,6:21:00 a.m.,7:36:00 a.m.,01:15:00,,Operador_02
17-ago-27,Operador_04,Completado,10182,TIN_000117,20117,40117,50117,Cliente_018,CLI018,Producto_006,Configuracion_006,30006,Fitosanitario 150 Gy,0.22,6,6,SYS_001707,TAG_001707,22,MODE_B - Config demo,0.22,2,1,0.22,0.025,8.0,0.909,6:21:00 a.m.,7:36:00 a.m.,01:15:00,,Operador_02
17-ago-27,Operador_01,Completado,10182,TIN_000117,20117,40117,50117,Cliente_018,CLI018,Producto_006,Configuracion_006,30006,Fitosanitario 150 Gy,0.22,7,7,SYS_001708,TAG_001708,22,MODE_B - Config demo,0.22,2,1,0.22,0.025,8.0,0.909,6:21:00 a.m.,7:36:00 a.m.,01:15:00,,Operador_04
17-ago-27,Operador_01,Completado,10182,TIN_000117,20117,40117,50117,Cliente_018,CLI018,Producto_006,Configuracion_006,30006,Fitosanitario 150 Gy,0.22,8,8,SYS_001709,TAG_001709,22,MODE_B - Config demo,0.22,2,1,0.22,0.025,8.0,0.909,6:21:00 a.m.,7:36:00 a.m.,01:15:00,,Operador_05
17-ago-27,Operador_03,Completado,10182,TIN_000117,20117,40117,50117,Cliente_018,CLI018,Producto_006,Configuracion_006,30006,Fitosanitario 150 Gy,0.22,9,9,SYS_001710,TAG_001710,22,MODE_B - Config demo,0.22,2,1,0.22,0.025,8.0,0.909,6:21:00 a.m.,7:36:00 a.m.,01:15:00,,Operador_01
17-ago-27,Operador_02,Completado,10182,TIN_000117,20117,40117,50117,Cliente_018,CLI018,Producto_006,Configuracion_006,30006,Fitosanitario 150 Gy,0.22,10,10,SYS_001711,TAG_001711,22,MODE_B - Config demo,0.22,2,1,0.22,0.025,8.0,0.909,6:21:00 a.m.,7:36:00 a.m.,01:15:00,,Operador_02
17-ago-27,Operador_03,Completado,10182,TIN_000117,20117,40117,50117,Cliente_018,CLI018,Producto_006,Configuracion_006,30006,Fitosanitario 150 Gy,0.22,11,11,SYS_001712,TAG_001712,22,MODE_B - Config demo,0.22,2,1,0.22,0.025,8.0,0.909,6:21:00 a.m.,7:36:00 a.m.,01:15:00,,Operador_04
17-ago-27,Operador_01,Completado,10183,TIN_000117,20117,40117,50117,Cliente_018,CLI018,Producto_006,Configuracion_006,30006,Fitosanitario 150 Gy,0.22,12,1,SYS_001713,TAG_001713,22,MODE_B - Config demo,0.22,2,1,0.22,0.025,8.0,0.909,6:11:00 p.m.,7:23:00 p.m.,01:12:00,,Operador_01
17-ago-27,Operador_01,Completado,10183,TIN_000117,20117,40117,50117,Cliente_018,CLI018,Producto_006,Configuracion_006,30006,Fitosanitario 150 Gy,0.22,13,2,SYS_001714,TAG_001714,22,MODE_B - Config demo,0.22,2,1,0.22,0.025,8.0,0.909,6:11:00 p.m.,7:23:00 p.m.,01:12:00,,Operador_05
17-ago-27,Operador_01,Completado,10183,TIN_000117,20117,40117,50117,Cliente_018,CLI018,Producto_006,Configuracion_006,30006,Fitosanitario 150 Gy,0.22,14,3,SYS_001715,TAG_001715,22,MODE_B - Config demo,0.22,2,1,0.22,0.025,8.0,0.909,6:11:00 p.m.,7:23:00 p.m.,01:12:00,,Operador_01
17-ago-27,Operador_04,Completado,10183,TIN_000117,20117,40117,50117,Cliente_018,CLI018,Producto_006,Configuracion_006,30006,Fitosanitario 150 Gy,0.22,15,4,SYS_001716,TAG_001716,22,MODE_B - Config demo,0.22,2,1,0.22,0.025,8.0,0.909,6:11:00 p.m.,7:23:00 p.m.,01:12:00,,Operador_03
17-ago-27,Operador_02,Completado,10183,TIN_000117,20117,40117,50117,Cliente_018,CLI018,Producto_006,Configuracion_006,30006,Fitosanitario 150 Gy,0.22,16,5,SYS_001717,TAG_001717,22,MODE_B - Config demo,0.22,2,1,0.22,0.025,8.0,0.909,6:11:00 p.m.,7:23:00 p.m.,01:12:00,,Operador_05
17-ago-27,Operador_05,Completado,10183,TIN_000117,20117,40117,50117,Cliente_018,CLI018,Producto_006,Configuracion_006,30006,Fitosanitario 150 Gy,0.22,17,6,SYS_001718,TAG_001718,22,MODE_B - Config demo,0.22,2,1,0.22,0.025,8.0,0.909,6:11:00 p.m.,7:23:00 p.m.,01:12:00,,Operador_01
17-ago-27,Operador_03,Completado,10183,TIN_000117,20117,40117,50117,Cliente_018,CLI018,Producto_006,Configuracion_006,30006,Fitosanitario 150 Gy,0.22,18,7,SYS_001719,TAG_001719,22,MODE_B - Config demo,0.22,2,1,0.22,0.025,8.0,0.909,6:11:00 p.m.,7:23:00 p.m.,01:12:00,,Operador_05
17-ago-27,Operador_01,Completado,10183,TIN_000117,20117,40117,50117,Cliente_018,CLI018,Producto_006,Configuracion_006,30006,Fitosanitario 150 Gy,0.22,19,8,SYS_001720,TAG_001720,22,MODE_B - Config demo,0.22,2,1,0.22,0.025,8.0,0.909,6:11:00 p.m.,7:23:00 p.m.,01:12:00,,Operador_03
17-ago-27,Operador_01,Completado,10183,TIN_000117,20117,40117,50117,Cliente_018,CLI018,Producto_006,Configuracion_006,30006,Fitosanitario 150 Gy,0.22,20,9,SYS_001721,TAG_001721,22,MODE_B - Config demo,0.22,2,1,0.22,0.025,8.0,0.909,6:11:00 p.m.,7:23:00 p.m.,01:12:00,,Operador_01
17-ago-27,Operador_05,Completado,10183,TIN_000117,20117,40117,50117,Cliente_018,CLI018,Producto_006,Configuracion_006,30006,Fitosanitario 150 Gy,0.22,21,10,SYS_001722,TAG_001722,22,MODE_B - Config demo,0.22,2,1,0.22,0.025,8.0,0.909,6:11:00 p.m.,7:23:00 p.m.,01:12:00,,Operador_04
17-ago-27,Operador_01,Completado,10183,TIN_000117,20117,40117,50117,Cliente_018,CLI018,Producto_006,Configuracion_006,30006,Fitosanitario 150 Gy,0.22,22,11,SYS_001723,TAG_001723,22,MODE_B - Config demo,0.22,2,1,0.22,0.025,8.0,0.909,6:11:00 p.m.,7:23:00 p.m.,01:12:00,,Operador_02
11-ago-27,Operador_02,Completado,10184,TIN_000118,20118,40118,50118,Cliente_002,CLI002,Producto_015,Configuracion_007,30007,Fitosanitario 150 Gy,0.25,1,1,SYS_001724,TAG_001724,8,MODE_A - Config demo,0.25,2,1,0.25,2.5,2.4,24.0,9:32:00 a.m.,10:09:00 a.m.,00:37:00,Desviacion_demo_10184,Operador_01
11-ago-27,Operador_04,Completado,10184,TIN_000118,20118,40118,50118,Cliente_002,CLI002,Producto_015,Configuracion_007,30007,Fitosanitario 150 Gy,0.25,2,2,SYS_001725,TAG_001725,8,MODE_A - Config demo,0.25,2,1,0.25,2.5,2.4,24.0,9:32:00 a.m.,10:09:00 a.m.,00:37:00,Desviacion_demo_10184,Operador_05
11-ago-27,Operador_01,Completado,10184,TIN_000118,20118,40118,50118,Cliente_002,CLI002,Producto_015,Configuracion_007,30007,Fitosanitario 150 Gy,0.25,3,3,SYS_001726,TAG_001726,8,MODE_A - Config demo,0.25,2,1,0.25,2.5,2.4,24.0,9:32:00 a.m.,10:09:00 a.m.,00:37:00,Desviacion_demo_10184,Operador_04
11-ago-27,Operador_01,Completado,10185,TIN_000118,20118,40118,50118,Cliente_002,CLI002,Producto_015,Configuracion_007,30007,Fitosanitario 150 Gy,0.25,4,1,SYS_001727,TAG_001727,8,MODE_B - Config demo,0.25,2,1,0.25,0.025,8.0,0.8,3:46:00 p.m.,4:38:00 p.m.,00:52:00,,Operador_04
11-ago-27,Operador_01,Completado,10185,TIN_000118,20118,40118,50118,Cliente_002,CLI002,Producto_015,Configuracion_007,30007,Fitosanitario 150 Gy,0.25,5,2,SYS_001728,TAG_001728,8,MODE_B - Config demo,0.25,2,1,0.25,0.025,8.0,0.8,3:46:00 p.m.,4:38:00 p.m.,00:52:00,,Operador_02
11-ago-27,Operador_03,Completado,10185,TIN_000118,20118,40118,50118,Cliente_002,CLI002,Producto_015,Configuracion_007,30007,Fitosanitario 150 Gy,0.25,6,3,SYS_001729,TAG_001729,8,MODE_B - Config demo,0.25,2,1,0.25,0.025,8.0,0.8,3:46:00 p.m.,4:38:00 p.m.,00:52:00,,Operador_04
11-ago-27,Operador_05,Completado,10186,TIN_000118,20118,40118,50118,Cliente_002,CLI002,Producto_015,Configuracion_007,30007,Fitosanitario 150 Gy,0.25,7,1,SYS_001730,TAG_001730,8,MODE_B - Config demo,0.25,2,1,0.25,0.025,8.0,0.8,7:12:00 a.m.,8:01:00 a.m.,00:49:00,,Operador_03
11-ago-27,Operador_01,Completado,10186,TIN_000118,20118,40118,50118,Cliente_002,CLI002,Producto_015,Configuracion_007,30007,Fitosanitario 150 Gy,0.25,8,2,SYS_001731,TAG_001731,8,MODE_B - Config demo,0.25,2,1,0.25,0.025,8.0,0.8,7:12:00 a.m.,8:01:00 a.m.,00:49:00,,Operador_04
03-ago-27,Operador_04,Completado,10187,TIN_000119,20119,40119,50119,Cliente_005,CLI005,Producto_010,Configuracion_008,30008,Fitosanitario 150 Gy,0.32,1,1,SYS_001732,TAG_001732,13,MODE_A - Config demo,0.32,2,1,0.32,2.5,2.4,18.75,12:44:00 p.m.,1:28:00 p.m.,00:44:00,,Operador_02
03-ago-27,Operador_03,Completado,10187,TIN_000119,20119,40119,50119,Cliente_005,CLI005,Producto_010,Configuracion_008,30008,Fitosanitario 150 Gy,0.32,2,2,SYS_001733,TAG_001733,13,MODE_A - Config demo,0.32,2,1,0.32,2.5,2.4,18.75,12:44:00 p.m.,1:28:00 p.m.,00:44:00,,Operador_03
03-ago-27,Operador_04,Completado,10187,TIN_000119,20119,40119,50119,Cliente_005,CLI005,Producto_010,Configuracion_008,30008,Fitosanitario 150 Gy,0.32,3,3,SYS_001734,TAG_001734,13,MODE_A - Config demo,0.32,2,1,0.32,2.5,2.4,18.75,12:44:00 p.m.,1:28:00 p.m.,00:44:00,,Operador_02
03-ago-27,Operador_05,Completado,10187,TIN_000119,20119,40119,50119,Cliente_005,CLI005,Producto_010,Configuracion_008,30008,Fitosanitario 150 Gy,0.32,4,4,SYS_001735,TAG_001735,13,MODE_A - Config demo,0.32,2,1,0.32,2.5,2.4,18.75,12:44:00 p.m.,1:28:00 p.m.,00:44:00,,Operador_04
03-ago-27,Operador_01,Completado,10187,TIN_000119,20119,40119,50119,Cliente_005,CLI005,Producto_010,Configuracion_008,30008,Fitosanitario 150 Gy,0.32,5,5,SYS_001736,TAG_001736,13,MODE_A - Config demo,0.32,2,1,0.32,2.5,2.4,18.75,12:44:00 p.m.,1:28:00 p.m.,00:44:00,,Operador_01
03-ago-27,Operador_04,Completado,10188,TIN_000119,20119,40119,50119,Cliente_005,CLI005,Producto_010,Configuracion_008,30008,Fitosanitario 150 Gy,0.32,6,1,SYS_001737,TAG_001737,13,MODE_B - Config demo,0.16,2,2,0.16,0.025,8.0,1.25,6:14:00 p.m.,7:01:00 p.m.,00:47:00,,Operador_03
03-ago-27,Operador_02,Completado,10188,TIN_000119,20119,40119,50119,Cliente_005,CLI005,Producto_010,Configuracion_008,30008,Fitosanitario 150 Gy,0.32,7,2,SYS_001738,TAG_001738,13,MODE_B - Config demo,0.16,2,2,0.16,0.025,8.0,1.25,6:14:00 p.m.,7:01:00 p.m.,00:47:00,,Operador_05
03-ago-27,Operador_03,Completado,10188,TIN_000119,20119,40119,50119,Cliente_005,CLI005,Producto_010,Configuracion_008,30008,Fitosanitario 150 Gy,0.32,8,3,SYS_001739,TAG_001739,13,MODE_B - Config demo,0.16,2,2,0.16,0.025,8.0,1.25,6:14:00 p.m.,7:01:00 p.m.,00:47:00,,Operador_05
03-ago-27,Operador_01,Completado,10188,TIN_000119,20119,40119,50119,Cliente_005,CLI005,Producto_010,Configuracion_008,30008,Fitosanitario 150 Gy,0.32,9,4,SYS_001740,TAG_001740,13,MODE_B - Config demo,0.16,2,2,0.16,0.025,8.0,1.25,6:14:00 p.m.,7:01:00 p.m.,00:47:00,,Operador_03
03-ago-27,Operador_02,Completado,10189,TIN_000119,20119,40119,50119,Cliente_005,CLI005,Producto_010,Configuracion_008,30008,Fitosanitario 150 Gy,0.32,10,1,SYS_001741,TAG_001741,13,MODE_B - Config demo,0.32,2,1,0.32,0.025,8.0,0.625,6:33:00 a.m.,7:24:00 a.m.,00:51:00,,Operador_01
03-ago-27,Operador_03,Completado,10189,TIN_000119,20119,40119,50119,Cliente_005,CLI005,Producto_010,Configuracion_008,30008,Fitosanitario 150 Gy,0.32,11,2,SYS_001742,TAG_001742,13,MODE_B - Config demo,0.32,2,1,0.32,0.025,8.0,0.625,6:33:00 a.m.,7:24:00 a.m.,00:51:00,,Operador_01
03-ago-27,Operador_03,Completado,10189,TIN_000119,20119,40119,50119,Cliente_005,CLI005,Producto_010,Configuracion_008,30008,Fitosanitario 150 Gy,0.32,12,3,SYS_001743,TAG_001743,13,MODE_B - Config demo,0.32,2,1,0.32,0.025,8.0,0.625,6:33:00 a.m.,7:24:00 a.m.,00:51:00,,Operador_01
03-ago-27,Operador_05,Completado,10189,TIN_000119,20119,40119,50119,Cliente_005,CLI005,Producto_010,Configuracion_008,30008,Fitosanitario 150 Gy,0.32,13,4,SYS_001744,TAG_001744,13,MODE_B - Config demo,0.32,2,1,0.32,0.025,8.0,0.625,6:33:00 a.m.,7:24:00 a.m.,00:51:00,,Operador_04
05-ago-27,Operador_05,Completado,10190,TIN_000120,20120,40120,50120,Cliente_009,CLI009,Producto_010,Configuracion_001,30001,Fitosanitario 150 Gy,0.22,1,1,SYS_001745,TAG_001745,15,MODE_B - Config demo,0.22,2,1,0.22,0.025,8.0,0.909,8:18:00 a.m.,9:12:00 a.m.,00:54:00,,Operador_02
05-ago-27,Operador_05,Completado,10190,TIN_000120,20120,40120,50120,Cliente_009,CLI009,Producto_010,Configuracion_001,30001,Fitosanitario 150 Gy,0.22,2,2,SYS_001746,TAG_001746,15,MODE_B - Config demo,0.22,2,1,0.22,0.025,8.0,0.909,8:18:00 a.m.,9:12:00 a.m.,00:54:00,,Operador_03
05-ago-27,Operador_02,Completado,10190,TIN_000120,20120,40120,50120,Cliente_009,CLI009,Producto_010,Configuracion_001,30001,Fitosanitario 150 Gy,0.22,3,3,SYS_001747,TAG_001747,15,MODE_B - Config demo,0.22,2,1,0.22,0.025,8.0,0.909,8:18:00 a.m.,9:12:00 a.m.,00:54:00,,Operador_05
05-ago-27,Operador_01,Completado,10190,TIN_000120,20120,40120,50120,Cliente_009,CLI009,Producto_010,Configuracion_001,30001,Fitosanitario 150 Gy,0.22,4,4,SYS_001748,TAG_001748,15,MODE_B - Config demo,0.22,2,1,0.22,0.025,8.0,0.909,8:18:00 a.m.,9:12:00 a.m.,00:54:00,,Operador_01
05-ago-27,Operador_03,Completado,10190,TIN_000120,20120,40120,50120,Cliente_009,CLI009,Producto_010,Configuracion_001,30001,Fitosanitario 150 Gy,0.22,5,5,SYS_001749,TAG_001749,15,MODE_B - Config demo,0.22,2,1,0.22,0.025,8.0,0.909,8:18:00 a.m.,9:12:00 a.m.,00:54:00,,Operador_05
05-ago-27,Operador_02,Completado,10190,TIN_000120,20120,40120,50120,Cliente_009,CLI009,Producto_010,Configuracion_001,30001,Fitosanitario 150 Gy,0.22,6,6,SYS_001750,TAG_001750,15,MODE_B - Config demo,0.22,2,1,0.22,0.025,8.0,0.909,8:18:00 a.m.,9:12:00 a.m.,00:54:00,,Operador_04
05-ago-27,Operador_05,Completado,10190,TIN_000120,20120,40120,50120,Cliente_009,CLI009,Producto_010,Configuracion_001,30001,Fitosanitario 150 Gy,0.22,7,7,SYS_001751,TAG_001751,15,MODE_B - Config demo,0.22,2,1,0.22,0.025,8.0,0.909,8:18:00 a.m.,9:12:00 a.m.,00:54:00,,Operador_03
05-ago-27,Operador_01,Completado,10190,TIN_000120,20120,40120,50120,Cliente_009,CLI009,Producto_010,Configuracion_001,30001,Fitosanitario 150 Gy,0.22,8,8,SYS_001752,TAG_001752,15,MODE_B - Config demo,0.22,2,1,0.22,0.025,8.0,0.909,8:18:00 a.m.,9:12:00 a.m.,00:54:00,,Operador_05
05-ago-27,Operador_01,Completado,10191,TIN_000120,20120,40120,50120,Cliente_009,CLI009,Producto_010,Configuracion_001,30001,Fitosanitario 150 Gy,0.22,9,1,SYS_001753,TAG_001753,15,MODE_A - Config demo,0.22,2,1,0.22,2.5,2.4,27.273,2:51:00 p.m.,3:48:00 p.m.,00:57:00,,Operador_01
05-ago-27,Operador_01,Completado,10191,TIN_000120,20120,40120,50120,Cliente_009,CLI009,Producto_010,Configuracion_001,30001,Fitosanitario 150 Gy,0.22,10,2,SYS_001754,TAG_001754,15,MODE_A - Config demo,0.22,2,1,0.22,2.5,2.4,27.273,2:51:00 p.m.,3:48:00 p.m.,00:57:00,,Operador_03
05-ago-27,Operador_03,Completado,10191,TIN_000120,20120,40120,50120,Cliente_009,CLI009,Producto_010,Configuracion_001,30001,Fitosanitario 150 Gy,0.22,11,3,SYS_001755,TAG_001755,15,MODE_A - Config demo,0.22,2,1,0.22,2.5,2.4,27.273,2:51:00 p.m.,3:48:00 p.m.,00:57:00,,Operador_04
05-ago-27,Operador_01,Completado,10191,TIN_000120,20120,40120,50120,Cliente_009,CLI009,Producto_010,Configuracion_001,30001,Fitosanitario 150 Gy,0.22,12,4,SYS_001756,TAG_001756,15,MODE_A - Config demo,0.22,2,1,0.22,2.5,2.4,27.273,2:51:00 p.m.,3:48:00 p.m.,00:57:00,,Operador_01
05-ago-27,Operador_02,Completado,10191,TIN_000120,20120,40120,50120,Cliente_009,CLI009,Producto_010,Configuracion_001,30001,Fitosanitario 150 Gy,0.22,13,5,SYS_001757,TAG_001757,15,MODE_A - Config demo,0.22,2,1,0.22,2.5,2.4,27.273,2:51:00 p.m.,3:48:00 p.m.,00:57:00,,Operador_01
05-ago-27,Operador_01,Completado,10191,TIN_000120,20120,40120,50120,Cliente_009,CLI009,Producto_010,Configuracion_001,30001,Fitosanitario 150 Gy,0.22,14,6,SYS_001758,TAG_001758,15,MODE_A - Config demo,0.22,2,1,0.22,2.5,2.4,27.273,2:51:00 p.m.,3:48:00 p.m.,00:57:00,,Operador_04
05-ago-27,Operador_02,Completado,10191,TIN_000120,20120,40120,50120,Cliente_009,CLI009,Producto_010,Configuracion_001,30001,Fitosanitario 150 Gy,0.22,15,7,SYS_001759,TAG_001759,15,MODE_A - Config demo,0.22,2,1,0.22,2.5,2.4,27.273,2:51:00 p.m.,3:48:00 p.m.,00:57:00,,Operador_01
25-ago-27,Operador_03,Completado,10192,TIN_000121,20121,40121,50121,Cliente_013,CLI013,Producto_010,Configuracion_002,30002,Desbacterizacion (Chiles secos),1.0,1,1,SYS_001760,TAG_001760,6,MODE_A - Config demo,1.0,2,1,1.0,2.5,2.4,6.0,7:55:00 a.m.,8:33:00 a.m.,00:38:00,,Operador_03
25-ago-27,Operador_05,Completado,10192,TIN_000121,20121,40121,50121,Cliente_013,CLI013,Producto_010,Configuracion_002,30002,Desbacterizacion (Chiles secos),1.0,2,2,SYS_001761,TAG_001761,6,MODE_A - Config demo,1.0,2,1,1.0,2.5,2.4,6.0,7:55:00 a.m.,8:33:00 a.m.,00:38:00,,Operador_04
25-ago-27,Operador_02,Completado,10192,TIN_000121,20121,40121,50121,Cliente_013,CLI013,Producto_010,Configuracion_002,30002,Desbacterizacion (Chiles secos),1.0,3,3,SYS_001762,TAG_001762,6,MODE_A - Config demo,1.0,2,1,1.0,2.5,2.4,6.0,7:55:00 a.m.,8:33:00 a.m.,00:38:00,,Operador_01
25-ago-27,Operador_04,Completado,10193,TIN_000121,20121,40121,50121,Cliente_013,CLI013,Producto_010,Configuracion_002,30002,Desbacterizacion (Chiles secos),1.0,4,1,SYS_001763,TAG_001763,6,MODE_B - Config demo,1.0,2,1,1.0,0.025,8.0,0.2,3:26:00 p.m.,4:15:00 p.m.,00:49:00,,Operador_01
25-ago-27,Operador_03,Completado,10193,TIN_000121,20121,40121,50121,Cliente_013,CLI013,Producto_010,Configuracion_002,30002,Desbacterizacion (Chiles secos),1.0,5,2,SYS_001764,TAG_001764,6,MODE_B - Config demo,1.0,2,1,1.0,0.025,8.0,0.2,3:26:00 p.m.,4:15:00 p.m.,00:49:00,,Operador_02
25-ago-27,Operador_04,Completado,10193,TIN_000121,20121,40121,50121,Cliente_013,CLI013,Producto_010,Configuracion_002,30002,Desbacterizacion (Chiles secos),1.0,6,3,SYS_001765,TAG_001765,6,MODE_B - Config demo,1.0,2,1,1.0,0.025,8.0,0.2,3:26:00 p.m.,4:15:00 p.m.,00:49:00,,Operador_05
29-ago-27,Operador_01,Completado,10194,TIN_000122,20122,40122,50122,Cliente_003,CLI003,Producto_004,Configuracion_003,30003,Desbacterizacion (Vegetales),3.0,1,1,SYS_001766,TAG_001766,16,MODE_B - Config demo,3.0,2,1,3.0,0.025,8.0,0.067,6:21:00 p.m.,7:21:00 p.m.,01:00:00,,Operador_04
29-ago-27,Operador_04,Completado,10194,TIN_000122,20122,40122,50122,Cliente_003,CLI003,Producto_004,Configuracion_003,30003,Desbacterizacion (Vegetales),3.0,2,2,SYS_001767,TAG_001767,16,MODE_B - Config demo,3.0,2,1,3.0,0.025,8.0,0.067,6:21:00 p.m.,7:21:00 p.m.,01:00:00,,Operador_02
29-ago-27,Operador_04,Completado,10194,TIN_000122,20122,40122,50122,Cliente_003,CLI003,Producto_004,Configuracion_003,30003,Desbacterizacion (Vegetales),3.0,3,3,SYS_001768,TAG_001768,16,MODE_B - Config demo,3.0,2,1,3.0,0.025,8.0,0.067,6:21:00 p.m.,7:21:00 p.m.,01:00:00,,Operador_05
29-ago-27,Operador_05,Completado,10194,TIN_000122,20122,40122,50122,Cliente_003,CLI003,Producto_004,Configuracion_003,30003,Desbacterizacion (Vegetales),3.0,4,4,SYS_001769,TAG_001769,16,MODE_B - Config demo,3.0,2,1,3.0,0.025,8.0,0.067,6:21:00 p.m.,7:21:00 p.m.,01:00:00,,Operador_03
29-ago-27,Operador_01,Completado,10194,TIN_000122,20122,40122,50122,Cliente_003,CLI003,Producto_004,Configuracion_003,30003,Desbacterizacion (Vegetales),3.0,5,5,SYS_001770,TAG_001770,16,MODE_B - Config demo,3.0,2,1,3.0,0.025,8.0,0.067,6:21:00 p.m.,7:21:00 p.m.,01:00:00,,Operador_05
29-ago-27,Operador_03,Completado,10194,TIN_000122,20122,40122,50122,Cliente_003,CLI003,Producto_004,Configuracion_003,30003,Desbacterizacion (Vegetales),3.0,6,6,SYS_001771,TAG_001771,16,MODE_B - Config demo,3.0,2,1,3.0,0.025,8.0,0.067,6:21:00 p.m.,7:21:00 p.m.,01:00:00,,Operador_04
29-ago-27,Operador_05,Completado,10194,TIN_000122,20122,40122,50122,Cliente_003,CLI003,Producto_004,Configuracion_003,30003,Desbacterizacion (Vegetales),3.0,7,7,SYS_001772,TAG_001772,16,MODE_B - Config demo,3.0,2,1,3.0,0.025,8.0,0.067,6:21:00 p.m.,7:21:00 p.m.,01:00:00,,Operador_02
29-ago-27,Operador_01,Completado,10194,TIN_000122,20122,40122,50122,Cliente_003,CLI003,Producto_004,Configuracion_003,30003,Desbacterizacion (Vegetales),3.0,8,8,SYS_001773,TAG_001773,16,MODE_B - Config demo,3.0,2,1,3.0,0.025,8.0,0.067,6:21:00 p.m.,7:21:00 p.m.,01:00:00,,Operador_05
29-ago-27,Operador_02,Completado,10195,TIN_000122,20122,40122,50122,Cliente_003,CLI003,Producto_004,Configuracion_003,30003,Desbacterizacion (Vegetales),3.0,9,1,SYS_001774,TAG_001774,16,MODE_B - Config demo,3.0,2,1,3.0,0.025,8.0,0.067,5:45:00 p.m.,6:37:00 p.m.,00:52:00,,Operador_03
29-ago-27,Operador_04,Completado,10195,TIN_000122,20122,40122,50122,Cliente_003,CLI003,Producto_004,Configuracion_003,30003,Desbacterizacion (Vegetales),3.0,10,2,SYS_001775,TAG_001775,16,MODE_B - Config demo,3.0,2,1,3.0,0.025,8.0,0.067,5:45:00 p.m.,6:37:00 p.m.,00:52:00,,Operador_05
29-ago-27,Operador_04,Completado,10195,TIN_000122,20122,40122,50122,Cliente_003,CLI003,Producto_004,Configuracion_003,30003,Desbacterizacion (Vegetales),3.0,11,3,SYS_001776,TAG_001776,16,MODE_B - Config demo,3.0,2,1,3.0,0.025,8.0,0.067,5:45:00 p.m.,6:37:00 p.m.,00:52:00,,Operador_01
29-ago-27,Operador_05,Completado,10195,TIN_000122,20122,40122,50122,Cliente_003,CLI003,Producto_004,Configuracion_003,30003,Desbacterizacion (Vegetales),3.0,12,4,SYS_001777,TAG_001777,16,MODE_B - Config demo,3.0,2,1,3.0,0.025,8.0,0.067,5:45:00 p.m.,6:37:00 p.m.,00:52:00,,Operador_03
29-ago-27,Operador_04,Completado,10195,TIN_000122,20122,40122,50122,Cliente_003,CLI003,Producto_004,Configuracion_003,30003,Desbacterizacion (Vegetales),3.0,13,5,SYS_001778,TAG_001778,16,MODE_B - Config demo,3.0,2,1,3.0,0.025,8.0,0.067,5:45:00 p.m.,6:37:00 p.m.,00:52:00,,Operador_04
29-ago-27,Operador_02,Completado,10195,TIN_000122,20122,40122,50122,Cliente_003,CLI003,Producto_004,Configuracion_003,30003,Desbacterizacion (Vegetales),3.0,14,6,SYS_001779,TAG_001779,16,MODE_B - Config demo,3.0,2,1,3.0,0.025,8.0,0.067,5:45:00 p.m.,6:37:00 p.m.,00:52:00,,Operador_04
29-ago-27,Operador_05,Completado,10195,TIN_000122,20122,40122,50122,Cliente_003,CLI003,Producto_004,Configuracion_003,30003,Desbacterizacion (Vegetales),3.0,15,7,SYS_001780,TAG_001780,16,MODE_B - Config demo,3.0,2,1,3.0,0.025,8.0,0.067,5:45:00 p.m.,6:37:00 p.m.,00:52:00,,Operador_05
29-ago-27,Operador_05,Completado,10195,TIN_000122,20122,40122,50122,Cliente_003,CLI003,Producto_004,Configuracion_003,30003,Desbacterizacion (Vegetales),3.0,16,8,SYS_001781,TAG_001781,16,MODE_B - Config demo,3.0,2,1,3.0,0.025,8.0,0.067,5:45:00 p.m.,6:37:00 p.m.,00:52:00,,Operador_01
10-ago-27,Operador_02,Completado,10196,TIN_000123,20123,40123,50123,Cliente_016,CLI016,Producto_012,Configuracion_004,30004,Desbacterizacion (Vegetales),4.0,1,1,SYS_001782,TAG_001782,16,MODE_B - Config demo,4.0,2,1,4.0,0.025,8.0,0.05,10:02:00 a.m.,11:07:00 a.m.,01:05:00,,Operador_03
10-ago-27,Operador_05,Completado,10196,TIN_000123,20123,40123,50123,Cliente_016,CLI016,Producto_012,Configuracion_004,30004,Desbacterizacion (Vegetales),4.0,2,2,SYS_001783,TAG_001783,16,MODE_B - Config demo,4.0,2,1,4.0,0.025,8.0,0.05,10:02:00 a.m.,11:07:00 a.m.,01:05:00,,Operador_02
10-ago-27,Operador_01,Completado,10196,TIN_000123,20123,40123,50123,Cliente_016,CLI016,Producto_012,Configuracion_004,30004,Desbacterizacion (Vegetales),4.0,3,3,SYS_001784,TAG_001784,16,MODE_B - Config demo,4.0,2,1,4.0,0.025,8.0,0.05,10:02:00 a.m.,11:07:00 a.m.,01:05:00,,Operador_01
10-ago-27,Operador_05,Completado,10196,TIN_000123,20123,40123,50123,Cliente_016,CLI016,Producto_012,Configuracion_004,30004,Desbacterizacion (Vegetales),4.0,4,4,SYS_001785,TAG_001785,16,MODE_B - Config demo,4.0,2,1,4.0,0.025,8.0,0.05,10:02:00 a.m.,11:07:00 a.m.,01:05:00,,Operador_04
10-ago-27,Operador_01,Completado,10196,TIN_000123,20123,40123,50123,Cliente_016,CLI016,Producto_012,Configuracion_004,30004,Desbacterizacion (Vegetales),4.0,5,5,SYS_001786,TAG_001786,16,MODE_B - Config demo,4.0,2,1,4.0,0.025,8.0,0.05,10:02:00 a.m.,11:07:00 a.m.,01:05:00,,Operador_03
10-ago-27,Operador_02,Completado,10196,TIN_000123,20123,40123,50123,Cliente_016,CLI016,Producto_012,Configuracion_004,30004,Desbacterizacion (Vegetales),4.0,6,6,SYS_001787,TAG_001787,16,MODE_B - Config demo,4.0,2,1,4.0,0.025,8.0,0.05,10:02:00 a.m.,11:07:00 a.m.,01:05:00,,Operador_03
10-ago-27,Operador_04,Completado,10196,TIN_000123,20123,40123,50123,Cliente_016,CLI016,Producto_012,Configuracion_004,30004,Desbacterizacion (Vegetales),4.0,7,7,SYS_001788,TAG_001788,16,MODE_B - Config demo,4.0,2,1,4.0,0.025,8.0,0.05,10:02:00 a.m.,11:07:00 a.m.,01:05:00,,Operador_03
10-ago-27,Operador_03,Completado,10196,TIN_000123,20123,40123,50123,Cliente_016,CLI016,Producto_012,Configuracion_004,30004,Desbacterizacion (Vegetales),4.0,8,8,SYS_001789,TAG_001789,16,MODE_B - Config demo,4.0,2,1,4.0,0.025,8.0,0.05,10:02:00 a.m.,11:07:00 a.m.,01:05:00,,Operador_04
10-ago-27,Operador_02,Completado,10197,TIN_000123,20123,40123,50123,Cliente_016,CLI016,Producto_012,Configuracion_004,30004,Desbacterizacion (Vegetales),4.0,9,1,SYS_001790,TAG_001790,16,MODE_A - Config demo,4.0,2,1,4.0,2.5,2.4,1.5,3:30:00 p.m.,4:27:00 p.m.,00:57:00,,Operador_03
10-ago-27,Operador_01,Completado,10197,TIN_000123,20123,40123,50123,Cliente_016,CLI016,Producto_012,Configuracion_004,30004,Desbacterizacion (Vegetales),4.0,10,2,SYS_001791,TAG_001791,16,MODE_A - Config demo,4.0,2,1,4.0,2.5,2.4,1.5,3:30:00 p.m.,4:27:00 p.m.,00:57:00,,Operador_02
10-ago-27,Operador_05,Completado,10197,TIN_000123,20123,40123,50123,Cliente_016,CLI016,Producto_012,Configuracion_004,30004,Desbacterizacion (Vegetales),4.0,11,3,SYS_001792,TAG_001792,16,MODE_A - Config demo,4.0,2,1,4.0,2.5,2.4,1.5,3:30:00 p.m.,4:27:00 p.m.,00:57:00,,Operador_05
10-ago-27,Operador_01,Completado,10197,TIN_000123,20123,40123,50123,Cliente_016,CLI016,Producto_012,Configuracion_004,30004,Desbacterizacion (Vegetales),4.0,12,4,SYS_001793,TAG_001793,16,MODE_A - Config demo,4.0,2,1,4.0,2.5,2.4,1.5,3:30:00 p.m.,4:27:00 p.m.,00:57:00,,Operador_05
10-ago-27,Operador_01,Completado,10197,TIN_000123,20123,40123,50123,Cliente_016,CLI016,Producto_012,Configuracion_004,30004,Desbacterizacion (Vegetales),4.0,13,5,SYS_001794,TAG_001794,16,MODE_A - Config demo,4.0,2,1,4.0,2.5,2.4,1.5,3:30:00 p.m.,4:27:00 p.m.,00:57:00,,Operador_02
10-ago-27,Operador_05,Completado,10197,TIN_000123,20123,40123,50123,Cliente_016,CLI016,Producto_012,Configuracion_004,30004,Desbacterizacion (Vegetales),4.0,14,6,SYS_001795,TAG_001795,16,MODE_A - Config demo,4.0,2,1,4.0,2.5,2.4,1.5,3:30:00 p.m.,4:27:00 p.m.,00:57:00,,Operador_04
10-ago-27,Operador_04,Completado,10197,TIN_000123,20123,40123,50123,Cliente_016,CLI016,Producto_012,Configuracion_004,30004,Desbacterizacion (Vegetales),4.0,15,7,SYS_001796,TAG_001796,16,MODE_A - Config demo,4.0,2,1,4.0,2.5,2.4,1.5,3:30:00 p.m.,4:27:00 p.m.,00:57:00,,Operador_02
10-ago-27,Operador_02,Completado,10197,TIN_000123,20123,40123,50123,Cliente_016,CLI016,Producto_012,Configuracion_004,30004,Desbacterizacion (Vegetales),4.0,16,8,SYS_001797,TAG_001797,16,MODE_A - Config demo,4.0,2,1,4.0,2.5,2.4,1.5,3:30:00 p.m.,4:27:00 p.m.,00:57:00,,Operador_01
11-ago-27,Operador_05,Completado,10198,TIN_000124,20124,40124,50124,Cliente_002,CLI002,Producto_001,Configuracion_005,30005,Fitosanitario 150 Gy,0.3,1,1,SYS_001798,TAG_001798,11,MODE_B - Config demo,0.3,2,1,0.3,0.025,8.0,0.667,8:56:00 a.m.,10:02:00 a.m.,01:06:00,,Operador_02
11-ago-27,Operador_04,Completado,10198,TIN_000124,20124,40124,50124,Cliente_002,CLI002,Producto_001,Configuracion_005,30005,Fitosanitario 150 Gy,0.3,2,2,SYS_001799,TAG_001799,11,MODE_B - Config demo,0.3,2,1,0.3,0.025,8.0,0.667,8:56:00 a.m.,10:02:00 a.m.,01:06:00,,Operador_02
11-ago-27,Operador_02,Completado,10198,TIN_000124,20124,40124,50124,Cliente_002,CLI002,Producto_001,Configuracion_005,30005,Fitosanitario 150 Gy,0.3,3,3,SYS_001800,TAG_001800,11,MODE_B - Config demo,0.3,2,1,0.3,0.025,8.0,0.667,8:56:00 a.m.,10:02:00 a.m.,01:06:00,,Operador_01
11-ago-27,Operador_02,Completado,10198,TIN_000124,20124,40124,50124,Cliente_002,CLI002,Producto_001,Configuracion_005,30005,Fitosanitario 150 Gy,0.3,4,4,SYS_001801,TAG_001801,11,MODE_B - Config demo,0.3,2,1,0.3,0.025,8.0,0.667,8:56:00 a.m.,10:02:00 a.m.,01:06:00,,Operador_05
11-ago-27,Operador_01,Completado,10198,TIN_000124,20124,40124,50124,Cliente_002,CLI002,Producto_001,Configuracion_005,30005,Fitosanitario 150 Gy,0.3,5,5,SYS_001802,TAG_001802,11,MODE_B - Config demo,0.3,2,1,0.3,0.025,8.0,0.667,8:56:00 a.m.,10:02:00 a.m.,01:06:00,,Operador_01
11-ago-27,Operador_02,Completado,10198,TIN_000124,20124,40124,50124,Cliente_002,CLI002,Producto_001,Configuracion_005,30005,Fitosanitario 150 Gy,0.3,6,6,SYS_001803,TAG_001803,11,MODE_B - Config demo,0.3,2,1,0.3,0.025,8.0,0.667,8:56:00 a.m.,10:02:00 a.m.,01:06:00,,Operador_02
11-ago-27,Operador_02,Completado,10198,TIN_000124,20124,40124,50124,Cliente_002,CLI002,Producto_001,Configuracion_005,30005,Fitosanitario 150 Gy,0.3,7,7,SYS_001804,TAG_001804,11,MODE_B - Config demo,0.3,2,1,0.3,0.025,8.0,0.667,8:56:00 a.m.,10:02:00 a.m.,01:06:00,,Operador_05
11-ago-27,Operador_05,Completado,10198,TIN_000124,20124,40124,50124,Cliente_002,CLI002,Producto_001,Configuracion_005,30005,Fitosanitario 150 Gy,0.3,8,8,SYS_001805,TAG_001805,11,MODE_B - Config demo,0.3,2,1,0.3,0.025,8.0,0.667,8:56:00 a.m.,10:02:00 a.m.,01:06:00,,Operador_03
11-ago-27,Operador_05,Completado,10198,TIN_000124,20124,40124,50124,Cliente_002,CLI002,Producto_001,Configuracion_005,30005,Fitosanitario 150 Gy,0.3,9,9,SYS_001806,TAG_001806,11,MODE_B - Config demo,0.3,2,1,0.3,0.025,8.0,0.667,8:56:00 a.m.,10:02:00 a.m.,01:06:00,,Operador_02
11-ago-27,Operador_02,Completado,10198,TIN_000124,20124,40124,50124,Cliente_002,CLI002,Producto_001,Configuracion_005,30005,Fitosanitario 150 Gy,0.3,10,10,SYS_001807,TAG_001807,11,MODE_B - Config demo,0.3,2,1,0.3,0.025,8.0,0.667,8:56:00 a.m.,10:02:00 a.m.,01:06:00,,Operador_04
11-ago-27,Operador_05,Completado,10198,TIN_000124,20124,40124,50124,Cliente_002,CLI002,Producto_001,Configuracion_005,30005,Fitosanitario 150 Gy,0.3,11,11,SYS_001808,TAG_001808,11,MODE_B - Config demo,0.3,2,1,0.3,0.025,8.0,0.667,8:56:00 a.m.,10:02:00 a.m.,01:06:00,,Operador_01
30-ago-27,Operador_03,Completado,10199,TIN_000125,20125,40125,50125,Cliente_020,CLI020,Producto_007,Configuracion_006,30006,Fitosanitario 150 Gy,0.28,1,1,SYS_001809,TAG_001809,17,MODE_A - Config demo,0.28,2,1,0.28,2.5,2.4,21.429,1:20:00 p.m.,2:23:00 p.m.,01:03:00,,Operador_05
30-ago-27,Operador_04,Completado,10199,TIN_000125,20125,40125,50125,Cliente_020,CLI020,Producto_007,Configuracion_006,30006,Fitosanitario 150 Gy,0.28,2,2,SYS_001810,TAG_001810,17,MODE_A - Config demo,0.28,2,1,0.28,2.5,2.4,21.429,1:20:00 p.m.,2:23:00 p.m.,01:03:00,,Operador_04
30-ago-27,Operador_01,Completado,10199,TIN_000125,20125,40125,50125,Cliente_020,CLI020,Producto_007,Configuracion_006,30006,Fitosanitario 150 Gy,0.28,3,3,SYS_001811,TAG_001811,17,MODE_A - Config demo,0.28,2,1,0.28,2.5,2.4,21.429,1:20:00 p.m.,2:23:00 p.m.,01:03:00,,Operador_03
30-ago-27,Operador_05,Completado,10199,TIN_000125,20125,40125,50125,Cliente_020,CLI020,Producto_007,Configuracion_006,30006,Fitosanitario 150 Gy,0.28,4,4,SYS_001812,TAG_001812,17,MODE_A - Config demo,0.28,2,1,0.28,2.5,2.4,21.429,1:20:00 p.m.,2:23:00 p.m.,01:03:00,,Operador_01
30-ago-27,Operador_05,Completado,10199,TIN_000125,20125,40125,50125,Cliente_020,CLI020,Producto_007,Configuracion_006,30006,Fitosanitario 150 Gy,0.28,5,5,SYS_001813,TAG_001813,17,MODE_A - Config demo,0.28,2,1,0.28,2.5,2.4,21.429,1:20:00 p.m.,2:23:00 p.m.,01:03:00,,Operador_02
30-ago-27,Operador_02,Completado,10199,TIN_000125,20125,40125,50125,Cliente_020,CLI020,Producto_007,Configuracion_006,30006,Fitosanitario 150 Gy,0.28,6,6,SYS_001814,TAG_001814,17,MODE_A - Config demo,0.28,2,1,0.28,2.5,2.4,21.429,1:20:00 p.m.,2:23:00 p.m.,01:03:00,,Operador_05
30-ago-27,Operador_04,Completado,10199,TIN_000125,20125,40125,50125,Cliente_020,CLI020,Producto_007,Configuracion_006,30006,Fitosanitario 150 Gy,0.28,7,7,SYS_001815,TAG_001815,17,MODE_A - Config demo,0.28,2,1,0.28,2.5,2.4,21.429,1:20:00 p.m.,2:23:00 p.m.,01:03:00,,Operador_05
30-ago-27,Operador_05,Completado,10199,TIN_000125,20125,40125,50125,Cliente_020,CLI020,Producto_007,Configuracion_006,30006,Fitosanitario 150 Gy,0.28,8,8,SYS_001816,TAG_001816,17,MODE_A - Config demo,0.28,2,1,0.28,2.5,2.4,21.429,1:20:00 p.m.,2:23:00 p.m.,01:03:00,,Operador_01
30-ago-27,Operador_02,Completado,10199,TIN_000125,20125,40125,50125,Cliente_020,CLI020,Producto_007,Configuracion_006,30006,Fitosanitario 150 Gy,0.28,9,9,SYS_001817,TAG_001817,17,MODE_A - Config demo,0.28,2,1,0.28,2.5,2.4,21.429,1:20:00 p.m.,2:23:00 p.m.,01:03:00,,Operador_02
30-ago-27,Operador_02,Completado,10200,TIN_000125,20125,40125,50125,Cliente_020,CLI020,Producto_007,Configuracion_006,30006,Fitosanitario 150 Gy,0.28,10,1,SYS_001818,TAG_001818,17,MODE_A - Config demo,0.28,2,1,0.28,2.5,2.4,21.429,8:41:00 a.m.,9:37:00 a.m.,00:56:00,,Operador_05
30-ago-27,Operador_04,Completado,10200,TIN_000125,20125,40125,50125,Cliente_020,CLI020,Producto_007,Configuracion_006,30006,Fitosanitario 150 Gy,0.28,11,2,SYS_001819,TAG_001819,17,MODE_A - Config demo,0.28,2,1,0.28,2.5,2.4,21.429,8:41:00 a.m.,9:37:00 a.m.,00:56:00,,Operador_01
30-ago-27,Operador_02,Completado,10200,TIN_000125,20125,40125,50125,Cliente_020,CLI020,Producto_007,Configuracion_006,30006,Fitosanitario 150 Gy,0.28,12,3,SYS_001820,TAG_001820,17,MODE_A - Config demo,0.28,2,1,0.28,2.5,2.4,21.429,8:41:00 a.m.,9:37:00 a.m.,00:56:00,,Operador_05
30-ago-27,Operador_05,Completado,10200,TIN_000125,20125,40125,50125,Cliente_020,CLI020,Producto_007,Configuracion_006,30006,Fitosanitario 150 Gy,0.28,13,4,SYS_001821,TAG_001821,17,MODE_A - Config demo,0.28,2,1,0.28,2.5,2.4,21.429,8:41:00 a.m.,9:37:00 a.m.,00:56:00,,Operador_04
30-ago-27,Operador_04,Completado,10200,TIN_000125,20125,40125,50125,Cliente_020,CLI020,Producto_007,Configuracion_006,30006,Fitosanitario 150 Gy,0.28,14,5,SYS_001822,TAG_001822,17,MODE_A - Config demo,0.28,2,1,0.28,2.5,2.4,21.429,8:41:00 a.m.,9:37:00 a.m.,00:56:00,,Operador_05
30-ago-27,Operador_01,Completado,10200,TIN_000125,20125,40125,50125,Cliente_020,CLI020,Producto_007,Configuracion_006,30006,Fitosanitario 150 Gy,0.28,15,6,SYS_001823,TAG_001823,17,MODE_A - Config demo,0.28,2,1,0.28,2.5,2.4,21.429,8:41:00 a.m.,9:37:00 a.m.,00:56:00,,Operador_03
30-ago-27,Operador_02,Completado,10200,TIN_000125,20125,40125,50125,Cliente_020,CLI020,Producto_007,Configuracion_006,30006,Fitosanitario 150 Gy,0.28,16,7,SYS_001824,TAG_001824,17,MODE_A - Config demo,0.28,2,1,0.28,2.5,2.4,21.429,8:41:00 a.m.,9:37:00 a.m.,00:56:00,,Operador_05
30-ago-27,Operador_04,Completado,10200,TIN_000125,20125,40125,50125,Cliente_020,CLI020,Producto_007,Configuracion_006,30006,Fitosanitario 150 Gy,0.28,17,8,SYS_001825,TAG_001825,17,MODE_A - Config demo,0.28,2,1,0.28,2.5,2.4,21.429,8:41:00 a.m.,9:37:00 a.m.,00:56:00,,Operador_04
07-ago-27,Operador_03,Completado,10201,TIN_000126,20126,40126,50126,Cliente_008,CLI008,Producto_010,Configuracion_007,30007,Desbacterizacion (Alimento mascotas),4.0,1,1,SYS_001826,TAG_001826,14,MODE_B - Config demo,4.0,2,1,4.0,0.025,8.0,0.05,7:54:00 a.m.,8:48:00 a.m.,00:54:00,,Operador_04
07-ago-27,Operador_02,Completado,10201,TIN_000126,20126,40126,50126,Cliente_008,CLI008,Producto_010,Configuracion_007,30007,Desbacterizacion (Alimento mascotas),4.0,2,2,SYS_001827,TAG_001827,14,MODE_B - Config demo,4.0,2,1,4.0,0.025,8.0,0.05,7:54:00 a.m.,8:48:00 a.m.,00:54:00,,Operador_02
07-ago-27,Operador_04,Completado,10201,TIN_000126,20126,40126,50126,Cliente_008,CLI008,Producto_010,Configuracion_007,30007,Desbacterizacion (Alimento mascotas),4.0,3,3,SYS_001828,TAG_001828,14,MODE_B - Config demo,4.0,2,1,4.0,0.025,8.0,0.05,7:54:00 a.m.,8:48:00 a.m.,00:54:00,,Operador_03
07-ago-27,Operador_03,Completado,10201,TIN_000126,20126,40126,50126,Cliente_008,CLI008,Producto_010,Configuracion_007,30007,Desbacterizacion (Alimento mascotas),4.0,4,4,SYS_001829,TAG_001829,14,MODE_B - Config demo,4.0,2,1,4.0,0.025,8.0,0.05,7:54:00 a.m.,8:48:00 a.m.,00:54:00,,Operador_03
07-ago-27,Operador_05,Completado,10201,TIN_000126,20126,40126,50126,Cliente_008,CLI008,Producto_010,Configuracion_007,30007,Desbacterizacion (Alimento mascotas),4.0,5,5,SYS_001830,TAG_001830,14,MODE_B - Config demo,4.0,2,1,4.0,0.025,8.0,0.05,7:54:00 a.m.,8:48:00 a.m.,00:54:00,,Operador_03
07-ago-27,Operador_04,Completado,10202,TIN_000126,20126,40126,50126,Cliente_008,CLI008,Producto_010,Configuracion_007,30007,Desbacterizacion (Alimento mascotas),4.0,6,1,SYS_001831,TAG_001831,14,MODE_B - Config demo,2.0,2,2,2.0,0.025,8.0,0.1,9:04:00 a.m.,9:49:00 a.m.,00:45:00,Desviacion_demo_10202,Operador_04
07-ago-27,Operador_02,Completado,10202,TIN_000126,20126,40126,50126,Cliente_008,CLI008,Producto_010,Configuracion_007,30007,Desbacterizacion (Alimento mascotas),4.0,7,2,SYS_001832,TAG_001832,14,MODE_B - Config demo,2.0,2,2,2.0,0.025,8.0,0.1,9:04:00 a.m.,9:49:00 a.m.,00:45:00,Desviacion_demo_10202,Operador_04
07-ago-27,Operador_01,Completado,10202,TIN_000126,20126,40126,50126,Cliente_008,CLI008,Producto_010,Configuracion_007,30007,Desbacterizacion (Alimento mascotas),4.0,8,3,SYS_001833,TAG_001833,14,MODE_B - Config demo,2.0,2,2,2.0,0.025,8.0,0.1,9:04:00 a.m.,9:49:00 a.m.,00:45:00,Desviacion_demo_10202,Operador_03
07-ago-27,Operador_03,Completado,10202,TIN_000126,20126,40126,50126,Cliente_008,CLI008,Producto_010,Configuracion_007,30007,Desbacterizacion (Alimento mascotas),4.0,9,4,SYS_001834,TAG_001834,14,MODE_B - Config demo,2.0,2,2,2.0,0.025,8.0,0.1,9:04:00 a.m.,9:49:00 a.m.,00:45:00,Desviacion_demo_10202,Operador_04
07-ago-27,Operador_02,Completado,10202,TIN_000126,20126,40126,50126,Cliente_008,CLI008,Producto_010,Configuracion_007,30007,Desbacterizacion (Alimento mascotas),4.0,10,5,SYS_001835,TAG_001835,14,MODE_B - Config demo,2.0,2,2,2.0,0.025,8.0,0.1,9:04:00 a.m.,9:49:00 a.m.,00:45:00,Desviacion_demo_10202,Operador_05
07-ago-27,Operador_03,Completado,10203,TIN_000126,20126,40126,50126,Cliente_008,CLI008,Producto_010,Configuracion_007,30007,Desbacterizacion (Alimento mascotas),4.0,11,1,SYS_001836,TAG_001836,14,MODE_B - Config demo,4.0,2,1,4.0,0.025,8.0,0.05,8:40:00 a.m.,9:28:00 a.m.,00:48:00,,Operador_03
07-ago-27,Operador_02,Completado,10203,TIN_000126,20126,40126,50126,Cliente_008,CLI008,Producto_010,Configuracion_007,30007,Desbacterizacion (Alimento mascotas),4.0,12,2,SYS_001837,TAG_001837,14,MODE_B - Config demo,4.0,2,1,4.0,0.025,8.0,0.05,8:40:00 a.m.,9:28:00 a.m.,00:48:00,,Operador_03
07-ago-27,Operador_02,Completado,10203,TIN_000126,20126,40126,50126,Cliente_008,CLI008,Producto_010,Configuracion_007,30007,Desbacterizacion (Alimento mascotas),4.0,13,3,SYS_001838,TAG_001838,14,MODE_B - Config demo,4.0,2,1,4.0,0.025,8.0,0.05,8:40:00 a.m.,9:28:00 a.m.,00:48:00,,Operador_04
07-ago-27,Operador_01,Completado,10203,TIN_000126,20126,40126,50126,Cliente_008,CLI008,Producto_010,Configuracion_007,30007,Desbacterizacion (Alimento mascotas),4.0,14,4,SYS_001839,TAG_001839,14,MODE_B - Config demo,4.0,2,1,4.0,0.025,8.0,0.05,8:40:00 a.m.,9:28:00 a.m.,00:48:00,,Operador_02
16-ago-27,Operador_03,Completado,10204,TIN_000127,20127,40127,50127,Cliente_007,CLI007,Producto_013,Configuracion_008,30008,Fitosanitario 150 Gy,0.28,1,1,SYS_001840,TAG_001840,14,MODE_B - Config demo,0.28,2,1,0.28,0.025,8.0,0.714,10:03:00 a.m.,11:18:00 a.m.,01:15:00,,Operador_02
16-ago-27,Operador_03,Completado,10204,TIN_000127,20127,40127,50127,Cliente_007,CLI007,Producto_013,Configuracion_008,30008,Fitosanitario 150 Gy,0.28,2,2,SYS_001841,TAG_001841,14,MODE_B - Config demo,0.28,2,1,0.28,0.025,8.0,0.714,10:03:00 a.m.,11:18:00 a.m.,01:15:00,,Operador_03
16-ago-27,Operador_02,Completado,10204,TIN_000127,20127,40127,50127,Cliente_007,CLI007,Producto_013,Configuracion_008,30008,Fitosanitario 150 Gy,0.28,3,3,SYS_001842,TAG_001842,14,MODE_B - Config demo,0.28,2,1,0.28,0.025,8.0,0.714,10:03:00 a.m.,11:18:00 a.m.,01:15:00,,Operador_01
16-ago-27,Operador_01,Completado,10204,TIN_000127,20127,40127,50127,Cliente_007,CLI007,Producto_013,Configuracion_008,30008,Fitosanitario 150 Gy,0.28,4,4,SYS_001843,TAG_001843,14,MODE_B - Config demo,0.28,2,1,0.28,0.025,8.0,0.714,10:03:00 a.m.,11:18:00 a.m.,01:15:00,,Operador_03
16-ago-27,Operador_04,Completado,10204,TIN_000127,20127,40127,50127,Cliente_007,CLI007,Producto_013,Configuracion_008,30008,Fitosanitario 150 Gy,0.28,5,5,SYS_001844,TAG_001844,14,MODE_B - Config demo,0.28,2,1,0.28,0.025,8.0,0.714,10:03:00 a.m.,11:18:00 a.m.,01:15:00,,Operador_04
16-ago-27,Operador_04,Completado,10204,TIN_000127,20127,40127,50127,Cliente_007,CLI007,Producto_013,Configuracion_008,30008,Fitosanitario 150 Gy,0.28,6,6,SYS_001845,TAG_001845,14,MODE_B - Config demo,0.28,2,1,0.28,0.025,8.0,0.714,10:03:00 a.m.,11:18:00 a.m.,01:15:00,,Operador_03
16-ago-27,Operador_05,Completado,10204,TIN_000127,20127,40127,50127,Cliente_007,CLI007,Producto_013,Configuracion_008,30008,Fitosanitario 150 Gy,0.28,7,7,SYS_001846,TAG_001846,14,MODE_B - Config demo,0.28,2,1,0.28,0.025,8.0,0.714,10:03:00 a.m.,11:18:00 a.m.,01:15:00,,Operador_05
16-ago-27,Operador_01,Completado,10204,TIN_000127,20127,40127,50127,Cliente_007,CLI007,Producto_013,Configuracion_008,30008,Fitosanitario 150 Gy,0.28,8,8,SYS_001847,TAG_001847,14,MODE_B - Config demo,0.28,2,1,0.28,0.025,8.0,0.714,10:03:00 a.m.,11:18:00 a.m.,01:15:00,,Operador_01
16-ago-27,Operador_02,Completado,10204,TIN_000127,20127,40127,50127,Cliente_007,CLI007,Producto_013,Configuracion_008,30008,Fitosanitario 150 Gy,0.28,9,9,SYS_001848,TAG_001848,14,MODE_B - Config demo,0.28,2,1,0.28,0.025,8.0,0.714,10:03:00 a.m.,11:18:00 a.m.,01:15:00,,Operador_03
16-ago-27,Operador_02,Completado,10204,TIN_000127,20127,40127,50127,Cliente_007,CLI007,Producto_013,Configuracion_008,30008,Fitosanitario 150 Gy,0.28,10,10,SYS_001849,TAG_001849,14,MODE_B - Config demo,0.28,2,1,0.28,0.025,8.0,0.714,10:03:00 a.m.,11:18:00 a.m.,01:15:00,,Operador_02
16-ago-27,Operador_01,Completado,10204,TIN_000127,20127,40127,50127,Cliente_007,CLI007,Producto_013,Configuracion_008,30008,Fitosanitario 150 Gy,0.28,11,11,SYS_001850,TAG_001850,14,MODE_B - Config demo,0.28,2,1,0.28,0.025,8.0,0.714,10:03:00 a.m.,11:18:00 a.m.,01:15:00,,Operador_05
16-ago-27,Operador_04,Completado,10204,TIN_000127,20127,40127,50127,Cliente_007,CLI007,Producto_013,Configuracion_008,30008,Fitosanitario 150 Gy,0.28,12,12,SYS_001851,TAG_001851,14,MODE_B - Config demo,0.28,2,1,0.28,0.025,8.0,0.714,10:03:00 a.m.,11:18:00 a.m.,01:15:00,,Operador_01
16-ago-27,Operador_03,Completado,10204,TIN_000127,20127,40127,50127,Cliente_007,CLI007,Producto_013,Configuracion_008,30008,Fitosanitario 150 Gy,0.28,13,1,SYS_001852,TAG_001852,14,MODE_B - Config demo,0.28,2,1,0.28,0.025,8.0,0.714,10:03:00 a.m.,11:18:00 a.m.,01:15:00,,Operador_03
16-ago-27,Operador_03,Completado,10204,TIN_000127,20127,40127,50127,Cliente_007,CLI007,Producto_013,Configuracion_008,30008,Fitosanitario 150 Gy,0.28,14,2,SYS_001853,TAG_001853,14,MODE_B - Config demo,0.28,2,1,0.28,0.025,8.0,0.714,10:03:00 a.m.,11:18:00 a.m.,01:15:00,,Operador_03
19-ago-27,Operador_02,Completado,10205,TIN_000128,20128,40128,50128,Cliente_010,CLI010,Producto_011,Configuracion_001,30001,Desbacterizacion (Otros Y protocolos),2.0,1,1,SYS_001854,TAG_001854,16,MODE_B - Config demo,2.0,2,1,2.0,0.025,8.0,0.1,9:01:00 a.m.,10:20:00 a.m.,01:19:00,,Operador_05
19-ago-27,Operador_03,Completado,10205,TIN_000128,20128,40128,50128,Cliente_010,CLI010,Producto_011,Configuracion_001,30001,Desbacterizacion (Otros Y protocolos),2.0,2,2,SYS_001855,TAG_001855,16,MODE_B - Config demo,2.0,2,1,2.0,0.025,8.0,0.1,9:01:00 a.m.,10:20:00 a.m.,01:19:00,,Operador_04
19-ago-27,Operador_03,Completado,10205,TIN_000128,20128,40128,50128,Cliente_010,CLI010,Producto_011,Configuracion_001,30001,Desbacterizacion (Otros Y protocolos),2.0,3,3,SYS_001856,TAG_001856,16,MODE_B - Config demo,2.0,2,1,2.0,0.025,8.0,0.1,9:01:00 a.m.,10:20:00 a.m.,01:19:00,,Operador_01
19-ago-27,Operador_05,Completado,10205,TIN_000128,20128,40128,50128,Cliente_010,CLI010,Producto_011,Configuracion_001,30001,Desbacterizacion (Otros Y protocolos),2.0,4,4,SYS_001857,TAG_001857,16,MODE_B - Config demo,2.0,2,1,2.0,0.025,8.0,0.1,9:01:00 a.m.,10:20:00 a.m.,01:19:00,,Operador_03
19-ago-27,Operador_03,Completado,10205,TIN_000128,20128,40128,50128,Cliente_010,CLI010,Producto_011,Configuracion_001,30001,Desbacterizacion (Otros Y protocolos),2.0,5,5,SYS_001858,TAG_001858,16,MODE_B - Config demo,2.0,2,1,2.0,0.025,8.0,0.1,9:01:00 a.m.,10:20:00 a.m.,01:19:00,,Operador_02
19-ago-27,Operador_01,Completado,10205,TIN_000128,20128,40128,50128,Cliente_010,CLI010,Producto_011,Configuracion_001,30001,Desbacterizacion (Otros Y protocolos),2.0,6,6,SYS_001859,TAG_001859,16,MODE_B - Config demo,2.0,2,1,2.0,0.025,8.0,0.1,9:01:00 a.m.,10:20:00 a.m.,01:19:00,,Operador_01
19-ago-27,Operador_03,Completado,10205,TIN_000128,20128,40128,50128,Cliente_010,CLI010,Producto_011,Configuracion_001,30001,Desbacterizacion (Otros Y protocolos),2.0,7,7,SYS_001860,TAG_001860,16,MODE_B - Config demo,2.0,2,1,2.0,0.025,8.0,0.1,9:01:00 a.m.,10:20:00 a.m.,01:19:00,,Operador_02
19-ago-27,Operador_03,Completado,10205,TIN_000128,20128,40128,50128,Cliente_010,CLI010,Producto_011,Configuracion_001,30001,Desbacterizacion (Otros Y protocolos),2.0,8,8,SYS_001861,TAG_001861,16,MODE_B - Config demo,2.0,2,1,2.0,0.025,8.0,0.1,9:01:00 a.m.,10:20:00 a.m.,01:19:00,,Operador_05
19-ago-27,Operador_04,Completado,10205,TIN_000128,20128,40128,50128,Cliente_010,CLI010,Producto_011,Configuracion_001,30001,Desbacterizacion (Otros Y protocolos),2.0,9,9,SYS_001862,TAG_001862,16,MODE_B - Config demo,2.0,2,1,2.0,0.025,8.0,0.1,9:01:00 a.m.,10:20:00 a.m.,01:19:00,,Operador_04
19-ago-27,Operador_04,Completado,10205,TIN_000128,20128,40128,50128,Cliente_010,CLI010,Producto_011,Configuracion_001,30001,Desbacterizacion (Otros Y protocolos),2.0,10,10,SYS_001863,TAG_001863,16,MODE_B - Config demo,2.0,2,1,2.0,0.025,8.0,0.1,9:01:00 a.m.,10:20:00 a.m.,01:19:00,,Operador_01
19-ago-27,Operador_04,Completado,10205,TIN_000128,20128,40128,50128,Cliente_010,CLI010,Producto_011,Configuracion_001,30001,Desbacterizacion (Otros Y protocolos),2.0,11,11,SYS_001864,TAG_001864,16,MODE_B - Config demo,2.0,2,1,2.0,0.025,8.0,0.1,9:01:00 a.m.,10:20:00 a.m.,01:19:00,,Operador_05
19-ago-27,Operador_05,Completado,10205,TIN_000128,20128,40128,50128,Cliente_010,CLI010,Producto_011,Configuracion_001,30001,Desbacterizacion (Otros Y protocolos),2.0,12,12,SYS_001865,TAG_001865,16,MODE_B - Config demo,2.0,2,1,2.0,0.025,8.0,0.1,9:01:00 a.m.,10:20:00 a.m.,01:19:00,,Operador_01
19-ago-27,Operador_01,Completado,10205,TIN_000128,20128,40128,50128,Cliente_010,CLI010,Producto_011,Configuracion_001,30001,Desbacterizacion (Otros Y protocolos),2.0,13,1,SYS_001866,TAG_001866,16,MODE_B - Config demo,2.0,2,1,2.0,0.025,8.0,0.1,9:01:00 a.m.,10:20:00 a.m.,01:19:00,,Operador_05
19-ago-27,Operador_04,Completado,10205,TIN_000128,20128,40128,50128,Cliente_010,CLI010,Producto_011,Configuracion_001,30001,Desbacterizacion (Otros Y protocolos),2.0,14,2,SYS_001867,TAG_001867,16,MODE_B - Config demo,2.0,2,1,2.0,0.025,8.0,0.1,9:01:00 a.m.,10:20:00 a.m.,01:19:00,,Operador_01
19-ago-27,Operador_05,Completado,10205,TIN_000128,20128,40128,50128,Cliente_010,CLI010,Producto_011,Configuracion_001,30001,Desbacterizacion (Otros Y protocolos),2.0,15,3,SYS_001868,TAG_001868,16,MODE_B - Config demo,2.0,2,1,2.0,0.025,8.0,0.1,9:01:00 a.m.,10:20:00 a.m.,01:19:00,,Operador_05
19-ago-27,Operador_02,Completado,10205,TIN_000128,20128,40128,50128,Cliente_010,CLI010,Producto_011,Configuracion_001,30001,Desbacterizacion (Otros Y protocolos),2.0,16,4,SYS_001869,TAG_001869,16,MODE_B - Config demo,2.0,2,1,2.0,0.025,8.0,0.1,9:01:00 a.m.,10:20:00 a.m.,01:19:00,,Operador_02
15-ago-27,Operador_03,Completado,10206,TIN_000129,20129,40129,50129,Cliente_006,CLI006,Producto_005,Configuracion_002,30002,Fitosanitario 150 Gy,0.32,1,1,SYS_001870,TAG_001870,19,MODE_B - Config demo,0.32,2,1,0.32,0.025,8.0,0.625,3:17:00 p.m.,4:20:00 p.m.,01:03:00,,Operador_04
15-ago-27,Operador_03,Completado,10206,TIN_000129,20129,40129,50129,Cliente_006,CLI006,Producto_005,Configuracion_002,30002,Fitosanitario 150 Gy,0.32,2,2,SYS_001871,TAG_001871,19,MODE_B - Config demo,0.32,2,1,0.32,0.025,8.0,0.625,3:17:00 p.m.,4:20:00 p.m.,01:03:00,,Operador_03
15-ago-27,Operador_04,Completado,10206,TIN_000129,20129,40129,50129,Cliente_006,CLI006,Producto_005,Configuracion_002,30002,Fitosanitario 150 Gy,0.32,3,3,SYS_001872,TAG_001872,19,MODE_B - Config demo,0.32,2,1,0.32,0.025,8.0,0.625,3:17:00 p.m.,4:20:00 p.m.,01:03:00,,Operador_01
15-ago-27,Operador_04,Completado,10206,TIN_000129,20129,40129,50129,Cliente_006,CLI006,Producto_005,Configuracion_002,30002,Fitosanitario 150 Gy,0.32,4,4,SYS_001873,TAG_001873,19,MODE_B - Config demo,0.32,2,1,0.32,0.025,8.0,0.625,3:17:00 p.m.,4:20:00 p.m.,01:03:00,,Operador_05
15-ago-27,Operador_01,Completado,10206,TIN_000129,20129,40129,50129,Cliente_006,CLI006,Producto_005,Configuracion_002,30002,Fitosanitario 150 Gy,0.32,5,5,SYS_001874,TAG_001874,19,MODE_B - Config demo,0.32,2,1,0.32,0.025,8.0,0.625,3:17:00 p.m.,4:20:00 p.m.,01:03:00,,Operador_05
15-ago-27,Operador_03,Completado,10206,TIN_000129,20129,40129,50129,Cliente_006,CLI006,Producto_005,Configuracion_002,30002,Fitosanitario 150 Gy,0.32,6,6,SYS_001875,TAG_001875,19,MODE_B - Config demo,0.32,2,1,0.32,0.025,8.0,0.625,3:17:00 p.m.,4:20:00 p.m.,01:03:00,,Operador_02
15-ago-27,Operador_02,Completado,10206,TIN_000129,20129,40129,50129,Cliente_006,CLI006,Producto_005,Configuracion_002,30002,Fitosanitario 150 Gy,0.32,7,7,SYS_001876,TAG_001876,19,MODE_B - Config demo,0.32,2,1,0.32,0.025,8.0,0.625,3:17:00 p.m.,4:20:00 p.m.,01:03:00,,Operador_05
15-ago-27,Operador_03,Completado,10206,TIN_000129,20129,40129,50129,Cliente_006,CLI006,Producto_005,Configuracion_002,30002,Fitosanitario 150 Gy,0.32,8,8,SYS_001877,TAG_001877,19,MODE_B - Config demo,0.32,2,1,0.32,0.025,8.0,0.625,3:17:00 p.m.,4:20:00 p.m.,01:03:00,,Operador_05
15-ago-27,Operador_04,Completado,10206,TIN_000129,20129,40129,50129,Cliente_006,CLI006,Producto_005,Configuracion_002,30002,Fitosanitario 150 Gy,0.32,9,9,SYS_001878,TAG_001878,19,MODE_B - Config demo,0.32,2,1,0.32,0.025,8.0,0.625,3:17:00 p.m.,4:20:00 p.m.,01:03:00,,Operador_03
15-ago-27,Operador_01,Completado,10206,TIN_000129,20129,40129,50129,Cliente_006,CLI006,Producto_005,Configuracion_002,30002,Fitosanitario 150 Gy,0.32,10,10,SYS_001879,TAG_001879,19,MODE_B - Config demo,0.32,2,1,0.32,0.025,8.0,0.625,3:17:00 p.m.,4:20:00 p.m.,01:03:00,,Operador_05
15-ago-27,Operador_01,Completado,10207,TIN_000129,20129,40129,50129,Cliente_006,CLI006,Producto_005,Configuracion_002,30002,Fitosanitario 150 Gy,0.32,11,1,SYS_001880,TAG_001880,19,MODE_B - Config demo,0.16,2,2,0.16,0.025,8.0,1.25,7:50:00 a.m.,8:42:00 a.m.,00:52:00,,Operador_05
15-ago-27,Operador_02,Completado,10207,TIN_000129,20129,40129,50129,Cliente_006,CLI006,Producto_005,Configuracion_002,30002,Fitosanitario 150 Gy,0.32,12,2,SYS_001881,TAG_001881,19,MODE_B - Config demo,0.16,2,2,0.16,0.025,8.0,1.25,7:50:00 a.m.,8:42:00 a.m.,00:52:00,,Operador_03
15-ago-27,Operador_04,Completado,10207,TIN_000129,20129,40129,50129,Cliente_006,CLI006,Producto_005,Configuracion_002,30002,Fitosanitario 150 Gy,0.32,13,3,SYS_001882,TAG_001882,19,MODE_B - Config demo,0.16,2,2,0.16,0.025,8.0,1.25,7:50:00 a.m.,8:42:00 a.m.,00:52:00,,Operador_05
15-ago-27,Operador_02,Completado,10207,TIN_000129,20129,40129,50129,Cliente_006,CLI006,Producto_005,Configuracion_002,30002,Fitosanitario 150 Gy,0.32,14,4,SYS_001883,TAG_001883,19,MODE_B - Config demo,0.16,2,2,0.16,0.025,8.0,1.25,7:50:00 a.m.,8:42:00 a.m.,00:52:00,,Operador_01
15-ago-27,Operador_04,Completado,10207,TIN_000129,20129,40129,50129,Cliente_006,CLI006,Producto_005,Configuracion_002,30002,Fitosanitario 150 Gy,0.32,15,5,SYS_001884,TAG_001884,19,MODE_B - Config demo,0.16,2,2,0.16,0.025,8.0,1.25,7:50:00 a.m.,8:42:00 a.m.,00:52:00,,Operador_01
15-ago-27,Operador_05,Completado,10207,TIN_000129,20129,40129,50129,Cliente_006,CLI006,Producto_005,Configuracion_002,30002,Fitosanitario 150 Gy,0.32,16,6,SYS_001885,TAG_001885,19,MODE_B - Config demo,0.16,2,2,0.16,0.025,8.0,1.25,7:50:00 a.m.,8:42:00 a.m.,00:52:00,,Operador_03
15-ago-27,Operador_03,Completado,10207,TIN_000129,20129,40129,50129,Cliente_006,CLI006,Producto_005,Configuracion_002,30002,Fitosanitario 150 Gy,0.32,17,7,SYS_001886,TAG_001886,19,MODE_B - Config demo,0.16,2,2,0.16,0.025,8.0,1.25,7:50:00 a.m.,8:42:00 a.m.,00:52:00,,Operador_03
15-ago-27,Operador_03,Completado,10207,TIN_000129,20129,40129,50129,Cliente_006,CLI006,Producto_005,Configuracion_002,30002,Fitosanitario 150 Gy,0.32,18,8,SYS_001887,TAG_001887,19,MODE_B - Config demo,0.16,2,2,0.16,0.025,8.0,1.25,7:50:00 a.m.,8:42:00 a.m.,00:52:00,,Operador_01
15-ago-27,Operador_01,Completado,10207,TIN_000129,20129,40129,50129,Cliente_006,CLI006,Producto_005,Configuracion_002,30002,Fitosanitario 150 Gy,0.32,19,9,SYS_001888,TAG_001888,19,MODE_B - Config demo,0.16,2,2,0.16,0.025,8.0,1.25,7:50:00 a.m.,8:42:00 a.m.,00:52:00,,Operador_02
24-ago-27,Operador_04,Completado,10208,TIN_000130,20130,40130,50130,Cliente_011,CLI011,Producto_012,Configuracion_003,30003,Desbacterizacion (Otros Y protocolos),1.5,1,1,SYS_001889,TAG_001889,9,MODE_A - Config demo,0.75,2,2,0.75,2.5,2.4,8.0,2:55:00 p.m.,3:43:00 p.m.,00:48:00,,Operador_01
24-ago-27,Operador_05,Completado,10208,TIN_000130,20130,40130,50130,Cliente_011,CLI011,Producto_012,Configuracion_003,30003,Desbacterizacion (Otros Y protocolos),1.5,2,2,SYS_001890,TAG_001890,9,MODE_A - Config demo,0.75,2,2,0.75,2.5,2.4,8.0,2:55:00 p.m.,3:43:00 p.m.,00:48:00,,Operador_05
24-ago-27,Operador_02,Completado,10208,TIN_000130,20130,40130,50130,Cliente_011,CLI011,Producto_012,Configuracion_003,30003,Desbacterizacion (Otros Y protocolos),1.5,3,3,SYS_001891,TAG_001891,9,MODE_A - Config demo,0.75,2,2,0.75,2.5,2.4,8.0,2:55:00 p.m.,3:43:00 p.m.,00:48:00,,Operador_05
24-ago-27,Operador_04,Completado,10208,TIN_000130,20130,40130,50130,Cliente_011,CLI011,Producto_012,Configuracion_003,30003,Desbacterizacion (Otros Y protocolos),1.5,4,4,SYS_001892,TAG_001892,9,MODE_A - Config demo,0.75,2,2,0.75,2.5,2.4,8.0,2:55:00 p.m.,3:43:00 p.m.,00:48:00,,Operador_02
24-ago-27,Operador_05,Completado,10208,TIN_000130,20130,40130,50130,Cliente_011,CLI011,Producto_012,Configuracion_003,30003,Desbacterizacion (Otros Y protocolos),1.5,5,5,SYS_001893,TAG_001893,9,MODE_A - Config demo,0.75,2,2,0.75,2.5,2.4,8.0,2:55:00 p.m.,3:43:00 p.m.,00:48:00,,Operador_03
24-ago-27,Operador_04,Completado,10209,TIN_000130,20130,40130,50130,Cliente_011,CLI011,Producto_012,Configuracion_003,30003,Desbacterizacion (Otros Y protocolos),1.5,6,1,SYS_001894,TAG_001894,9,MODE_B - Config demo,1.5,2,1,1.5,0.025,8.0,0.133,7:39:00 p.m.,8:26:00 p.m.,00:47:00,,Operador_03
24-ago-27,Operador_04,Completado,10209,TIN_000130,20130,40130,50130,Cliente_011,CLI011,Producto_012,Configuracion_003,30003,Desbacterizacion (Otros Y protocolos),1.5,7,2,SYS_001895,TAG_001895,9,MODE_B - Config demo,1.5,2,1,1.5,0.025,8.0,0.133,7:39:00 p.m.,8:26:00 p.m.,00:47:00,,Operador_01
24-ago-27,Operador_04,Completado,10209,TIN_000130,20130,40130,50130,Cliente_011,CLI011,Producto_012,Configuracion_003,30003,Desbacterizacion (Otros Y protocolos),1.5,8,3,SYS_001896,TAG_001896,9,MODE_B - Config demo,1.5,2,1,1.5,0.025,8.0,0.133,7:39:00 p.m.,8:26:00 p.m.,00:47:00,,Operador_01
24-ago-27,Operador_01,Completado,10209,TIN_000130,20130,40130,50130,Cliente_011,CLI011,Producto_012,Configuracion_003,30003,Desbacterizacion (Otros Y protocolos),1.5,9,4,SYS_001897,TAG_001897,9,MODE_B - Config demo,1.5,2,1,1.5,0.025,8.0,0.133,7:39:00 p.m.,8:26:00 p.m.,00:47:00,,Operador_02
12-ago-27,Operador_02,Completado,10210,TIN_000131,20131,40131,50131,Cliente_015,CLI015,Producto_015,Configuracion_004,30004,Fitosanitario 150 Gy,0.3,1,1,SYS_001898,TAG_001898,9,MODE_B - Config demo,0.3,2,1,0.3,0.025,8.0,0.667,11:32:00 a.m.,12:24:00 p.m.,00:52:00,,Operador_03
12-ago-27,Operador_04,Completado,10210,TIN_000131,20131,40131,50131,Cliente_015,CLI015,Producto_015,Configuracion_004,30004,Fitosanitario 150 Gy,0.3,2,2,SYS_001899,TAG_001899,9,MODE_B - Config demo,0.3,2,1,0.3,0.025,8.0,0.667,11:32:00 a.m.,12:24:00 p.m.,00:52:00,,Operador_02
12-ago-27,Operador_01,Completado,10210,TIN_000131,20131,40131,50131,Cliente_015,CLI015,Producto_015,Configuracion_004,30004,Fitosanitario 150 Gy,0.3,3,3,SYS_001900,TAG_001900,9,MODE_B - Config demo,0.3,2,1,0.3,0.025,8.0,0.667,11:32:00 a.m.,12:24:00 p.m.,00:52:00,,Operador_01
12-ago-27,Operador_04,Completado,10211,TIN_000131,20131,40131,50131,Cliente_015,CLI015,Producto_015,Configuracion_004,30004,Fitosanitario 150 Gy,0.3,4,1,SYS_001901,TAG_001901,9,MODE_B - Config demo,0.15,2,2,0.15,0.025,8.0,1.333,3:15:00 p.m.,4:00:00 p.m.,00:45:00,,Operador_04
12-ago-27,Operador_04,Completado,10211,TIN_000131,20131,40131,50131,Cliente_015,CLI015,Producto_015,Configuracion_004,30004,Fitosanitario 150 Gy,0.3,5,2,SYS_001902,TAG_001902,9,MODE_B - Config demo,0.15,2,2,0.15,0.025,8.0,1.333,3:15:00 p.m.,4:00:00 p.m.,00:45:00,,Operador_01
12-ago-27,Operador_01,Completado,10211,TIN_000131,20131,40131,50131,Cliente_015,CLI015,Producto_015,Configuracion_004,30004,Fitosanitario 150 Gy,0.3,6,3,SYS_001903,TAG_001903,9,MODE_B - Config demo,0.15,2,2,0.15,0.025,8.0,1.333,3:15:00 p.m.,4:00:00 p.m.,00:45:00,,Operador_03
12-ago-27,Operador_02,Completado,10212,TIN_000131,20131,40131,50131,Cliente_015,CLI015,Producto_015,Configuracion_004,30004,Fitosanitario 150 Gy,0.3,7,1,SYS_001904,TAG_001904,9,MODE_B - Config demo,0.3,2,1,0.3,0.025,8.0,0.667,6:14:00 p.m.,6:55:00 p.m.,00:41:00,Desviacion_demo_10212,Operador_04
12-ago-27,Operador_03,Completado,10212,TIN_000131,20131,40131,50131,Cliente_015,CLI015,Producto_015,Configuracion_004,30004,Fitosanitario 150 Gy,0.3,8,2,SYS_001905,TAG_001905,9,MODE_B - Config demo,0.3,2,1,0.3,0.025,8.0,0.667,6:14:00 p.m.,6:55:00 p.m.,00:41:00,Desviacion_demo_10212,Operador_04
12-ago-27,Operador_04,Completado,10212,TIN_000131,20131,40131,50131,Cliente_015,CLI015,Producto_015,Configuracion_004,30004,Fitosanitario 150 Gy,0.3,9,3,SYS_001906,TAG_001906,9,MODE_B - Config demo,0.3,2,1,0.3,0.025,8.0,0.667,6:14:00 p.m.,6:55:00 p.m.,00:41:00,Desviacion_demo_10212,Operador_03
19-ago-27,Operador_04,Completado,10213,TIN_000132,20132,40132,50132,Cliente_005,CLI005,Producto_003,Configuracion_005,30005,Fitosanitario 150 Gy,0.22,1,1,SYS_001907,TAG_001907,12,MODE_B - Config demo,0.11,2,2,0.11,0.025,8.0,1.818,5:47:00 p.m.,6:57:00 p.m.,01:10:00,,Operador_02
19-ago-27,Operador_04,Completado,10213,TIN_000132,20132,40132,50132,Cliente_005,CLI005,Producto_003,Configuracion_005,30005,Fitosanitario 150 Gy,0.22,2,2,SYS_001908,TAG_001908,12,MODE_B - Config demo,0.11,2,2,0.11,0.025,8.0,1.818,5:47:00 p.m.,6:57:00 p.m.,01:10:00,,Operador_01
19-ago-27,Operador_03,Completado,10213,TIN_000132,20132,40132,50132,Cliente_005,CLI005,Producto_003,Configuracion_005,30005,Fitosanitario 150 Gy,0.22,3,3,SYS_001909,TAG_001909,12,MODE_B - Config demo,0.11,2,2,0.11,0.025,8.0,1.818,5:47:00 p.m.,6:57:00 p.m.,01:10:00,,Operador_05
19-ago-27,Operador_05,Completado,10213,TIN_000132,20132,40132,50132,Cliente_005,CLI005,Producto_003,Configuracion_005,30005,Fitosanitario 150 Gy,0.22,4,4,SYS_001910,TAG_001910,12,MODE_B - Config demo,0.11,2,2,0.11,0.025,8.0,1.818,5:47:00 p.m.,6:57:00 p.m.,01:10:00,,Operador_04
19-ago-27,Operador_03,Completado,10213,TIN_000132,20132,40132,50132,Cliente_005,CLI005,Producto_003,Configuracion_005,30005,Fitosanitario 150 Gy,0.22,5,5,SYS_001911,TAG_001911,12,MODE_B - Config demo,0.11,2,2,0.11,0.025,8.0,1.818,5:47:00 p.m.,6:57:00 p.m.,01:10:00,,Operador_02
19-ago-27,Operador_02,Completado,10213,TIN_000132,20132,40132,50132,Cliente_005,CLI005,Producto_003,Configuracion_005,30005,Fitosanitario 150 Gy,0.22,6,6,SYS_001912,TAG_001912,12,MODE_B - Config demo,0.11,2,2,0.11,0.025,8.0,1.818,5:47:00 p.m.,6:57:00 p.m.,01:10:00,,Operador_03
19-ago-27,Operador_03,Completado,10213,TIN_000132,20132,40132,50132,Cliente_005,CLI005,Producto_003,Configuracion_005,30005,Fitosanitario 150 Gy,0.22,7,7,SYS_001913,TAG_001913,12,MODE_B - Config demo,0.11,2,2,0.11,0.025,8.0,1.818,5:47:00 p.m.,6:57:00 p.m.,01:10:00,,Operador_02
19-ago-27,Operador_02,Completado,10213,TIN_000132,20132,40132,50132,Cliente_005,CLI005,Producto_003,Configuracion_005,30005,Fitosanitario 150 Gy,0.22,8,8,SYS_001914,TAG_001914,12,MODE_B - Config demo,0.11,2,2,0.11,0.025,8.0,1.818,5:47:00 p.m.,6:57:00 p.m.,01:10:00,,Operador_04
19-ago-27,Operador_03,Completado,10213,TIN_000132,20132,40132,50132,Cliente_005,CLI005,Producto_003,Configuracion_005,30005,Fitosanitario 150 Gy,0.22,9,9,SYS_001915,TAG_001915,12,MODE_B - Config demo,0.11,2,2,0.11,0.025,8.0,1.818,5:47:00 p.m.,6:57:00 p.m.,01:10:00,,Operador_03
19-ago-27,Operador_05,Completado,10213,TIN_000132,20132,40132,50132,Cliente_005,CLI005,Producto_003,Configuracion_005,30005,Fitosanitario 150 Gy,0.22,10,10,SYS_001916,TAG_001916,12,MODE_B - Config demo,0.11,2,2,0.11,0.025,8.0,1.818,5:47:00 p.m.,6:57:00 p.m.,01:10:00,,Operador_05
19-ago-27,Operador_04,Completado,10213,TIN_000132,20132,40132,50132,Cliente_005,CLI005,Producto_003,Configuracion_005,30005,Fitosanitario 150 Gy,0.22,11,11,SYS_001917,TAG_001917,12,MODE_B - Config demo,0.11,2,2,0.11,0.025,8.0,1.818,5:47:00 p.m.,6:57:00 p.m.,01:10:00,,Operador_04
19-ago-27,Operador_02,Completado,10213,TIN_000132,20132,40132,50132,Cliente_005,CLI005,Producto_003,Configuracion_005,30005,Fitosanitario 150 Gy,0.22,12,12,SYS_001918,TAG_001918,12,MODE_B - Config demo,0.11,2,2,0.11,0.025,8.0,1.818,5:47:00 p.m.,6:57:00 p.m.,01:10:00,,Operador_05
25-ago-27,Operador_01,Completado,10214,TIN_000133,20133,40133,50133,Cliente_004,CLI004,Producto_005,Configuracion_006,30006,Fitosanitario 150 Gy,0.32,1,1,SYS_001919,TAG_001919,15,MODE_B - Config demo,0.32,2,1,0.32,0.025,8.0,0.625,6:50:00 p.m.,7:41:00 p.m.,00:51:00,,Operador_04
25-ago-27,Operador_03,Completado,10214,TIN_000133,20133,40133,50133,Cliente_004,CLI004,Producto_005,Configuracion_006,30006,Fitosanitario 150 Gy,0.32,2,2,SYS_001920,TAG_001920,15,MODE_B - Config demo,0.32,2,1,0.32,0.025,8.0,0.625,6:50:00 p.m.,7:41:00 p.m.,00:51:00,,Operador_04
25-ago-27,Operador_01,Completado,10214,TIN_000133,20133,40133,50133,Cliente_004,CLI004,Producto_005,Configuracion_006,30006,Fitosanitario 150 Gy,0.32,3,3,SYS_001921,TAG_001921,15,MODE_B - Config demo,0.32,2,1,0.32,0.025,8.0,0.625,6:50:00 p.m.,7:41:00 p.m.,00:51:00,,Operador_05
25-ago-27,Operador_01,Completado,10214,TIN_000133,20133,40133,50133,Cliente_004,CLI004,Producto_005,Configuracion_006,30006,Fitosanitario 150 Gy,0.32,4,4,SYS_001922,TAG_001922,15,MODE_B - Config demo,0.32,2,1,0.32,0.025,8.0,0.625,6:50:00 p.m.,7:41:00 p.m.,00:51:00,,Operador_03
25-ago-27,Operador_05,Completado,10214,TIN_000133,20133,40133,50133,Cliente_004,CLI004,Producto_005,Configuracion_006,30006,Fitosanitario 150 Gy,0.32,5,5,SYS_001923,TAG_001923,15,MODE_B - Config demo,0.32,2,1,0.32,0.025,8.0,0.625,6:50:00 p.m.,7:41:00 p.m.,00:51:00,,Operador_01
25-ago-27,Operador_04,Completado,10214,TIN_000133,20133,40133,50133,Cliente_004,CLI004,Producto_005,Configuracion_006,30006,Fitosanitario 150 Gy,0.32,6,6,SYS_001924,TAG_001924,15,MODE_B - Config demo,0.32,2,1,0.32,0.025,8.0,0.625,6:50:00 p.m.,7:41:00 p.m.,00:51:00,,Operador_04
25-ago-27,Operador_05,Completado,10214,TIN_000133,20133,40133,50133,Cliente_004,CLI004,Producto_005,Configuracion_006,30006,Fitosanitario 150 Gy,0.32,7,7,SYS_001925,TAG_001925,15,MODE_B - Config demo,0.32,2,1,0.32,0.025,8.0,0.625,6:50:00 p.m.,7:41:00 p.m.,00:51:00,,Operador_03
25-ago-27,Operador_02,Completado,10214,TIN_000133,20133,40133,50133,Cliente_004,CLI004,Producto_005,Configuracion_006,30006,Fitosanitario 150 Gy,0.32,8,8,SYS_001926,TAG_001926,15,MODE_B - Config demo,0.32,2,1,0.32,0.025,8.0,0.625,6:50:00 p.m.,7:41:00 p.m.,00:51:00,,Operador_05
25-ago-27,Operador_02,Completado,10215,TIN_000133,20133,40133,50133,Cliente_004,CLI004,Producto_005,Configuracion_006,30006,Fitosanitario 150 Gy,0.32,9,1,SYS_001927,TAG_001927,15,MODE_B - Config demo,0.16,2,2,0.16,0.025,8.0,1.25,8:43:00 a.m.,9:29:00 a.m.,00:46:00,,Operador_01
25-ago-27,Operador_05,Completado,10215,TIN_000133,20133,40133,50133,Cliente_004,CLI004,Producto_005,Configuracion_006,30006,Fitosanitario 150 Gy,0.32,10,2,SYS_001928,TAG_001928,15,MODE_B - Config demo,0.16,2,2,0.16,0.025,8.0,1.25,8:43:00 a.m.,9:29:00 a.m.,00:46:00,,Operador_03
25-ago-27,Operador_03,Completado,10215,TIN_000133,20133,40133,50133,Cliente_004,CLI004,Producto_005,Configuracion_006,30006,Fitosanitario 150 Gy,0.32,11,3,SYS_001929,TAG_001929,15,MODE_B - Config demo,0.16,2,2,0.16,0.025,8.0,1.25,8:43:00 a.m.,9:29:00 a.m.,00:46:00,,Operador_05
25-ago-27,Operador_03,Completado,10215,TIN_000133,20133,40133,50133,Cliente_004,CLI004,Producto_005,Configuracion_006,30006,Fitosanitario 150 Gy,0.32,12,4,SYS_001930,TAG_001930,15,MODE_B - Config demo,0.16,2,2,0.16,0.025,8.0,1.25,8:43:00 a.m.,9:29:00 a.m.,00:46:00,,Operador_03
25-ago-27,Operador_04,Completado,10215,TIN_000133,20133,40133,50133,Cliente_004,CLI004,Producto_005,Configuracion_006,30006,Fitosanitario 150 Gy,0.32,13,5,SYS_001931,TAG_001931,15,MODE_B - Config demo,0.16,2,2,0.16,0.025,8.0,1.25,8:43:00 a.m.,9:29:00 a.m.,00:46:00,,Operador_01
25-ago-27,Operador_01,Completado,10215,TIN_000133,20133,40133,50133,Cliente_004,CLI004,Producto_005,Configuracion_006,30006,Fitosanitario 150 Gy,0.32,14,6,SYS_001932,TAG_001932,15,MODE_B - Config demo,0.16,2,2,0.16,0.025,8.0,1.25,8:43:00 a.m.,9:29:00 a.m.,00:46:00,,Operador_04
25-ago-27,Operador_04,Completado,10215,TIN_000133,20133,40133,50133,Cliente_004,CLI004,Producto_005,Configuracion_006,30006,Fitosanitario 150 Gy,0.32,15,7,SYS_001933,TAG_001933,15,MODE_B - Config demo,0.16,2,2,0.16,0.025,8.0,1.25,8:43:00 a.m.,9:29:00 a.m.,00:46:00,,Operador_05
24-ago-27,Operador_03,Completado,10216,TIN_000134,20134,40134,50134,Cliente_010,CLI010,Producto_003,Configuracion_007,30007,Desbacterizacion (Otros Y protocolos),1.0,1,1,SYS_001934,TAG_001934,9,MODE_A - Config demo,1.0,2,1,1.0,2.5,2.4,6.0,5:36:00 p.m.,6:20:00 p.m.,00:44:00,Desviacion_demo_10216,Operador_03
24-ago-27,Operador_01,Completado,10216,TIN_000134,20134,40134,50134,Cliente_010,CLI010,Producto_003,Configuracion_007,30007,Desbacterizacion (Otros Y protocolos),1.0,2,2,SYS_001935,TAG_001935,9,MODE_A - Config demo,1.0,2,1,1.0,2.5,2.4,6.0,5:36:00 p.m.,6:20:00 p.m.,00:44:00,Desviacion_demo_10216,Operador_04
24-ago-27,Operador_02,Completado,10216,TIN_000134,20134,40134,50134,Cliente_010,CLI010,Producto_003,Configuracion_007,30007,Desbacterizacion (Otros Y protocolos),1.0,3,3,SYS_001936,TAG_001936,9,MODE_A - Config demo,1.0,2,1,1.0,2.5,2.4,6.0,5:36:00 p.m.,6:20:00 p.m.,00:44:00,Desviacion_demo_10216,Operador_01
24-ago-27,Operador_01,Completado,10216,TIN_000134,20134,40134,50134,Cliente_010,CLI010,Producto_003,Configuracion_007,30007,Desbacterizacion (Otros Y protocolos),1.0,4,4,SYS_001937,TAG_001937,9,MODE_A - Config demo,1.0,2,1,1.0,2.5,2.4,6.0,5:36:00 p.m.,6:20:00 p.m.,00:44:00,Desviacion_demo_10216,Operador_03
24-ago-27,Operador_05,Completado,10216,TIN_000134,20134,40134,50134,Cliente_010,CLI010,Producto_003,Configuracion_007,30007,Desbacterizacion (Otros Y protocolos),1.0,5,5,SYS_001938,TAG_001938,9,MODE_A - Config demo,1.0,2,1,1.0,2.5,2.4,6.0,5:36:00 p.m.,6:20:00 p.m.,00:44:00,Desviacion_demo_10216,Operador_03
24-ago-27,Operador_01,Completado,10217,TIN_000134,20134,40134,50134,Cliente_010,CLI010,Producto_003,Configuracion_007,30007,Desbacterizacion (Otros Y protocolos),1.0,6,1,SYS_001939,TAG_001939,9,MODE_B - Config demo,0.5,2,2,0.5,0.025,8.0,0.4,3:48:00 p.m.,4:35:00 p.m.,00:47:00,,Operador_03
24-ago-27,Operador_03,Completado,10217,TIN_000134,20134,40134,50134,Cliente_010,CLI010,Producto_003,Configuracion_007,30007,Desbacterizacion (Otros Y protocolos),1.0,7,2,SYS_001940,TAG_001940,9,MODE_B - Config demo,0.5,2,2,0.5,0.025,8.0,0.4,3:48:00 p.m.,4:35:00 p.m.,00:47:00,,Operador_01
24-ago-27,Operador_03,Completado,10217,TIN_000134,20134,40134,50134,Cliente_010,CLI010,Producto_003,Configuracion_007,30007,Desbacterizacion (Otros Y protocolos),1.0,8,3,SYS_001941,TAG_001941,9,MODE_B - Config demo,0.5,2,2,0.5,0.025,8.0,0.4,3:48:00 p.m.,4:35:00 p.m.,00:47:00,,Operador_05
24-ago-27,Operador_01,Completado,10217,TIN_000134,20134,40134,50134,Cliente_010,CLI010,Producto_003,Configuracion_007,30007,Desbacterizacion (Otros Y protocolos),1.0,9,4,SYS_001942,TAG_001942,9,MODE_B - Config demo,0.5,2,2,0.5,0.025,8.0,0.4,3:48:00 p.m.,4:35:00 p.m.,00:47:00,,Operador_04
01-ago-27,Operador_04,Completado,10218,TIN_000135,20135,40135,50135,Cliente_007,CLI007,Producto_001,Configuracion_008,30008,Desbacterizacion (Vegetales),3.0,1,1,SYS_001943,TAG_001943,9,MODE_B - Config demo,3.0,2,1,3.0,0.025,8.0,0.067,7:51:00 p.m.,8:56:00 p.m.,01:05:00,,Operador_05
01-ago-27,Operador_01,Completado,10218,TIN_000135,20135,40135,50135,Cliente_007,CLI007,Producto_001,Configuracion_008,30008,Desbacterizacion (Vegetales),3.0,2,2,SYS_001944,TAG_001944,9,MODE_B - Config demo,3.0,2,1,3.0,0.025,8.0,0.067,7:51:00 p.m.,8:56:00 p.m.,01:05:00,,Operador_03
01-ago-27,Operador_05,Completado,10218,TIN_000135,20135,40135,50135,Cliente_007,CLI007,Producto_001,Configuracion_008,30008,Desbacterizacion (Vegetales),3.0,3,3,SYS_001945,TAG_001945,9,MODE_B - Config demo,3.0,2,1,3.0,0.025,8.0,0.067,7:51:00 p.m.,8:56:00 p.m.,01:05:00,,Operador_03
01-ago-27,Operador_05,Completado,10218,TIN_000135,20135,40135,50135,Cliente_007,CLI007,Producto_001,Configuracion_008,30008,Desbacterizacion (Vegetales),3.0,4,4,SYS_001946,TAG_001946,9,MODE_B - Config demo,3.0,2,1,3.0,0.025,8.0,0.067,7:51:00 p.m.,8:56:00 p.m.,01:05:00,,Operador_01
01-ago-27,Operador_02,Completado,10218,TIN_000135,20135,40135,50135,Cliente_007,CLI007,Producto_001,Configuracion_008,30008,Desbacterizacion (Vegetales),3.0,5,5,SYS_001947,TAG_001947,9,MODE_B - Config demo,3.0,2,1,3.0,0.025,8.0,0.067,7:51:00 p.m.,8:56:00 p.m.,01:05:00,,Operador_01
01-ago-27,Operador_04,Completado,10218,TIN_000135,20135,40135,50135,Cliente_007,CLI007,Producto_001,Configuracion_008,30008,Desbacterizacion (Vegetales),3.0,6,6,SYS_001948,TAG_001948,9,MODE_B - Config demo,3.0,2,1,3.0,0.025,8.0,0.067,7:51:00 p.m.,8:56:00 p.m.,01:05:00,,Operador_03
01-ago-27,Operador_01,Completado,10218,TIN_000135,20135,40135,50135,Cliente_007,CLI007,Producto_001,Configuracion_008,30008,Desbacterizacion (Vegetales),3.0,7,7,SYS_001949,TAG_001949,9,MODE_B - Config demo,3.0,2,1,3.0,0.025,8.0,0.067,7:51:00 p.m.,8:56:00 p.m.,01:05:00,,Operador_05
01-ago-27,Operador_03,Completado,10218,TIN_000135,20135,40135,50135,Cliente_007,CLI007,Producto_001,Configuracion_008,30008,Desbacterizacion (Vegetales),3.0,8,8,SYS_001950,TAG_001950,9,MODE_B - Config demo,3.0,2,1,3.0,0.025,8.0,0.067,7:51:00 p.m.,8:56:00 p.m.,01:05:00,,Operador_04
01-ago-27,Operador_04,Completado,10218,TIN_000135,20135,40135,50135,Cliente_007,CLI007,Producto_001,Configuracion_008,30008,Desbacterizacion (Vegetales),3.0,9,9,SYS_001951,TAG_001951,9,MODE_B - Config demo,3.0,2,1,3.0,0.025,8.0,0.067,7:51:00 p.m.,8:56:00 p.m.,01:05:00,,Operador_05
12-ago-27,Operador_01,Completado,10219,TIN_000136,20136,40136,50136,Cliente_013,CLI013,Producto_002,Configuracion_001,30001,Fitosanitario 400 Gy,0.55,1,1,SYS_001952,TAG_001952,17,MODE_B - Config demo,0.55,2,1,0.55,0.025,8.0,0.364,7:50:00 a.m.,9:15:00 a.m.,01:25:00,,Operador_01
12-ago-27,Operador_05,Completado,10219,TIN_000136,20136,40136,50136,Cliente_013,CLI013,Producto_002,Configuracion_001,30001,Fitosanitario 400 Gy,0.55,2,2,SYS_001953,TAG_001953,17,MODE_B - Config demo,0.55,2,1,0.55,0.025,8.0,0.364,7:50:00 a.m.,9:15:00 a.m.,01:25:00,,Operador_02
12-ago-27,Operador_01,Completado,10219,TIN_000136,20136,40136,50136,Cliente_013,CLI013,Producto_002,Configuracion_001,30001,Fitosanitario 400 Gy,0.55,3,3,SYS_001954,TAG_001954,17,MODE_B - Config demo,0.55,2,1,0.55,0.025,8.0,0.364,7:50:00 a.m.,9:15:00 a.m.,01:25:00,,Operador_05
12-ago-27,Operador_01,Completado,10219,TIN_000136,20136,40136,50136,Cliente_013,CLI013,Producto_002,Configuracion_001,30001,Fitosanitario 400 Gy,0.55,4,4,SYS_001955,TAG_001955,17,MODE_B - Config demo,0.55,2,1,0.55,0.025,8.0,0.364,7:50:00 a.m.,9:15:00 a.m.,01:25:00,,Operador_05
12-ago-27,Operador_04,Completado,10219,TIN_000136,20136,40136,50136,Cliente_013,CLI013,Producto_002,Configuracion_001,30001,Fitosanitario 400 Gy,0.55,5,5,SYS_001956,TAG_001956,17,MODE_B - Config demo,0.55,2,1,0.55,0.025,8.0,0.364,7:50:00 a.m.,9:15:00 a.m.,01:25:00,,Operador_05
12-ago-27,Operador_03,Completado,10219,TIN_000136,20136,40136,50136,Cliente_013,CLI013,Producto_002,Configuracion_001,30001,Fitosanitario 400 Gy,0.55,6,6,SYS_001957,TAG_001957,17,MODE_B - Config demo,0.55,2,1,0.55,0.025,8.0,0.364,7:50:00 a.m.,9:15:00 a.m.,01:25:00,,Operador_05
12-ago-27,Operador_04,Completado,10219,TIN_000136,20136,40136,50136,Cliente_013,CLI013,Producto_002,Configuracion_001,30001,Fitosanitario 400 Gy,0.55,7,7,SYS_001958,TAG_001958,17,MODE_B - Config demo,0.55,2,1,0.55,0.025,8.0,0.364,7:50:00 a.m.,9:15:00 a.m.,01:25:00,,Operador_01
12-ago-27,Operador_02,Completado,10219,TIN_000136,20136,40136,50136,Cliente_013,CLI013,Producto_002,Configuracion_001,30001,Fitosanitario 400 Gy,0.55,8,8,SYS_001959,TAG_001959,17,MODE_B - Config demo,0.55,2,1,0.55,0.025,8.0,0.364,7:50:00 a.m.,9:15:00 a.m.,01:25:00,,Operador_01
12-ago-27,Operador_05,Completado,10219,TIN_000136,20136,40136,50136,Cliente_013,CLI013,Producto_002,Configuracion_001,30001,Fitosanitario 400 Gy,0.55,9,9,SYS_001960,TAG_001960,17,MODE_B - Config demo,0.55,2,1,0.55,0.025,8.0,0.364,7:50:00 a.m.,9:15:00 a.m.,01:25:00,,Operador_03
12-ago-27,Operador_03,Completado,10219,TIN_000136,20136,40136,50136,Cliente_013,CLI013,Producto_002,Configuracion_001,30001,Fitosanitario 400 Gy,0.55,10,10,SYS_001961,TAG_001961,17,MODE_B - Config demo,0.55,2,1,0.55,0.025,8.0,0.364,7:50:00 a.m.,9:15:00 a.m.,01:25:00,,Operador_05
12-ago-27,Operador_03,Completado,10219,TIN_000136,20136,40136,50136,Cliente_013,CLI013,Producto_002,Configuracion_001,30001,Fitosanitario 400 Gy,0.55,11,11,SYS_001962,TAG_001962,17,MODE_B - Config demo,0.55,2,1,0.55,0.025,8.0,0.364,7:50:00 a.m.,9:15:00 a.m.,01:25:00,,Operador_05
12-ago-27,Operador_05,Completado,10219,TIN_000136,20136,40136,50136,Cliente_013,CLI013,Producto_002,Configuracion_001,30001,Fitosanitario 400 Gy,0.55,12,12,SYS_001963,TAG_001963,17,MODE_B - Config demo,0.55,2,1,0.55,0.025,8.0,0.364,7:50:00 a.m.,9:15:00 a.m.,01:25:00,,Operador_02
12-ago-27,Operador_04,Completado,10219,TIN_000136,20136,40136,50136,Cliente_013,CLI013,Producto_002,Configuracion_001,30001,Fitosanitario 400 Gy,0.55,13,1,SYS_001964,TAG_001964,17,MODE_B - Config demo,0.55,2,1,0.55,0.025,8.0,0.364,7:50:00 a.m.,9:15:00 a.m.,01:25:00,,Operador_01
12-ago-27,Operador_04,Completado,10219,TIN_000136,20136,40136,50136,Cliente_013,CLI013,Producto_002,Configuracion_001,30001,Fitosanitario 400 Gy,0.55,14,2,SYS_001965,TAG_001965,17,MODE_B - Config demo,0.55,2,1,0.55,0.025,8.0,0.364,7:50:00 a.m.,9:15:00 a.m.,01:25:00,,Operador_03
12-ago-27,Operador_05,Completado,10219,TIN_000136,20136,40136,50136,Cliente_013,CLI013,Producto_002,Configuracion_001,30001,Fitosanitario 400 Gy,0.55,15,3,SYS_001966,TAG_001966,17,MODE_B - Config demo,0.55,2,1,0.55,0.025,8.0,0.364,7:50:00 a.m.,9:15:00 a.m.,01:25:00,,Operador_01
12-ago-27,Operador_05,Completado,10219,TIN_000136,20136,40136,50136,Cliente_013,CLI013,Producto_002,Configuracion_001,30001,Fitosanitario 400 Gy,0.55,16,4,SYS_001967,TAG_001967,17,MODE_B - Config demo,0.55,2,1,0.55,0.025,8.0,0.364,7:50:00 a.m.,9:15:00 a.m.,01:25:00,,Operador_03
12-ago-27,Operador_05,Completado,10219,TIN_000136,20136,40136,50136,Cliente_013,CLI013,Producto_002,Configuracion_001,30001,Fitosanitario 400 Gy,0.55,17,5,SYS_001968,TAG_001968,17,MODE_B - Config demo,0.55,2,1,0.55,0.025,8.0,0.364,7:50:00 a.m.,9:15:00 a.m.,01:25:00,,Operador_05
11-ago-27,Operador_03,Completado,10220,TIN_000137,20137,40137,50137,Cliente_013,CLI013,Producto_014,Configuracion_002,30002,Fitosanitario 150 Gy,0.32,1,1,SYS_001969,TAG_001969,7,MODE_B - Config demo,0.32,2,1,0.32,0.025,8.0,0.625,3:54:00 p.m.,4:40:00 p.m.,00:46:00,,Operador_01
11-ago-27,Operador_02,Completado,10220,TIN_000137,20137,40137,50137,Cliente_013,CLI013,Producto_014,Configuracion_002,30002,Fitosanitario 150 Gy,0.32,2,2,SYS_001970,TAG_001970,7,MODE_B - Config demo,0.32,2,1,0.32,0.025,8.0,0.625,3:54:00 p.m.,4:40:00 p.m.,00:46:00,,Operador_04
11-ago-27,Operador_02,Completado,10220,TIN_000137,20137,40137,50137,Cliente_013,CLI013,Producto_014,Configuracion_002,30002,Fitosanitario 150 Gy,0.32,3,3,SYS_001971,TAG_001971,7,MODE_B - Config demo,0.32,2,1,0.32,0.025,8.0,0.625,3:54:00 p.m.,4:40:00 p.m.,00:46:00,,Operador_02
11-ago-27,Operador_01,Completado,10221,TIN_000137,20137,40137,50137,Cliente_013,CLI013,Producto_014,Configuracion_002,30002,Fitosanitario 150 Gy,0.32,4,1,SYS_001972,TAG_001972,7,MODE_B - Config demo,0.32,2,1,0.32,0.025,8.0,0.625,5:54:00 p.m.,6:27:00 p.m.,00:33:00,,Operador_03
11-ago-27,Operador_03,Completado,10221,TIN_000137,20137,40137,50137,Cliente_013,CLI013,Producto_014,Configuracion_002,30002,Fitosanitario 150 Gy,0.32,5,2,SYS_001973,TAG_001973,7,MODE_B - Config demo,0.32,2,1,0.32,0.025,8.0,0.625,5:54:00 p.m.,6:27:00 p.m.,00:33:00,,Operador_04
11-ago-27,Operador_02,Completado,10222,TIN_000137,20137,40137,50137,Cliente_013,CLI013,Producto_014,Configuracion_002,30002,Fitosanitario 150 Gy,0.32,6,1,SYS_001974,TAG_001974,7,MODE_A - Config demo,0.32,2,1,0.32,2.5,2.4,18.75,8:49:00 a.m.,9:21:00 a.m.,00:32:00,,Operador_03
11-ago-27,Operador_03,Completado,10222,TIN_000137,20137,40137,50137,Cliente_013,CLI013,Producto_014,Configuracion_002,30002,Fitosanitario 150 Gy,0.32,7,2,SYS_001975,TAG_001975,7,MODE_A - Config demo,0.32,2,1,0.32,2.5,2.4,18.75,8:49:00 a.m.,9:21:00 a.m.,00:32:00,,Operador_04
11-ago-27,Operador_02,Completado,10223,TIN_000138,20138,40138,50138,Cliente_019,CLI019,Producto_002,Configuracion_003,30003,Desbacterizacion (Chiles secos),3.0,1,1,SYS_001976,TAG_001976,15,MODE_B - Config demo,3.0,2,1,3.0,0.025,8.0,0.067,3:48:00 p.m.,5:08:00 p.m.,01:20:00,,Operador_05
11-ago-27,Operador_04,Completado,10223,TIN_000138,20138,40138,50138,Cliente_019,CLI019,Producto_002,Configuracion_003,30003,Desbacterizacion (Chiles secos),3.0,2,2,SYS_001977,TAG_001977,15,MODE_B - Config demo,3.0,2,1,3.0,0.025,8.0,0.067,3:48:00 p.m.,5:08:00 p.m.,01:20:00,,Operador_01
11-ago-27,Operador_02,Completado,10223,TIN_000138,20138,40138,50138,Cliente_019,CLI019,Producto_002,Configuracion_003,30003,Desbacterizacion (Chiles secos),3.0,3,3,SYS_001978,TAG_001978,15,MODE_B - Config demo,3.0,2,1,3.0,0.025,8.0,0.067,3:48:00 p.m.,5:08:00 p.m.,01:20:00,,Operador_02
11-ago-27,Operador_02,Completado,10223,TIN_000138,20138,40138,50138,Cliente_019,CLI019,Producto_002,Configuracion_003,30003,Desbacterizacion (Chiles secos),3.0,4,4,SYS_001979,TAG_001979,15,MODE_B - Config demo,3.0,2,1,3.0,0.025,8.0,0.067,3:48:00 p.m.,5:08:00 p.m.,01:20:00,,Operador_05
11-ago-27,Operador_01,Completado,10223,TIN_000138,20138,40138,50138,Cliente_019,CLI019,Producto_002,Configuracion_003,30003,Desbacterizacion (Chiles secos),3.0,5,5,SYS_001980,TAG_001980,15,MODE_B - Config demo,3.0,2,1,3.0,0.025,8.0,0.067,3:48:00 p.m.,5:08:00 p.m.,01:20:00,,Operador_04
11-ago-27,Operador_02,Completado,10223,TIN_000138,20138,40138,50138,Cliente_019,CLI019,Producto_002,Configuracion_003,30003,Desbacterizacion (Chiles secos),3.0,6,6,SYS_001981,TAG_001981,15,MODE_B - Config demo,3.0,2,1,3.0,0.025,8.0,0.067,3:48:00 p.m.,5:08:00 p.m.,01:20:00,,Operador_03
11-ago-27,Operador_02,Completado,10223,TIN_000138,20138,40138,50138,Cliente_019,CLI019,Producto_002,Configuracion_003,30003,Desbacterizacion (Chiles secos),3.0,7,7,SYS_001982,TAG_001982,15,MODE_B - Config demo,3.0,2,1,3.0,0.025,8.0,0.067,3:48:00 p.m.,5:08:00 p.m.,01:20:00,,Operador_01
11-ago-27,Operador_01,Completado,10223,TIN_000138,20138,40138,50138,Cliente_019,CLI019,Producto_002,Configuracion_003,30003,Desbacterizacion (Chiles secos),3.0,8,8,SYS_001983,TAG_001983,15,MODE_B - Config demo,3.0,2,1,3.0,0.025,8.0,0.067,3:48:00 p.m.,5:08:00 p.m.,01:20:00,,Operador_02
11-ago-27,Operador_05,Completado,10223,TIN_000138,20138,40138,50138,Cliente_019,CLI019,Producto_002,Configuracion_003,30003,Desbacterizacion (Chiles secos),3.0,9,9,SYS_001984,TAG_001984,15,MODE_B - Config demo,3.0,2,1,3.0,0.025,8.0,0.067,3:48:00 p.m.,5:08:00 p.m.,01:20:00,,Operador_02
11-ago-27,Operador_05,Completado,10223,TIN_000138,20138,40138,50138,Cliente_019,CLI019,Producto_002,Configuracion_003,30003,Desbacterizacion (Chiles secos),3.0,10,10,SYS_001985,TAG_001985,15,MODE_B - Config demo,3.0,2,1,3.0,0.025,8.0,0.067,3:48:00 p.m.,5:08:00 p.m.,01:20:00,,Operador_05
11-ago-27,Operador_01,Completado,10223,TIN_000138,20138,40138,50138,Cliente_019,CLI019,Producto_002,Configuracion_003,30003,Desbacterizacion (Chiles secos),3.0,11,11,SYS_001986,TAG_001986,15,MODE_B - Config demo,3.0,2,1,3.0,0.025,8.0,0.067,3:48:00 p.m.,5:08:00 p.m.,01:20:00,,Operador_05
11-ago-27,Operador_04,Completado,10223,TIN_000138,20138,40138,50138,Cliente_019,CLI019,Producto_002,Configuracion_003,30003,Desbacterizacion (Chiles secos),3.0,12,12,SYS_001987,TAG_001987,15,MODE_B - Config demo,3.0,2,1,3.0,0.025,8.0,0.067,3:48:00 p.m.,5:08:00 p.m.,01:20:00,,Operador_03
11-ago-27,Operador_03,Completado,10223,TIN_000138,20138,40138,50138,Cliente_019,CLI019,Producto_002,Configuracion_003,30003,Desbacterizacion (Chiles secos),3.0,13,1,SYS_001988,TAG_001988,15,MODE_B - Config demo,3.0,2,1,3.0,0.025,8.0,0.067,3:48:00 p.m.,5:08:00 p.m.,01:20:00,,Operador_05
11-ago-27,Operador_01,Completado,10223,TIN_000138,20138,40138,50138,Cliente_019,CLI019,Producto_002,Configuracion_003,30003,Desbacterizacion (Chiles secos),3.0,14,2,SYS_001989,TAG_001989,15,MODE_B - Config demo,3.0,2,1,3.0,0.025,8.0,0.067,3:48:00 p.m.,5:08:00 p.m.,01:20:00,,Operador_01
11-ago-27,Operador_01,Completado,10223,TIN_000138,20138,40138,50138,Cliente_019,CLI019,Producto_002,Configuracion_003,30003,Desbacterizacion (Chiles secos),3.0,15,3,SYS_001990,TAG_001990,15,MODE_B - Config demo,3.0,2,1,3.0,0.025,8.0,0.067,3:48:00 p.m.,5:08:00 p.m.,01:20:00,,Operador_05
28-ago-27,Operador_01,Completado,10224,TIN_000139,20139,40139,50139,Cliente_018,CLI018,Producto_012,Configuracion_004,30004,Fitosanitario 150 Gy,0.3,1,1,SYS_001991,TAG_001991,8,MODE_A - Config demo,0.15,2,2,0.15,2.5,2.4,40.0,5:27:00 p.m.,6:03:00 p.m.,00:36:00,,Operador_02
28-ago-27,Operador_05,Completado,10224,TIN_000139,20139,40139,50139,Cliente_018,CLI018,Producto_012,Configuracion_004,30004,Fitosanitario 150 Gy,0.3,2,2,SYS_001992,TAG_001992,8,MODE_A - Config demo,0.15,2,2,0.15,2.5,2.4,40.0,5:27:00 p.m.,6:03:00 p.m.,00:36:00,,Operador_03
28-ago-27,Operador_03,Completado,10224,TIN_000139,20139,40139,50139,Cliente_018,CLI018,Producto_012,Configuracion_004,30004,Fitosanitario 150 Gy,0.3,3,3,SYS_001993,TAG_001993,8,MODE_A - Config demo,0.15,2,2,0.15,2.5,2.4,40.0,5:27:00 p.m.,6:03:00 p.m.,00:36:00,,Operador_02
28-ago-27,Operador_02,Completado,10225,TIN_000139,20139,40139,50139,Cliente_018,CLI018,Producto_012,Configuracion_004,30004,Fitosanitario 150 Gy,0.3,4,1,SYS_001994,TAG_001994,8,MODE_B - Config demo,0.3,2,1,0.3,0.025,8.0,0.667,7:44:00 p.m.,8:35:00 p.m.,00:51:00,,Operador_05
28-ago-27,Operador_05,Completado,10225,TIN_000139,20139,40139,50139,Cliente_018,CLI018,Producto_012,Configuracion_004,30004,Fitosanitario 150 Gy,0.3,5,2,SYS_001995,TAG_001995,8,MODE_B - Config demo,0.3,2,1,0.3,0.025,8.0,0.667,7:44:00 p.m.,8:35:00 p.m.,00:51:00,,Operador_05
28-ago-27,Operador_01,Completado,10225,TIN_000139,20139,40139,50139,Cliente_018,CLI018,Producto_012,Configuracion_004,30004,Fitosanitario 150 Gy,0.3,6,3,SYS_001996,TAG_001996,8,MODE_B - Config demo,0.3,2,1,0.3,0.025,8.0,0.667,7:44:00 p.m.,8:35:00 p.m.,00:51:00,,Operador_03
28-ago-27,Operador_01,Completado,10226,TIN_000139,20139,40139,50139,Cliente_018,CLI018,Producto_012,Configuracion_004,30004,Fitosanitario 150 Gy,0.3,7,1,SYS_001997,TAG_001997,8,MODE_B - Config demo,0.3,2,1,0.3,0.025,8.0,0.667,6:23:00 a.m.,7:04:00 a.m.,00:41:00,,Operador_05
28-ago-27,Operador_01,Completado,10226,TIN_000139,20139,40139,50139,Cliente_018,CLI018,Producto_012,Configuracion_004,30004,Fitosanitario 150 Gy,0.3,8,2,SYS_001998,TAG_001998,8,MODE_B - Config demo,0.3,2,1,0.3,0.025,8.0,0.667,6:23:00 a.m.,7:04:00 a.m.,00:41:00,,Operador_04
28-ago-27,Operador_01,Completado,10227,TIN_000140,20140,40140,50140,Cliente_016,CLI016,Producto_015,Configuracion_005,30005,Fitosanitario 400 Gy,0.55,1,1,SYS_001999,TAG_001999,22,MODE_A - Config demo,0.55,2,1,0.55,2.5,2.4,10.909,5:36:00 p.m.,6:26:00 p.m.,00:50:00,,Operador_05
28-ago-27,Operador_05,Completado,10227,TIN_000140,20140,40140,50140,Cliente_016,CLI016,Producto_015,Configuracion_005,30005,Fitosanitario 400 Gy,0.55,2,2,SYS_002000,TAG_002000,22,MODE_A - Config demo,0.55,2,1,0.55,2.5,2.4,10.909,5:36:00 p.m.,6:26:00 p.m.,00:50:00,,Operador_05
28-ago-27,Operador_04,Completado,10227,TIN_000140,20140,40140,50140,Cliente_016,CLI016,Producto_015,Configuracion_005,30005,Fitosanitario 400 Gy,0.55,3,3,SYS_002001,TAG_002001,22,MODE_A - Config demo,0.55,2,1,0.55,2.5,2.4,10.909,5:36:00 p.m.,6:26:00 p.m.,00:50:00,,Operador_01
28-ago-27,Operador_04,Completado,10227,TIN_000140,20140,40140,50140,Cliente_016,CLI016,Producto_015,Configuracion_005,30005,Fitosanitario 400 Gy,0.55,4,4,SYS_002002,TAG_002002,22,MODE_A - Config demo,0.55,2,1,0.55,2.5,2.4,10.909,5:36:00 p.m.,6:26:00 p.m.,00:50:00,,Operador_02
28-ago-27,Operador_02,Completado,10227,TIN_000140,20140,40140,50140,Cliente_016,CLI016,Producto_015,Configuracion_005,30005,Fitosanitario 400 Gy,0.55,5,5,SYS_002003,TAG_002003,22,MODE_A - Config demo,0.55,2,1,0.55,2.5,2.4,10.909,5:36:00 p.m.,6:26:00 p.m.,00:50:00,,Operador_03
28-ago-27,Operador_02,Completado,10227,TIN_000140,20140,40140,50140,Cliente_016,CLI016,Producto_015,Configuracion_005,30005,Fitosanitario 400 Gy,0.55,6,6,SYS_002004,TAG_002004,22,MODE_A - Config demo,0.55,2,1,0.55,2.5,2.4,10.909,5:36:00 p.m.,6:26:00 p.m.,00:50:00,,Operador_04
28-ago-27,Operador_05,Completado,10227,TIN_000140,20140,40140,50140,Cliente_016,CLI016,Producto_015,Configuracion_005,30005,Fitosanitario 400 Gy,0.55,7,7,SYS_002005,TAG_002005,22,MODE_A - Config demo,0.55,2,1,0.55,2.5,2.4,10.909,5:36:00 p.m.,6:26:00 p.m.,00:50:00,,Operador_02
28-ago-27,Operador_02,Completado,10227,TIN_000140,20140,40140,50140,Cliente_016,CLI016,Producto_015,Configuracion_005,30005,Fitosanitario 400 Gy,0.55,8,8,SYS_002006,TAG_002006,22,MODE_A - Config demo,0.55,2,1,0.55,2.5,2.4,10.909,5:36:00 p.m.,6:26:00 p.m.,00:50:00,,Operador_05
28-ago-27,Operador_02,Completado,10228,TIN_000140,20140,40140,50140,Cliente_016,CLI016,Producto_015,Configuracion_005,30005,Fitosanitario 400 Gy,0.55,9,1,SYS_002007,TAG_002007,22,MODE_B - Config demo,0.275,2,2,0.275,0.025,8.0,0.727,11:57:00 a.m.,12:58:00 p.m.,01:01:00,,Operador_01
28-ago-27,Operador_04,Completado,10228,TIN_000140,20140,40140,50140,Cliente_016,CLI016,Producto_015,Configuracion_005,30005,Fitosanitario 400 Gy,0.55,10,2,SYS_002008,TAG_002008,22,MODE_B - Config demo,0.275,2,2,0.275,0.025,8.0,0.727,11:57:00 a.m.,12:58:00 p.m.,01:01:00,,Operador_04
28-ago-27,Operador_05,Completado,10228,TIN_000140,20140,40140,50140,Cliente_016,CLI016,Producto_015,Configuracion_005,30005,Fitosanitario 400 Gy,0.55,11,3,SYS_002009,TAG_002009,22,MODE_B - Config demo,0.275,2,2,0.275,0.025,8.0,0.727,11:57:00 a.m.,12:58:00 p.m.,01:01:00,,Operador_04
28-ago-27,Operador_04,Completado,10228,TIN_000140,20140,40140,50140,Cliente_016,CLI016,Producto_015,Configuracion_005,30005,Fitosanitario 400 Gy,0.55,12,4,SYS_002010,TAG_002010,22,MODE_B - Config demo,0.275,2,2,0.275,0.025,8.0,0.727,11:57:00 a.m.,12:58:00 p.m.,01:01:00,,Operador_04
28-ago-27,Operador_04,Completado,10228,TIN_000140,20140,40140,50140,Cliente_016,CLI016,Producto_015,Configuracion_005,30005,Fitosanitario 400 Gy,0.55,13,5,SYS_002011,TAG_002011,22,MODE_B - Config demo,0.275,2,2,0.275,0.025,8.0,0.727,11:57:00 a.m.,12:58:00 p.m.,01:01:00,,Operador_01
28-ago-27,Operador_04,Completado,10228,TIN_000140,20140,40140,50140,Cliente_016,CLI016,Producto_015,Configuracion_005,30005,Fitosanitario 400 Gy,0.55,14,6,SYS_002012,TAG_002012,22,MODE_B - Config demo,0.275,2,2,0.275,0.025,8.0,0.727,11:57:00 a.m.,12:58:00 p.m.,01:01:00,,Operador_01
28-ago-27,Operador_03,Completado,10228,TIN_000140,20140,40140,50140,Cliente_016,CLI016,Producto_015,Configuracion_005,30005,Fitosanitario 400 Gy,0.55,15,7,SYS_002013,TAG_002013,22,MODE_B - Config demo,0.275,2,2,0.275,0.025,8.0,0.727,11:57:00 a.m.,12:58:00 p.m.,01:01:00,,Operador_03
28-ago-27,Operador_05,Completado,10229,TIN_000140,20140,40140,50140,Cliente_016,CLI016,Producto_015,Configuracion_005,30005,Fitosanitario 400 Gy,0.55,16,1,SYS_002014,TAG_002014,22,MODE_A - Config demo,0.55,2,1,0.55,2.5,2.4,10.909,6:06:00 a.m.,6:56:00 a.m.,00:50:00,,Operador_04
28-ago-27,Operador_01,Completado,10229,TIN_000140,20140,40140,50140,Cliente_016,CLI016,Producto_015,Configuracion_005,30005,Fitosanitario 400 Gy,0.55,17,2,SYS_002015,TAG_002015,22,MODE_A - Config demo,0.55,2,1,0.55,2.5,2.4,10.909,6:06:00 a.m.,6:56:00 a.m.,00:50:00,,Operador_01
28-ago-27,Operador_03,Completado,10229,TIN_000140,20140,40140,50140,Cliente_016,CLI016,Producto_015,Configuracion_005,30005,Fitosanitario 400 Gy,0.55,18,3,SYS_002016,TAG_002016,22,MODE_A - Config demo,0.55,2,1,0.55,2.5,2.4,10.909,6:06:00 a.m.,6:56:00 a.m.,00:50:00,,Operador_03
28-ago-27,Operador_03,Completado,10229,TIN_000140,20140,40140,50140,Cliente_016,CLI016,Producto_015,Configuracion_005,30005,Fitosanitario 400 Gy,0.55,19,4,SYS_002017,TAG_002017,22,MODE_A - Config demo,0.55,2,1,0.55,2.5,2.4,10.909,6:06:00 a.m.,6:56:00 a.m.,00:50:00,,Operador_03
28-ago-27,Operador_03,Completado,10229,TIN_000140,20140,40140,50140,Cliente_016,CLI016,Producto_015,Configuracion_005,30005,Fitosanitario 400 Gy,0.55,20,5,SYS_002018,TAG_002018,22,MODE_A - Config demo,0.55,2,1,0.55,2.5,2.4,10.909,6:06:00 a.m.,6:56:00 a.m.,00:50:00,,Operador_02
28-ago-27,Operador_03,Completado,10229,TIN_000140,20140,40140,50140,Cliente_016,CLI016,Producto_015,Configuracion_005,30005,Fitosanitario 400 Gy,0.55,21,6,SYS_002019,TAG_002019,22,MODE_A - Config demo,0.55,2,1,0.55,2.5,2.4,10.909,6:06:00 a.m.,6:56:00 a.m.,00:50:00,,Operador_02
28-ago-27,Operador_03,Completado,10229,TIN_000140,20140,40140,50140,Cliente_016,CLI016,Producto_015,Configuracion_005,30005,Fitosanitario 400 Gy,0.55,22,7,SYS_002020,TAG_002020,22,MODE_A - Config demo,0.55,2,1,0.55,2.5,2.4,10.909,6:06:00 a.m.,6:56:00 a.m.,00:50:00,,Operador_05
23-ago-27,Operador_01,Completado,10230,TIN_000141,20141,40141,50141,Cliente_002,CLI002,Producto_009,Configuracion_006,30006,Fitosanitario 150 Gy,0.28,1,1,SYS_002021,TAG_002021,18,MODE_B - Config demo,0.14,2,2,0.14,0.025,8.0,1.429,11:38:00 a.m.,12:34:00 p.m.,00:56:00,,Operador_01
23-ago-27,Operador_03,Completado,10230,TIN_000141,20141,40141,50141,Cliente_002,CLI002,Producto_009,Configuracion_006,30006,Fitosanitario 150 Gy,0.28,2,2,SYS_002022,TAG_002022,18,MODE_B - Config demo,0.14,2,2,0.14,0.025,8.0,1.429,11:38:00 a.m.,12:34:00 p.m.,00:56:00,,Operador_04
23-ago-27,Operador_05,Completado,10230,TIN_000141,20141,40141,50141,Cliente_002,CLI002,Producto_009,Configuracion_006,30006,Fitosanitario 150 Gy,0.28,3,3,SYS_002023,TAG_002023,18,MODE_B - Config demo,0.14,2,2,0.14,0.025,8.0,1.429,11:38:00 a.m.,12:34:00 p.m.,00:56:00,,Operador_03
23-ago-27,Operador_03,Completado,10230,TIN_000141,20141,40141,50141,Cliente_002,CLI002,Producto_009,Configuracion_006,30006,Fitosanitario 150 Gy,0.28,4,4,SYS_002024,TAG_002024,18,MODE_B - Config demo,0.14,2,2,0.14,0.025,8.0,1.429,11:38:00 a.m.,12:34:00 p.m.,00:56:00,,Operador_03
23-ago-27,Operador_05,Completado,10230,TIN_000141,20141,40141,50141,Cliente_002,CLI002,Producto_009,Configuracion_006,30006,Fitosanitario 150 Gy,0.28,5,5,SYS_002025,TAG_002025,18,MODE_B - Config demo,0.14,2,2,0.14,0.025,8.0,1.429,11:38:00 a.m.,12:34:00 p.m.,00:56:00,,Operador_02
23-ago-27,Operador_04,Completado,10230,TIN_000141,20141,40141,50141,Cliente_002,CLI002,Producto_009,Configuracion_006,30006,Fitosanitario 150 Gy,0.28,6,6,SYS_002026,TAG_002026,18,MODE_B - Config demo,0.14,2,2,0.14,0.025,8.0,1.429,11:38:00 a.m.,12:34:00 p.m.,00:56:00,,Operador_04
23-ago-27,Operador_01,Completado,10230,TIN_000141,20141,40141,50141,Cliente_002,CLI002,Producto_009,Configuracion_006,30006,Fitosanitario 150 Gy,0.28,7,7,SYS_002027,TAG_002027,18,MODE_B - Config demo,0.14,2,2,0.14,0.025,8.0,1.429,11:38:00 a.m.,12:34:00 p.m.,00:56:00,,Operador_05
23-ago-27,Operador_03,Completado,10230,TIN_000141,20141,40141,50141,Cliente_002,CLI002,Producto_009,Configuracion_006,30006,Fitosanitario 150 Gy,0.28,8,8,SYS_002028,TAG_002028,18,MODE_B - Config demo,0.14,2,2,0.14,0.025,8.0,1.429,11:38:00 a.m.,12:34:00 p.m.,00:56:00,,Operador_03
23-ago-27,Operador_02,Completado,10230,TIN_000141,20141,40141,50141,Cliente_002,CLI002,Producto_009,Configuracion_006,30006,Fitosanitario 150 Gy,0.28,9,9,SYS_002029,TAG_002029,18,MODE_B - Config demo,0.14,2,2,0.14,0.025,8.0,1.429,11:38:00 a.m.,12:34:00 p.m.,00:56:00,,Operador_03
23-ago-27,Operador_03,Completado,10231,TIN_000141,20141,40141,50141,Cliente_002,CLI002,Producto_009,Configuracion_006,30006,Fitosanitario 150 Gy,0.28,10,1,SYS_002030,TAG_002030,18,MODE_B - Config demo,0.14,2,2,0.14,0.025,8.0,1.429,10:36:00 a.m.,11:45:00 a.m.,01:09:00,,Operador_03
23-ago-27,Operador_02,Completado,10231,TIN_000141,20141,40141,50141,Cliente_002,CLI002,Producto_009,Configuracion_006,30006,Fitosanitario 150 Gy,0.28,11,2,SYS_002031,TAG_002031,18,MODE_B - Config demo,0.14,2,2,0.14,0.025,8.0,1.429,10:36:00 a.m.,11:45:00 a.m.,01:09:00,,Operador_05
23-ago-27,Operador_01,Completado,10231,TIN_000141,20141,40141,50141,Cliente_002,CLI002,Producto_009,Configuracion_006,30006,Fitosanitario 150 Gy,0.28,12,3,SYS_002032,TAG_002032,18,MODE_B - Config demo,0.14,2,2,0.14,0.025,8.0,1.429,10:36:00 a.m.,11:45:00 a.m.,01:09:00,,Operador_05
23-ago-27,Operador_04,Completado,10231,TIN_000141,20141,40141,50141,Cliente_002,CLI002,Producto_009,Configuracion_006,30006,Fitosanitario 150 Gy,0.28,13,4,SYS_002033,TAG_002033,18,MODE_B - Config demo,0.14,2,2,0.14,0.025,8.0,1.429,10:36:00 a.m.,11:45:00 a.m.,01:09:00,,Operador_04
23-ago-27,Operador_04,Completado,10231,TIN_000141,20141,40141,50141,Cliente_002,CLI002,Producto_009,Configuracion_006,30006,Fitosanitario 150 Gy,0.28,14,5,SYS_002034,TAG_002034,18,MODE_B - Config demo,0.14,2,2,0.14,0.025,8.0,1.429,10:36:00 a.m.,11:45:00 a.m.,01:09:00,,Operador_05
23-ago-27,Operador_03,Completado,10231,TIN_000141,20141,40141,50141,Cliente_002,CLI002,Producto_009,Configuracion_006,30006,Fitosanitario 150 Gy,0.28,15,6,SYS_002035,TAG_002035,18,MODE_B - Config demo,0.14,2,2,0.14,0.025,8.0,1.429,10:36:00 a.m.,11:45:00 a.m.,01:09:00,,Operador_05
23-ago-27,Operador_01,Completado,10231,TIN_000141,20141,40141,50141,Cliente_002,CLI002,Producto_009,Configuracion_006,30006,Fitosanitario 150 Gy,0.28,16,7,SYS_002036,TAG_002036,18,MODE_B - Config demo,0.14,2,2,0.14,0.025,8.0,1.429,10:36:00 a.m.,11:45:00 a.m.,01:09:00,,Operador_05
23-ago-27,Operador_05,Completado,10231,TIN_000141,20141,40141,50141,Cliente_002,CLI002,Producto_009,Configuracion_006,30006,Fitosanitario 150 Gy,0.28,17,8,SYS_002037,TAG_002037,18,MODE_B - Config demo,0.14,2,2,0.14,0.025,8.0,1.429,10:36:00 a.m.,11:45:00 a.m.,01:09:00,,Operador_02
23-ago-27,Operador_04,Completado,10231,TIN_000141,20141,40141,50141,Cliente_002,CLI002,Producto_009,Configuracion_006,30006,Fitosanitario 150 Gy,0.28,18,9,SYS_002038,TAG_002038,18,MODE_B - Config demo,0.14,2,2,0.14,0.025,8.0,1.429,10:36:00 a.m.,11:45:00 a.m.,01:09:00,,Operador_02
15-ago-27,Operador_05,Completado,10232,TIN_000142,20142,40142,50142,Cliente_020,CLI020,Producto_001,Configuracion_007,30007,Fitosanitario 150 Gy,0.28,1,1,SYS_002039,TAG_002039,10,MODE_B - Config demo,0.28,2,1,0.28,0.025,8.0,0.714,7:33:00 p.m.,8:27:00 p.m.,00:54:00,,Operador_02
15-ago-27,Operador_04,Completado,10232,TIN_000142,20142,40142,50142,Cliente_020,CLI020,Producto_001,Configuracion_007,30007,Fitosanitario 150 Gy,0.28,2,2,SYS_002040,TAG_002040,10,MODE_B - Config demo,0.28,2,1,0.28,0.025,8.0,0.714,7:33:00 p.m.,8:27:00 p.m.,00:54:00,,Operador_01
15-ago-27,Operador_03,Completado,10232,TIN_000142,20142,40142,50142,Cliente_020,CLI020,Producto_001,Configuracion_007,30007,Fitosanitario 150 Gy,0.28,3,3,SYS_002041,TAG_002041,10,MODE_B - Config demo,0.28,2,1,0.28,0.025,8.0,0.714,7:33:00 p.m.,8:27:00 p.m.,00:54:00,,Operador_05
15-ago-27,Operador_01,Completado,10232,TIN_000142,20142,40142,50142,Cliente_020,CLI020,Producto_001,Configuracion_007,30007,Fitosanitario 150 Gy,0.28,4,4,SYS_002042,TAG_002042,10,MODE_B - Config demo,0.28,2,1,0.28,0.025,8.0,0.714,7:33:00 p.m.,8:27:00 p.m.,00:54:00,,Operador_05
15-ago-27,Operador_05,Completado,10232,TIN_000142,20142,40142,50142,Cliente_020,CLI020,Producto_001,Configuracion_007,30007,Fitosanitario 150 Gy,0.28,5,5,SYS_002043,TAG_002043,10,MODE_B - Config demo,0.28,2,1,0.28,0.025,8.0,0.714,7:33:00 p.m.,8:27:00 p.m.,00:54:00,,Operador_03
15-ago-27,Operador_01,Completado,10233,TIN_000142,20142,40142,50142,Cliente_020,CLI020,Producto_001,Configuracion_007,30007,Fitosanitario 150 Gy,0.28,6,1,SYS_002044,TAG_002044,10,MODE_A - Config demo,0.28,2,1,0.28,2.5,2.4,21.429,12:44:00 p.m.,1:32:00 p.m.,00:48:00,,Operador_03
15-ago-27,Operador_04,Completado,10233,TIN_000142,20142,40142,50142,Cliente_020,CLI020,Producto_001,Configuracion_007,30007,Fitosanitario 150 Gy,0.28,7,2,SYS_002045,TAG_002045,10,MODE_A - Config demo,0.28,2,1,0.28,2.5,2.4,21.429,12:44:00 p.m.,1:32:00 p.m.,00:48:00,,Operador_01
15-ago-27,Operador_01,Completado,10233,TIN_000142,20142,40142,50142,Cliente_020,CLI020,Producto_001,Configuracion_007,30007,Fitosanitario 150 Gy,0.28,8,3,SYS_002046,TAG_002046,10,MODE_A - Config demo,0.28,2,1,0.28,2.5,2.4,21.429,12:44:00 p.m.,1:32:00 p.m.,00:48:00,,Operador_05
15-ago-27,Operador_01,Completado,10233,TIN_000142,20142,40142,50142,Cliente_020,CLI020,Producto_001,Configuracion_007,30007,Fitosanitario 150 Gy,0.28,9,4,SYS_002047,TAG_002047,10,MODE_A - Config demo,0.28,2,1,0.28,2.5,2.4,21.429,12:44:00 p.m.,1:32:00 p.m.,00:48:00,,Operador_05
15-ago-27,Operador_01,Completado,10233,TIN_000142,20142,40142,50142,Cliente_020,CLI020,Producto_001,Configuracion_007,30007,Fitosanitario 150 Gy,0.28,10,5,SYS_002048,TAG_002048,10,MODE_A - Config demo,0.28,2,1,0.28,2.5,2.4,21.429,12:44:00 p.m.,1:32:00 p.m.,00:48:00,,Operador_03
23-ago-27,Operador_05,Completado,10234,TIN_000143,20143,40143,50143,Cliente_017,CLI017,Producto_006,Configuracion_008,30008,Fitosanitario 150 Gy,0.32,1,1,SYS_002049,TAG_002049,20,MODE_B - Config demo,0.32,2,1,0.32,0.025,8.0,0.625,3:55:00 p.m.,4:54:00 p.m.,00:59:00,,Operador_02
23-ago-27,Operador_04,Completado,10234,TIN_000143,20143,40143,50143,Cliente_017,CLI017,Producto_006,Configuracion_008,30008,Fitosanitario 150 Gy,0.32,2,2,SYS_002050,TAG_002050,20,MODE_B - Config demo,0.32,2,1,0.32,0.025,8.0,0.625,3:55:00 p.m.,4:54:00 p.m.,00:59:00,,Operador_05
23-ago-27,Operador_03,Completado,10234,TIN_000143,20143,40143,50143,Cliente_017,CLI017,Producto_006,Configuracion_008,30008,Fitosanitario 150 Gy,0.32,3,3,SYS_002051,TAG_002051,20,MODE_B - Config demo,0.32,2,1,0.32,0.025,8.0,0.625,3:55:00 p.m.,4:54:00 p.m.,00:59:00,,Operador_03
23-ago-27,Operador_03,Completado,10234,TIN_000143,20143,40143,50143,Cliente_017,CLI017,Producto_006,Configuracion_008,30008,Fitosanitario 150 Gy,0.32,4,4,SYS_002052,TAG_002052,20,MODE_B - Config demo,0.32,2,1,0.32,0.025,8.0,0.625,3:55:00 p.m.,4:54:00 p.m.,00:59:00,,Operador_02
23-ago-27,Operador_01,Completado,10234,TIN_000143,20143,40143,50143,Cliente_017,CLI017,Producto_006,Configuracion_008,30008,Fitosanitario 150 Gy,0.32,5,5,SYS_002053,TAG_002053,20,MODE_B - Config demo,0.32,2,1,0.32,0.025,8.0,0.625,3:55:00 p.m.,4:54:00 p.m.,00:59:00,,Operador_03
23-ago-27,Operador_04,Completado,10234,TIN_000143,20143,40143,50143,Cliente_017,CLI017,Producto_006,Configuracion_008,30008,Fitosanitario 150 Gy,0.32,6,6,SYS_002054,TAG_002054,20,MODE_B - Config demo,0.32,2,1,0.32,0.025,8.0,0.625,3:55:00 p.m.,4:54:00 p.m.,00:59:00,,Operador_01
23-ago-27,Operador_05,Completado,10234,TIN_000143,20143,40143,50143,Cliente_017,CLI017,Producto_006,Configuracion_008,30008,Fitosanitario 150 Gy,0.32,7,7,SYS_002055,TAG_002055,20,MODE_B - Config demo,0.32,2,1,0.32,0.025,8.0,0.625,3:55:00 p.m.,4:54:00 p.m.,00:59:00,,Operador_04
23-ago-27,Operador_04,Completado,10234,TIN_000143,20143,40143,50143,Cliente_017,CLI017,Producto_006,Configuracion_008,30008,Fitosanitario 150 Gy,0.32,8,8,SYS_002056,TAG_002056,20,MODE_B - Config demo,0.32,2,1,0.32,0.025,8.0,0.625,3:55:00 p.m.,4:54:00 p.m.,00:59:00,,Operador_02
23-ago-27,Operador_04,Completado,10234,TIN_000143,20143,40143,50143,Cliente_017,CLI017,Producto_006,Configuracion_008,30008,Fitosanitario 150 Gy,0.32,9,9,SYS_002057,TAG_002057,20,MODE_B - Config demo,0.32,2,1,0.32,0.025,8.0,0.625,3:55:00 p.m.,4:54:00 p.m.,00:59:00,,Operador_05
23-ago-27,Operador_02,Completado,10234,TIN_000143,20143,40143,50143,Cliente_017,CLI017,Producto_006,Configuracion_008,30008,Fitosanitario 150 Gy,0.32,10,10,SYS_002058,TAG_002058,20,MODE_B - Config demo,0.32,2,1,0.32,0.025,8.0,0.625,3:55:00 p.m.,4:54:00 p.m.,00:59:00,,Operador_04
23-ago-27,Operador_01,Completado,10235,TIN_000143,20143,40143,50143,Cliente_017,CLI017,Producto_006,Configuracion_008,30008,Fitosanitario 150 Gy,0.32,11,1,SYS_002059,TAG_002059,20,MODE_B - Config demo,0.32,2,1,0.32,0.025,8.0,0.625,9:17:00 a.m.,10:29:00 a.m.,01:12:00,Desviacion_demo_10235,Operador_05
23-ago-27,Operador_05,Completado,10235,TIN_000143,20143,40143,50143,Cliente_017,CLI017,Producto_006,Configuracion_008,30008,Fitosanitario 150 Gy,0.32,12,2,SYS_002060,TAG_002060,20,MODE_B - Config demo,0.32,2,1,0.32,0.025,8.0,0.625,9:17:00 a.m.,10:29:00 a.m.,01:12:00,Desviacion_demo_10235,Operador_05
23-ago-27,Operador_05,Completado,10235,TIN_000143,20143,40143,50143,Cliente_017,CLI017,Producto_006,Configuracion_008,30008,Fitosanitario 150 Gy,0.32,13,3,SYS_002061,TAG_002061,20,MODE_B - Config demo,0.32,2,1,0.32,0.025,8.0,0.625,9:17:00 a.m.,10:29:00 a.m.,01:12:00,Desviacion_demo_10235,Operador_05
23-ago-27,Operador_02,Completado,10235,TIN_000143,20143,40143,50143,Cliente_017,CLI017,Producto_006,Configuracion_008,30008,Fitosanitario 150 Gy,0.32,14,4,SYS_002062,TAG_002062,20,MODE_B - Config demo,0.32,2,1,0.32,0.025,8.0,0.625,9:17:00 a.m.,10:29:00 a.m.,01:12:00,Desviacion_demo_10235,Operador_05
23-ago-27,Operador_05,Completado,10235,TIN_000143,20143,40143,50143,Cliente_017,CLI017,Producto_006,Configuracion_008,30008,Fitosanitario 150 Gy,0.32,15,5,SYS_002063,TAG_002063,20,MODE_B - Config demo,0.32,2,1,0.32,0.025,8.0,0.625,9:17:00 a.m.,10:29:00 a.m.,01:12:00,Desviacion_demo_10235,Operador_03
23-ago-27,Operador_04,Completado,10235,TIN_000143,20143,40143,50143,Cliente_017,CLI017,Producto_006,Configuracion_008,30008,Fitosanitario 150 Gy,0.32,16,6,SYS_002064,TAG_002064,20,MODE_B - Config demo,0.32,2,1,0.32,0.025,8.0,0.625,9:17:00 a.m.,10:29:00 a.m.,01:12:00,Desviacion_demo_10235,Operador_05
23-ago-27,Operador_04,Completado,10235,TIN_000143,20143,40143,50143,Cliente_017,CLI017,Producto_006,Configuracion_008,30008,Fitosanitario 150 Gy,0.32,17,7,SYS_002065,TAG_002065,20,MODE_B - Config demo,0.32,2,1,0.32,0.025,8.0,0.625,9:17:00 a.m.,10:29:00 a.m.,01:12:00,Desviacion_demo_10235,Operador_04
23-ago-27,Operador_05,Completado,10235,TIN_000143,20143,40143,50143,Cliente_017,CLI017,Producto_006,Configuracion_008,30008,Fitosanitario 150 Gy,0.32,18,8,SYS_002066,TAG_002066,20,MODE_B - Config demo,0.32,2,1,0.32,0.025,8.0,0.625,9:17:00 a.m.,10:29:00 a.m.,01:12:00,Desviacion_demo_10235,Operador_05
23-ago-27,Operador_05,Completado,10235,TIN_000143,20143,40143,50143,Cliente_017,CLI017,Producto_006,Configuracion_008,30008,Fitosanitario 150 Gy,0.32,19,9,SYS_002067,TAG_002067,20,MODE_B - Config demo,0.32,2,1,0.32,0.025,8.0,0.625,9:17:00 a.m.,10:29:00 a.m.,01:12:00,Desviacion_demo_10235,Operador_05
23-ago-27,Operador_03,Completado,10235,TIN_000143,20143,40143,50143,Cliente_017,CLI017,Producto_006,Configuracion_008,30008,Fitosanitario 150 Gy,0.32,20,10,SYS_002068,TAG_002068,20,MODE_B - Config demo,0.32,2,1,0.32,0.025,8.0,0.625,9:17:00 a.m.,10:29:00 a.m.,01:12:00,Desviacion_demo_10235,Operador_03
15-ago-27,Operador_03,Completado,10236,TIN_000144,20144,40144,50144,Cliente_018,CLI018,Producto_006,Configuracion_001,30001,Desbacterizacion (Chiles secos),2.0,1,1,SYS_002069,TAG_002069,17,MODE_A - Config demo,2.0,2,1,2.0,2.5,2.4,3.0,7:18:00 a.m.,8:43:00 a.m.,01:25:00,,Operador_03
15-ago-27,Operador_03,Completado,10236,TIN_000144,20144,40144,50144,Cliente_018,CLI018,Producto_006,Configuracion_001,30001,Desbacterizacion (Chiles secos),2.0,2,2,SYS_002070,TAG_002070,17,MODE_A - Config demo,2.0,2,1,2.0,2.5,2.4,3.0,7:18:00 a.m.,8:43:00 a.m.,01:25:00,,Operador_01
15-ago-27,Operador_03,Completado,10236,TIN_000144,20144,40144,50144,Cliente_018,CLI018,Producto_006,Configuracion_001,30001,Desbacterizacion (Chiles secos),2.0,3,3,SYS_002071,TAG_002071,17,MODE_A - Config demo,2.0,2,1,2.0,2.5,2.4,3.0,7:18:00 a.m.,8:43:00 a.m.,01:25:00,,Operador_05
15-ago-27,Operador_04,Completado,10236,TIN_000144,20144,40144,50144,Cliente_018,CLI018,Producto_006,Configuracion_001,30001,Desbacterizacion (Chiles secos),2.0,4,4,SYS_002072,TAG_002072,17,MODE_A - Config demo,2.0,2,1,2.0,2.5,2.4,3.0,7:18:00 a.m.,8:43:00 a.m.,01:25:00,,Operador_04
15-ago-27,Operador_04,Completado,10236,TIN_000144,20144,40144,50144,Cliente_018,CLI018,Producto_006,Configuracion_001,30001,Desbacterizacion (Chiles secos),2.0,5,5,SYS_002073,TAG_002073,17,MODE_A - Config demo,2.0,2,1,2.0,2.5,2.4,3.0,7:18:00 a.m.,8:43:00 a.m.,01:25:00,,Operador_01
15-ago-27,Operador_03,Completado,10236,TIN_000144,20144,40144,50144,Cliente_018,CLI018,Producto_006,Configuracion_001,30001,Desbacterizacion (Chiles secos),2.0,6,6,SYS_002074,TAG_002074,17,MODE_A - Config demo,2.0,2,1,2.0,2.5,2.4,3.0,7:18:00 a.m.,8:43:00 a.m.,01:25:00,,Operador_02
15-ago-27,Operador_03,Completado,10236,TIN_000144,20144,40144,50144,Cliente_018,CLI018,Producto_006,Configuracion_001,30001,Desbacterizacion (Chiles secos),2.0,7,7,SYS_002075,TAG_002075,17,MODE_A - Config demo,2.0,2,1,2.0,2.5,2.4,3.0,7:18:00 a.m.,8:43:00 a.m.,01:25:00,,Operador_01
15-ago-27,Operador_02,Completado,10236,TIN_000144,20144,40144,50144,Cliente_018,CLI018,Producto_006,Configuracion_001,30001,Desbacterizacion (Chiles secos),2.0,8,8,SYS_002076,TAG_002076,17,MODE_A - Config demo,2.0,2,1,2.0,2.5,2.4,3.0,7:18:00 a.m.,8:43:00 a.m.,01:25:00,,Operador_01
15-ago-27,Operador_01,Completado,10236,TIN_000144,20144,40144,50144,Cliente_018,CLI018,Producto_006,Configuracion_001,30001,Desbacterizacion (Chiles secos),2.0,9,9,SYS_002077,TAG_002077,17,MODE_A - Config demo,2.0,2,1,2.0,2.5,2.4,3.0,7:18:00 a.m.,8:43:00 a.m.,01:25:00,,Operador_03
15-ago-27,Operador_04,Completado,10236,TIN_000144,20144,40144,50144,Cliente_018,CLI018,Producto_006,Configuracion_001,30001,Desbacterizacion (Chiles secos),2.0,10,10,SYS_002078,TAG_002078,17,MODE_A - Config demo,2.0,2,1,2.0,2.5,2.4,3.0,7:18:00 a.m.,8:43:00 a.m.,01:25:00,,Operador_02
15-ago-27,Operador_04,Completado,10236,TIN_000144,20144,40144,50144,Cliente_018,CLI018,Producto_006,Configuracion_001,30001,Desbacterizacion (Chiles secos),2.0,11,11,SYS_002079,TAG_002079,17,MODE_A - Config demo,2.0,2,1,2.0,2.5,2.4,3.0,7:18:00 a.m.,8:43:00 a.m.,01:25:00,,Operador_03
15-ago-27,Operador_04,Completado,10236,TIN_000144,20144,40144,50144,Cliente_018,CLI018,Producto_006,Configuracion_001,30001,Desbacterizacion (Chiles secos),2.0,12,12,SYS_002080,TAG_002080,17,MODE_A - Config demo,2.0,2,1,2.0,2.5,2.4,3.0,7:18:00 a.m.,8:43:00 a.m.,01:25:00,,Operador_02
15-ago-27,Operador_03,Completado,10236,TIN_000144,20144,40144,50144,Cliente_018,CLI018,Producto_006,Configuracion_001,30001,Desbacterizacion (Chiles secos),2.0,13,1,SYS_002081,TAG_002081,17,MODE_A - Config demo,2.0,2,1,2.0,2.5,2.4,3.0,7:18:00 a.m.,8:43:00 a.m.,01:25:00,,Operador_02
15-ago-27,Operador_03,Completado,10236,TIN_000144,20144,40144,50144,Cliente_018,CLI018,Producto_006,Configuracion_001,30001,Desbacterizacion (Chiles secos),2.0,14,2,SYS_002082,TAG_002082,17,MODE_A - Config demo,2.0,2,1,2.0,2.5,2.4,3.0,7:18:00 a.m.,8:43:00 a.m.,01:25:00,,Operador_05
15-ago-27,Operador_01,Completado,10236,TIN_000144,20144,40144,50144,Cliente_018,CLI018,Producto_006,Configuracion_001,30001,Desbacterizacion (Chiles secos),2.0,15,3,SYS_002083,TAG_002083,17,MODE_A - Config demo,2.0,2,1,2.0,2.5,2.4,3.0,7:18:00 a.m.,8:43:00 a.m.,01:25:00,,Operador_05
15-ago-27,Operador_05,Completado,10236,TIN_000144,20144,40144,50144,Cliente_018,CLI018,Producto_006,Configuracion_001,30001,Desbacterizacion (Chiles secos),2.0,16,4,SYS_002084,TAG_002084,17,MODE_A - Config demo,2.0,2,1,2.0,2.5,2.4,3.0,7:18:00 a.m.,8:43:00 a.m.,01:25:00,,Operador_01
15-ago-27,Operador_03,Completado,10236,TIN_000144,20144,40144,50144,Cliente_018,CLI018,Producto_006,Configuracion_001,30001,Desbacterizacion (Chiles secos),2.0,17,5,SYS_002085,TAG_002085,17,MODE_A - Config demo,2.0,2,1,2.0,2.5,2.4,3.0,7:18:00 a.m.,8:43:00 a.m.,01:25:00,,Operador_04
21-ago-27,Operador_01,Completado,10237,TIN_000145,20145,40145,50145,Cliente_017,CLI017,Producto_006,Configuracion_002,30002,Fitosanitario 150 Gy,0.28,1,1,SYS_002086,TAG_002086,20,MODE_A - Config demo,0.28,2,1,0.28,2.5,2.4,21.429,12:51:00 p.m.,2:19:00 p.m.,01:28:00,,Operador_02
21-ago-27,Operador_01,Completado,10237,TIN_000145,20145,40145,50145,Cliente_017,CLI017,Producto_006,Configuracion_002,30002,Fitosanitario 150 Gy,0.28,2,2,SYS_002087,TAG_002087,20,MODE_A - Config demo,0.28,2,1,0.28,2.5,2.4,21.429,12:51:00 p.m.,2:19:00 p.m.,01:28:00,,Operador_01
21-ago-27,Operador_01,Completado,10237,TIN_000145,20145,40145,50145,Cliente_017,CLI017,Producto_006,Configuracion_002,30002,Fitosanitario 150 Gy,0.28,3,3,SYS_002088,TAG_002088,20,MODE_A - Config demo,0.28,2,1,0.28,2.5,2.4,21.429,12:51:00 p.m.,2:19:00 p.m.,01:28:00,,Operador_03
21-ago-27,Operador_04,Completado,10237,TIN_000145,20145,40145,50145,Cliente_017,CLI017,Producto_006,Configuracion_002,30002,Fitosanitario 150 Gy,0.28,4,4,SYS_002089,TAG_002089,20,MODE_A - Config demo,0.28,2,1,0.28,2.5,2.4,21.429,12:51:00 p.m.,2:19:00 p.m.,01:28:00,,Operador_02
21-ago-27,Operador_02,Completado,10237,TIN_000145,20145,40145,50145,Cliente_017,CLI017,Producto_006,Configuracion_002,30002,Fitosanitario 150 Gy,0.28,5,5,SYS_002090,TAG_002090,20,MODE_A - Config demo,0.28,2,1,0.28,2.5,2.4,21.429,12:51:00 p.m.,2:19:00 p.m.,01:28:00,,Operador_05
21-ago-27,Operador_01,Completado,10237,TIN_000145,20145,40145,50145,Cliente_017,CLI017,Producto_006,Configuracion_002,30002,Fitosanitario 150 Gy,0.28,6,6,SYS_002091,TAG_002091,20,MODE_A - Config demo,0.28,2,1,0.28,2.5,2.4,21.429,12:51:00 p.m.,2:19:00 p.m.,01:28:00,,Operador_05
21-ago-27,Operador_01,Completado,10237,TIN_000145,20145,40145,50145,Cliente_017,CLI017,Producto_006,Configuracion_002,30002,Fitosanitario 150 Gy,0.28,7,7,SYS_002092,TAG_002092,20,MODE_A - Config demo,0.28,2,1,0.28,2.5,2.4,21.429,12:51:00 p.m.,2:19:00 p.m.,01:28:00,,Operador_04
21-ago-27,Operador_05,Completado,10237,TIN_000145,20145,40145,50145,Cliente_017,CLI017,Producto_006,Configuracion_002,30002,Fitosanitario 150 Gy,0.28,8,8,SYS_002093,TAG_002093,20,MODE_A - Config demo,0.28,2,1,0.28,2.5,2.4,21.429,12:51:00 p.m.,2:19:00 p.m.,01:28:00,,Operador_02
21-ago-27,Operador_02,Completado,10237,TIN_000145,20145,40145,50145,Cliente_017,CLI017,Producto_006,Configuracion_002,30002,Fitosanitario 150 Gy,0.28,9,9,SYS_002094,TAG_002094,20,MODE_A - Config demo,0.28,2,1,0.28,2.5,2.4,21.429,12:51:00 p.m.,2:19:00 p.m.,01:28:00,,Operador_02
21-ago-27,Operador_03,Completado,10237,TIN_000145,20145,40145,50145,Cliente_017,CLI017,Producto_006,Configuracion_002,30002,Fitosanitario 150 Gy,0.28,10,10,SYS_002095,TAG_002095,20,MODE_A - Config demo,0.28,2,1,0.28,2.5,2.4,21.429,12:51:00 p.m.,2:19:00 p.m.,01:28:00,,Operador_02
21-ago-27,Operador_02,Completado,10237,TIN_000145,20145,40145,50145,Cliente_017,CLI017,Producto_006,Configuracion_002,30002,Fitosanitario 150 Gy,0.28,11,11,SYS_002096,TAG_002096,20,MODE_A - Config demo,0.28,2,1,0.28,2.5,2.4,21.429,12:51:00 p.m.,2:19:00 p.m.,01:28:00,,Operador_01
21-ago-27,Operador_05,Completado,10237,TIN_000145,20145,40145,50145,Cliente_017,CLI017,Producto_006,Configuracion_002,30002,Fitosanitario 150 Gy,0.28,12,12,SYS_002097,TAG_002097,20,MODE_A - Config demo,0.28,2,1,0.28,2.5,2.4,21.429,12:51:00 p.m.,2:19:00 p.m.,01:28:00,,Operador_02
21-ago-27,Operador_01,Completado,10237,TIN_000145,20145,40145,50145,Cliente_017,CLI017,Producto_006,Configuracion_002,30002,Fitosanitario 150 Gy,0.28,13,1,SYS_002098,TAG_002098,20,MODE_A - Config demo,0.28,2,1,0.28,2.5,2.4,21.429,12:51:00 p.m.,2:19:00 p.m.,01:28:00,,Operador_02
21-ago-27,Operador_03,Completado,10237,TIN_000145,20145,40145,50145,Cliente_017,CLI017,Producto_006,Configuracion_002,30002,Fitosanitario 150 Gy,0.28,14,2,SYS_002099,TAG_002099,20,MODE_A - Config demo,0.28,2,1,0.28,2.5,2.4,21.429,12:51:00 p.m.,2:19:00 p.m.,01:28:00,,Operador_01
21-ago-27,Operador_03,Completado,10237,TIN_000145,20145,40145,50145,Cliente_017,CLI017,Producto_006,Configuracion_002,30002,Fitosanitario 150 Gy,0.28,15,3,SYS_002100,TAG_002100,20,MODE_A - Config demo,0.28,2,1,0.28,2.5,2.4,21.429,12:51:00 p.m.,2:19:00 p.m.,01:28:00,,Operador_05
21-ago-27,Operador_04,Completado,10237,TIN_000145,20145,40145,50145,Cliente_017,CLI017,Producto_006,Configuracion_002,30002,Fitosanitario 150 Gy,0.28,16,4,SYS_002101,TAG_002101,20,MODE_A - Config demo,0.28,2,1,0.28,2.5,2.4,21.429,12:51:00 p.m.,2:19:00 p.m.,01:28:00,,Operador_02
21-ago-27,Operador_05,Completado,10237,TIN_000145,20145,40145,50145,Cliente_017,CLI017,Producto_006,Configuracion_002,30002,Fitosanitario 150 Gy,0.28,17,5,SYS_002102,TAG_002102,20,MODE_A - Config demo,0.28,2,1,0.28,2.5,2.4,21.429,12:51:00 p.m.,2:19:00 p.m.,01:28:00,,Operador_02
21-ago-27,Operador_01,Completado,10237,TIN_000145,20145,40145,50145,Cliente_017,CLI017,Producto_006,Configuracion_002,30002,Fitosanitario 150 Gy,0.28,18,6,SYS_002103,TAG_002103,20,MODE_A - Config demo,0.28,2,1,0.28,2.5,2.4,21.429,12:51:00 p.m.,2:19:00 p.m.,01:28:00,,Operador_02
21-ago-27,Operador_01,Completado,10237,TIN_000145,20145,40145,50145,Cliente_017,CLI017,Producto_006,Configuracion_002,30002,Fitosanitario 150 Gy,0.28,19,7,SYS_002104,TAG_002104,20,MODE_A - Config demo,0.28,2,1,0.28,2.5,2.4,21.429,12:51:00 p.m.,2:19:00 p.m.,01:28:00,,Operador_03
21-ago-27,Operador_02,Completado,10237,TIN_000145,20145,40145,50145,Cliente_017,CLI017,Producto_006,Configuracion_002,30002,Fitosanitario 150 Gy,0.28,20,8,SYS_002105,TAG_002105,20,MODE_A - Config demo,0.28,2,1,0.28,2.5,2.4,21.429,12:51:00 p.m.,2:19:00 p.m.,01:28:00,,Operador_01
24-ago-27,Operador_02,Completado,10238,TIN_000146,20146,40146,50146,Cliente_016,CLI016,Producto_013,Configuracion_003,30003,Desbacterizacion (Vegetales),2.0,1,1,SYS_002106,TAG_002106,17,MODE_B - Config demo,2.0,2,1,2.0,0.025,8.0,0.1,7:37:00 a.m.,9:07:00 a.m.,01:30:00,,Operador_01
24-ago-27,Operador_02,Completado,10238,TIN_000146,20146,40146,50146,Cliente_016,CLI016,Producto_013,Configuracion_003,30003,Desbacterizacion (Vegetales),2.0,2,2,SYS_002107,TAG_002107,17,MODE_B - Config demo,2.0,2,1,2.0,0.025,8.0,0.1,7:37:00 a.m.,9:07:00 a.m.,01:30:00,,Operador_05
24-ago-27,Operador_02,Completado,10238,TIN_000146,20146,40146,50146,Cliente_016,CLI016,Producto_013,Configuracion_003,30003,Desbacterizacion (Vegetales),2.0,3,3,SYS_002108,TAG_002108,17,MODE_B - Config demo,2.0,2,1,2.0,0.025,8.0,0.1,7:37:00 a.m.,9:07:00 a.m.,01:30:00,,Operador_01
24-ago-27,Operador_01,Completado,10238,TIN_000146,20146,40146,50146,Cliente_016,CLI016,Producto_013,Configuracion_003,30003,Desbacterizacion (Vegetales),2.0,4,4,SYS_002109,TAG_002109,17,MODE_B - Config demo,2.0,2,1,2.0,0.025,8.0,0.1,7:37:00 a.m.,9:07:00 a.m.,01:30:00,,Operador_05
24-ago-27,Operador_04,Completado,10238,TIN_000146,20146,40146,50146,Cliente_016,CLI016,Producto_013,Configuracion_003,30003,Desbacterizacion (Vegetales),2.0,5,5,SYS_002110,TAG_002110,17,MODE_B - Config demo,2.0,2,1,2.0,0.025,8.0,0.1,7:37:00 a.m.,9:07:00 a.m.,01:30:00,,Operador_01
24-ago-27,Operador_04,Completado,10238,TIN_000146,20146,40146,50146,Cliente_016,CLI016,Producto_013,Configuracion_003,30003,Desbacterizacion (Vegetales),2.0,6,6,SYS_002111,TAG_002111,17,MODE_B - Config demo,2.0,2,1,2.0,0.025,8.0,0.1,7:37:00 a.m.,9:07:00 a.m.,01:30:00,,Operador_01
24-ago-27,Operador_04,Completado,10238,TIN_000146,20146,40146,50146,Cliente_016,CLI016,Producto_013,Configuracion_003,30003,Desbacterizacion (Vegetales),2.0,7,7,SYS_002112,TAG_002112,17,MODE_B - Config demo,2.0,2,1,2.0,0.025,8.0,0.1,7:37:00 a.m.,9:07:00 a.m.,01:30:00,,Operador_05
24-ago-27,Operador_04,Completado,10238,TIN_000146,20146,40146,50146,Cliente_016,CLI016,Producto_013,Configuracion_003,30003,Desbacterizacion (Vegetales),2.0,8,8,SYS_002113,TAG_002113,17,MODE_B - Config demo,2.0,2,1,2.0,0.025,8.0,0.1,7:37:00 a.m.,9:07:00 a.m.,01:30:00,,Operador_01
24-ago-27,Operador_02,Completado,10238,TIN_000146,20146,40146,50146,Cliente_016,CLI016,Producto_013,Configuracion_003,30003,Desbacterizacion (Vegetales),2.0,9,9,SYS_002114,TAG_002114,17,MODE_B - Config demo,2.0,2,1,2.0,0.025,8.0,0.1,7:37:00 a.m.,9:07:00 a.m.,01:30:00,,Operador_03
24-ago-27,Operador_01,Completado,10238,TIN_000146,20146,40146,50146,Cliente_016,CLI016,Producto_013,Configuracion_003,30003,Desbacterizacion (Vegetales),2.0,10,10,SYS_002115,TAG_002115,17,MODE_B - Config demo,2.0,2,1,2.0,0.025,8.0,0.1,7:37:00 a.m.,9:07:00 a.m.,01:30:00,,Operador_05
24-ago-27,Operador_04,Completado,10238,TIN_000146,20146,40146,50146,Cliente_016,CLI016,Producto_013,Configuracion_003,30003,Desbacterizacion (Vegetales),2.0,11,11,SYS_002116,TAG_002116,17,MODE_B - Config demo,2.0,2,1,2.0,0.025,8.0,0.1,7:37:00 a.m.,9:07:00 a.m.,01:30:00,,Operador_01
24-ago-27,Operador_04,Completado,10238,TIN_000146,20146,40146,50146,Cliente_016,CLI016,Producto_013,Configuracion_003,30003,Desbacterizacion (Vegetales),2.0,12,12,SYS_002117,TAG_002117,17,MODE_B - Config demo,2.0,2,1,2.0,0.025,8.0,0.1,7:37:00 a.m.,9:07:00 a.m.,01:30:00,,Operador_04
24-ago-27,Operador_01,Completado,10238,TIN_000146,20146,40146,50146,Cliente_016,CLI016,Producto_013,Configuracion_003,30003,Desbacterizacion (Vegetales),2.0,13,1,SYS_002118,TAG_002118,17,MODE_B - Config demo,2.0,2,1,2.0,0.025,8.0,0.1,7:37:00 a.m.,9:07:00 a.m.,01:30:00,,Operador_03
24-ago-27,Operador_02,Completado,10238,TIN_000146,20146,40146,50146,Cliente_016,CLI016,Producto_013,Configuracion_003,30003,Desbacterizacion (Vegetales),2.0,14,2,SYS_002119,TAG_002119,17,MODE_B - Config demo,2.0,2,1,2.0,0.025,8.0,0.1,7:37:00 a.m.,9:07:00 a.m.,01:30:00,,Operador_02
24-ago-27,Operador_05,Completado,10238,TIN_000146,20146,40146,50146,Cliente_016,CLI016,Producto_013,Configuracion_003,30003,Desbacterizacion (Vegetales),2.0,15,3,SYS_002120,TAG_002120,17,MODE_B - Config demo,2.0,2,1,2.0,0.025,8.0,0.1,7:37:00 a.m.,9:07:00 a.m.,01:30:00,,Operador_01
24-ago-27,Operador_03,Completado,10238,TIN_000146,20146,40146,50146,Cliente_016,CLI016,Producto_013,Configuracion_003,30003,Desbacterizacion (Vegetales),2.0,16,4,SYS_002121,TAG_002121,17,MODE_B - Config demo,2.0,2,1,2.0,0.025,8.0,0.1,7:37:00 a.m.,9:07:00 a.m.,01:30:00,,Operador_02
24-ago-27,Operador_02,Completado,10238,TIN_000146,20146,40146,50146,Cliente_016,CLI016,Producto_013,Configuracion_003,30003,Desbacterizacion (Vegetales),2.0,17,5,SYS_002122,TAG_002122,17,MODE_B - Config demo,2.0,2,1,2.0,0.025,8.0,0.1,7:37:00 a.m.,9:07:00 a.m.,01:30:00,,Operador_03
12-ago-27,Operador_05,Completado,10239,TIN_000147,20147,40147,50147,Cliente_009,CLI009,Producto_009,Configuracion_004,30004,Fitosanitario 150 Gy,0.3,1,1,SYS_002123,TAG_002123,19,MODE_B - Config demo,0.15,2,2,0.15,0.025,8.0,1.333,2:27:00 p.m.,4:02:00 p.m.,01:35:00,,Operador_01
12-ago-27,Operador_05,Completado,10239,TIN_000147,20147,40147,50147,Cliente_009,CLI009,Producto_009,Configuracion_004,30004,Fitosanitario 150 Gy,0.3,2,2,SYS_002124,TAG_002124,19,MODE_B - Config demo,0.15,2,2,0.15,0.025,8.0,1.333,2:27:00 p.m.,4:02:00 p.m.,01:35:00,,Operador_04
12-ago-27,Operador_05,Completado,10239,TIN_000147,20147,40147,50147,Cliente_009,CLI009,Producto_009,Configuracion_004,30004,Fitosanitario 150 Gy,0.3,3,3,SYS_002125,TAG_002125,19,MODE_B - Config demo,0.15,2,2,0.15,0.025,8.0,1.333,2:27:00 p.m.,4:02:00 p.m.,01:35:00,,Operador_03
12-ago-27,Operador_03,Completado,10239,TIN_000147,20147,40147,50147,Cliente_009,CLI009,Producto_009,Configuracion_004,30004,Fitosanitario 150 Gy,0.3,4,4,SYS_002126,TAG_002126,19,MODE_B - Config demo,0.15,2,2,0.15,0.025,8.0,1.333,2:27:00 p.m.,4:02:00 p.m.,01:35:00,,Operador_01
12-ago-27,Operador_04,Completado,10239,TIN_000147,20147,40147,50147,Cliente_009,CLI009,Producto_009,Configuracion_004,30004,Fitosanitario 150 Gy,0.3,5,5,SYS_002127,TAG_002127,19,MODE_B - Config demo,0.15,2,2,0.15,0.025,8.0,1.333,2:27:00 p.m.,4:02:00 p.m.,01:35:00,,Operador_05
12-ago-27,Operador_01,Completado,10239,TIN_000147,20147,40147,50147,Cliente_009,CLI009,Producto_009,Configuracion_004,30004,Fitosanitario 150 Gy,0.3,6,6,SYS_002128,TAG_002128,19,MODE_B - Config demo,0.15,2,2,0.15,0.025,8.0,1.333,2:27:00 p.m.,4:02:00 p.m.,01:35:00,,Operador_02
12-ago-27,Operador_03,Completado,10239,TIN_000147,20147,40147,50147,Cliente_009,CLI009,Producto_009,Configuracion_004,30004,Fitosanitario 150 Gy,0.3,7,7,SYS_002129,TAG_002129,19,MODE_B - Config demo,0.15,2,2,0.15,0.025,8.0,1.333,2:27:00 p.m.,4:02:00 p.m.,01:35:00,,Operador_03
12-ago-27,Operador_03,Completado,10239,TIN_000147,20147,40147,50147,Cliente_009,CLI009,Producto_009,Configuracion_004,30004,Fitosanitario 150 Gy,0.3,8,8,SYS_002130,TAG_002130,19,MODE_B - Config demo,0.15,2,2,0.15,0.025,8.0,1.333,2:27:00 p.m.,4:02:00 p.m.,01:35:00,,Operador_01
12-ago-27,Operador_03,Completado,10239,TIN_000147,20147,40147,50147,Cliente_009,CLI009,Producto_009,Configuracion_004,30004,Fitosanitario 150 Gy,0.3,9,9,SYS_002131,TAG_002131,19,MODE_B - Config demo,0.15,2,2,0.15,0.025,8.0,1.333,2:27:00 p.m.,4:02:00 p.m.,01:35:00,,Operador_03
12-ago-27,Operador_01,Completado,10239,TIN_000147,20147,40147,50147,Cliente_009,CLI009,Producto_009,Configuracion_004,30004,Fitosanitario 150 Gy,0.3,10,10,SYS_002132,TAG_002132,19,MODE_B - Config demo,0.15,2,2,0.15,0.025,8.0,1.333,2:27:00 p.m.,4:02:00 p.m.,01:35:00,,Operador_04
12-ago-27,Operador_05,Completado,10239,TIN_000147,20147,40147,50147,Cliente_009,CLI009,Producto_009,Configuracion_004,30004,Fitosanitario 150 Gy,0.3,11,11,SYS_002133,TAG_002133,19,MODE_B - Config demo,0.15,2,2,0.15,0.025,8.0,1.333,2:27:00 p.m.,4:02:00 p.m.,01:35:00,,Operador_01
12-ago-27,Operador_01,Completado,10239,TIN_000147,20147,40147,50147,Cliente_009,CLI009,Producto_009,Configuracion_004,30004,Fitosanitario 150 Gy,0.3,12,12,SYS_002134,TAG_002134,19,MODE_B - Config demo,0.15,2,2,0.15,0.025,8.0,1.333,2:27:00 p.m.,4:02:00 p.m.,01:35:00,,Operador_03
12-ago-27,Operador_04,Completado,10239,TIN_000147,20147,40147,50147,Cliente_009,CLI009,Producto_009,Configuracion_004,30004,Fitosanitario 150 Gy,0.3,13,1,SYS_002135,TAG_002135,19,MODE_B - Config demo,0.15,2,2,0.15,0.025,8.0,1.333,2:27:00 p.m.,4:02:00 p.m.,01:35:00,,Operador_01
12-ago-27,Operador_05,Completado,10239,TIN_000147,20147,40147,50147,Cliente_009,CLI009,Producto_009,Configuracion_004,30004,Fitosanitario 150 Gy,0.3,14,2,SYS_002136,TAG_002136,19,MODE_B - Config demo,0.15,2,2,0.15,0.025,8.0,1.333,2:27:00 p.m.,4:02:00 p.m.,01:35:00,,Operador_03
12-ago-27,Operador_01,Completado,10239,TIN_000147,20147,40147,50147,Cliente_009,CLI009,Producto_009,Configuracion_004,30004,Fitosanitario 150 Gy,0.3,15,3,SYS_002137,TAG_002137,19,MODE_B - Config demo,0.15,2,2,0.15,0.025,8.0,1.333,2:27:00 p.m.,4:02:00 p.m.,01:35:00,,Operador_03
12-ago-27,Operador_03,Completado,10239,TIN_000147,20147,40147,50147,Cliente_009,CLI009,Producto_009,Configuracion_004,30004,Fitosanitario 150 Gy,0.3,16,4,SYS_002138,TAG_002138,19,MODE_B - Config demo,0.15,2,2,0.15,0.025,8.0,1.333,2:27:00 p.m.,4:02:00 p.m.,01:35:00,,Operador_02
12-ago-27,Operador_03,Completado,10239,TIN_000147,20147,40147,50147,Cliente_009,CLI009,Producto_009,Configuracion_004,30004,Fitosanitario 150 Gy,0.3,17,5,SYS_002139,TAG_002139,19,MODE_B - Config demo,0.15,2,2,0.15,0.025,8.0,1.333,2:27:00 p.m.,4:02:00 p.m.,01:35:00,,Operador_02
12-ago-27,Operador_05,Completado,10239,TIN_000147,20147,40147,50147,Cliente_009,CLI009,Producto_009,Configuracion_004,30004,Fitosanitario 150 Gy,0.3,18,6,SYS_002140,TAG_002140,19,MODE_B - Config demo,0.15,2,2,0.15,0.025,8.0,1.333,2:27:00 p.m.,4:02:00 p.m.,01:35:00,,Operador_02
12-ago-27,Operador_05,Completado,10239,TIN_000147,20147,40147,50147,Cliente_009,CLI009,Producto_009,Configuracion_004,30004,Fitosanitario 150 Gy,0.3,19,7,SYS_002141,TAG_002141,19,MODE_B - Config demo,0.15,2,2,0.15,0.025,8.0,1.333,2:27:00 p.m.,4:02:00 p.m.,01:35:00,,Operador_05
21-ago-27,Operador_05,Completado,10240,TIN_000148,20148,40148,50148,Cliente_004,CLI004,Producto_006,Configuracion_005,30005,Desbacterizacion (Otros Y protocolos),2.0,1,1,SYS_002142,TAG_002142,16,MODE_B - Config demo,2.0,2,1,2.0,0.025,8.0,0.1,4:19:00 p.m.,5:35:00 p.m.,01:16:00,,Operador_01
21-ago-27,Operador_02,Completado,10240,TIN_000148,20148,40148,50148,Cliente_004,CLI004,Producto_006,Configuracion_005,30005,Desbacterizacion (Otros Y protocolos),2.0,2,2,SYS_002143,TAG_002143,16,MODE_B - Config demo,2.0,2,1,2.0,0.025,8.0,0.1,4:19:00 p.m.,5:35:00 p.m.,01:16:00,,Operador_02
21-ago-27,Operador_03,Completado,10240,TIN_000148,20148,40148,50148,Cliente_004,CLI004,Producto_006,Configuracion_005,30005,Desbacterizacion (Otros Y protocolos),2.0,3,3,SYS_002144,TAG_002144,16,MODE_B - Config demo,2.0,2,1,2.0,0.025,8.0,0.1,4:19:00 p.m.,5:35:00 p.m.,01:16:00,,Operador_05
21-ago-27,Operador_01,Completado,10240,TIN_000148,20148,40148,50148,Cliente_004,CLI004,Producto_006,Configuracion_005,30005,Desbacterizacion (Otros Y protocolos),2.0,4,4,SYS_002145,TAG_002145,16,MODE_B - Config demo,2.0,2,1,2.0,0.025,8.0,0.1,4:19:00 p.m.,5:35:00 p.m.,01:16:00,,Operador_04
21-ago-27,Operador_03,Completado,10240,TIN_000148,20148,40148,50148,Cliente_004,CLI004,Producto_006,Configuracion_005,30005,Desbacterizacion (Otros Y protocolos),2.0,5,5,SYS_002146,TAG_002146,16,MODE_B - Config demo,2.0,2,1,2.0,0.025,8.0,0.1,4:19:00 p.m.,5:35:00 p.m.,01:16:00,,Operador_03
21-ago-27,Operador_05,Completado,10240,TIN_000148,20148,40148,50148,Cliente_004,CLI004,Producto_006,Configuracion_005,30005,Desbacterizacion (Otros Y protocolos),2.0,6,6,SYS_002147,TAG_002147,16,MODE_B - Config demo,2.0,2,1,2.0,0.025,8.0,0.1,4:19:00 p.m.,5:35:00 p.m.,01:16:00,,Operador_04
21-ago-27,Operador_01,Completado,10240,TIN_000148,20148,40148,50148,Cliente_004,CLI004,Producto_006,Configuracion_005,30005,Desbacterizacion (Otros Y protocolos),2.0,7,7,SYS_002148,TAG_002148,16,MODE_B - Config demo,2.0,2,1,2.0,0.025,8.0,0.1,4:19:00 p.m.,5:35:00 p.m.,01:16:00,,Operador_03
21-ago-27,Operador_04,Completado,10240,TIN_000148,20148,40148,50148,Cliente_004,CLI004,Producto_006,Configuracion_005,30005,Desbacterizacion (Otros Y protocolos),2.0,8,8,SYS_002149,TAG_002149,16,MODE_B - Config demo,2.0,2,1,2.0,0.025,8.0,0.1,4:19:00 p.m.,5:35:00 p.m.,01:16:00,,Operador_01
21-ago-27,Operador_03,Completado,10240,TIN_000148,20148,40148,50148,Cliente_004,CLI004,Producto_006,Configuracion_005,30005,Desbacterizacion (Otros Y protocolos),2.0,9,9,SYS_002150,TAG_002150,16,MODE_B - Config demo,2.0,2,1,2.0,0.025,8.0,0.1,4:19:00 p.m.,5:35:00 p.m.,01:16:00,,Operador_03
21-ago-27,Operador_01,Completado,10240,TIN_000148,20148,40148,50148,Cliente_004,CLI004,Producto_006,Configuracion_005,30005,Desbacterizacion (Otros Y protocolos),2.0,10,10,SYS_002151,TAG_002151,16,MODE_B - Config demo,2.0,2,1,2.0,0.025,8.0,0.1,4:19:00 p.m.,5:35:00 p.m.,01:16:00,,Operador_05
21-ago-27,Operador_02,Completado,10240,TIN_000148,20148,40148,50148,Cliente_004,CLI004,Producto_006,Configuracion_005,30005,Desbacterizacion (Otros Y protocolos),2.0,11,11,SYS_002152,TAG_002152,16,MODE_B - Config demo,2.0,2,1,2.0,0.025,8.0,0.1,4:19:00 p.m.,5:35:00 p.m.,01:16:00,,Operador_02
21-ago-27,Operador_01,Completado,10240,TIN_000148,20148,40148,50148,Cliente_004,CLI004,Producto_006,Configuracion_005,30005,Desbacterizacion (Otros Y protocolos),2.0,12,12,SYS_002153,TAG_002153,16,MODE_B - Config demo,2.0,2,1,2.0,0.025,8.0,0.1,4:19:00 p.m.,5:35:00 p.m.,01:16:00,,Operador_01
21-ago-27,Operador_01,Completado,10240,TIN_000148,20148,40148,50148,Cliente_004,CLI004,Producto_006,Configuracion_005,30005,Desbacterizacion (Otros Y protocolos),2.0,13,1,SYS_002154,TAG_002154,16,MODE_B - Config demo,2.0,2,1,2.0,0.025,8.0,0.1,4:19:00 p.m.,5:35:00 p.m.,01:16:00,,Operador_04
21-ago-27,Operador_02,Completado,10240,TIN_000148,20148,40148,50148,Cliente_004,CLI004,Producto_006,Configuracion_005,30005,Desbacterizacion (Otros Y protocolos),2.0,14,2,SYS_002155,TAG_002155,16,MODE_B - Config demo,2.0,2,1,2.0,0.025,8.0,0.1,4:19:00 p.m.,5:35:00 p.m.,01:16:00,,Operador_03
21-ago-27,Operador_04,Completado,10240,TIN_000148,20148,40148,50148,Cliente_004,CLI004,Producto_006,Configuracion_005,30005,Desbacterizacion (Otros Y protocolos),2.0,15,3,SYS_002156,TAG_002156,16,MODE_B - Config demo,2.0,2,1,2.0,0.025,8.0,0.1,4:19:00 p.m.,5:35:00 p.m.,01:16:00,,Operador_02
21-ago-27,Operador_03,Completado,10240,TIN_000148,20148,40148,50148,Cliente_004,CLI004,Producto_006,Configuracion_005,30005,Desbacterizacion (Otros Y protocolos),2.0,16,4,SYS_002157,TAG_002157,16,MODE_B - Config demo,2.0,2,1,2.0,0.025,8.0,0.1,4:19:00 p.m.,5:35:00 p.m.,01:16:00,,Operador_03
17-ago-27,Operador_03,Completado,10241,TIN_000149,20149,40149,50149,Cliente_005,CLI005,Producto_009,Configuracion_006,30006,Desbacterizacion (Otros Y protocolos),1.5,1,1,SYS_002158,TAG_002158,10,MODE_B - Config demo,1.5,2,1,1.5,0.025,8.0,0.133,6:08:00 p.m.,7:18:00 p.m.,01:10:00,,Operador_04
17-ago-27,Operador_04,Completado,10241,TIN_000149,20149,40149,50149,Cliente_005,CLI005,Producto_009,Configuracion_006,30006,Desbacterizacion (Otros Y protocolos),1.5,2,2,SYS_002159,TAG_002159,10,MODE_B - Config demo,1.5,2,1,1.5,0.025,8.0,0.133,6:08:00 p.m.,7:18:00 p.m.,01:10:00,,Operador_04
17-ago-27,Operador_03,Completado,10241,TIN_000149,20149,40149,50149,Cliente_005,CLI005,Producto_009,Configuracion_006,30006,Desbacterizacion (Otros Y protocolos),1.5,3,3,SYS_002160,TAG_002160,10,MODE_B - Config demo,1.5,2,1,1.5,0.025,8.0,0.133,6:08:00 p.m.,7:18:00 p.m.,01:10:00,,Operador_05
17-ago-27,Operador_02,Completado,10241,TIN_000149,20149,40149,50149,Cliente_005,CLI005,Producto_009,Configuracion_006,30006,Desbacterizacion (Otros Y protocolos),1.5,4,4,SYS_002161,TAG_002161,10,MODE_B - Config demo,1.5,2,1,1.5,0.025,8.0,0.133,6:08:00 p.m.,7:18:00 p.m.,01:10:00,,Operador_04
17-ago-27,Operador_02,Completado,10241,TIN_000149,20149,40149,50149,Cliente_005,CLI005,Producto_009,Configuracion_006,30006,Desbacterizacion (Otros Y protocolos),1.5,5,5,SYS_002162,TAG_002162,10,MODE_B - Config demo,1.5,2,1,1.5,0.025,8.0,0.133,6:08:00 p.m.,7:18:00 p.m.,01:10:00,,Operador_04
17-ago-27,Operador_05,Completado,10241,TIN_000149,20149,40149,50149,Cliente_005,CLI005,Producto_009,Configuracion_006,30006,Desbacterizacion (Otros Y protocolos),1.5,6,6,SYS_002163,TAG_002163,10,MODE_B - Config demo,1.5,2,1,1.5,0.025,8.0,0.133,6:08:00 p.m.,7:18:00 p.m.,01:10:00,,Operador_01
17-ago-27,Operador_04,Completado,10241,TIN_000149,20149,40149,50149,Cliente_005,CLI005,Producto_009,Configuracion_006,30006,Desbacterizacion (Otros Y protocolos),1.5,7,7,SYS_002164,TAG_002164,10,MODE_B - Config demo,1.5,2,1,1.5,0.025,8.0,0.133,6:08:00 p.m.,7:18:00 p.m.,01:10:00,,Operador_03
17-ago-27,Operador_02,Completado,10241,TIN_000149,20149,40149,50149,Cliente_005,CLI005,Producto_009,Configuracion_006,30006,Desbacterizacion (Otros Y protocolos),1.5,8,8,SYS_002165,TAG_002165,10,MODE_B - Config demo,1.5,2,1,1.5,0.025,8.0,0.133,6:08:00 p.m.,7:18:00 p.m.,01:10:00,,Operador_02
17-ago-27,Operador_04,Completado,10241,TIN_000149,20149,40149,50149,Cliente_005,CLI005,Producto_009,Configuracion_006,30006,Desbacterizacion (Otros Y protocolos),1.5,9,9,SYS_002166,TAG_002166,10,MODE_B - Config demo,1.5,2,1,1.5,0.025,8.0,0.133,6:08:00 p.m.,7:18:00 p.m.,01:10:00,,Operador_05
17-ago-27,Operador_02,Completado,10241,TIN_000149,20149,40149,50149,Cliente_005,CLI005,Producto_009,Configuracion_006,30006,Desbacterizacion (Otros Y protocolos),1.5,10,10,SYS_002167,TAG_002167,10,MODE_B - Config demo,1.5,2,1,1.5,0.025,8.0,0.133,6:08:00 p.m.,7:18:00 p.m.,01:10:00,,Operador_02
10-ago-27,Operador_01,Completado,10242,TIN_000150,20150,40150,50150,Cliente_004,CLI004,Producto_001,Configuracion_007,30007,Desbacterizacion (Alimento mascotas),4.0,1,1,SYS_002168,TAG_002168,17,MODE_B - Config demo,4.0,2,1,4.0,0.025,8.0,0.05,6:59:00 a.m.,8:24:00 a.m.,01:25:00,,Operador_04
10-ago-27,Operador_04,Completado,10242,TIN_000150,20150,40150,50150,Cliente_004,CLI004,Producto_001,Configuracion_007,30007,Desbacterizacion (Alimento mascotas),4.0,2,2,SYS_002169,TAG_002169,17,MODE_B - Config demo,4.0,2,1,4.0,0.025,8.0,0.05,6:59:00 a.m.,8:24:00 a.m.,01:25:00,,Operador_03
10-ago-27,Operador_04,Completado,10242,TIN_000150,20150,40150,50150,Cliente_004,CLI004,Producto_001,Configuracion_007,30007,Desbacterizacion (Alimento mascotas),4.0,3,3,SYS_002170,TAG_002170,17,MODE_B - Config demo,4.0,2,1,4.0,0.025,8.0,0.05,6:59:00 a.m.,8:24:00 a.m.,01:25:00,,Operador_01
10-ago-27,Operador_02,Completado,10242,TIN_000150,20150,40150,50150,Cliente_004,CLI004,Producto_001,Configuracion_007,30007,Desbacterizacion (Alimento mascotas),4.0,4,4,SYS_002171,TAG_002171,17,MODE_B - Config demo,4.0,2,1,4.0,0.025,8.0,0.05,6:59:00 a.m.,8:24:00 a.m.,01:25:00,,Operador_01
10-ago-27,Operador_03,Completado,10242,TIN_000150,20150,40150,50150,Cliente_004,CLI004,Producto_001,Configuracion_007,30007,Desbacterizacion (Alimento mascotas),4.0,5,5,SYS_002172,TAG_002172,17,MODE_B - Config demo,4.0,2,1,4.0,0.025,8.0,0.05,6:59:00 a.m.,8:24:00 a.m.,01:25:00,,Operador_01
10-ago-27,Operador_04,Completado,10242,TIN_000150,20150,40150,50150,Cliente_004,CLI004,Producto_001,Configuracion_007,30007,Desbacterizacion (Alimento mascotas),4.0,6,6,SYS_002173,TAG_002173,17,MODE_B - Config demo,4.0,2,1,4.0,0.025,8.0,0.05,6:59:00 a.m.,8:24:00 a.m.,01:25:00,,Operador_03
10-ago-27,Operador_04,Completado,10242,TIN_000150,20150,40150,50150,Cliente_004,CLI004,Producto_001,Configuracion_007,30007,Desbacterizacion (Alimento mascotas),4.0,7,7,SYS_002174,TAG_002174,17,MODE_B - Config demo,4.0,2,1,4.0,0.025,8.0,0.05,6:59:00 a.m.,8:24:00 a.m.,01:25:00,,Operador_03
10-ago-27,Operador_01,Completado,10242,TIN_000150,20150,40150,50150,Cliente_004,CLI004,Producto_001,Configuracion_007,30007,Desbacterizacion (Alimento mascotas),4.0,8,8,SYS_002175,TAG_002175,17,MODE_B - Config demo,4.0,2,1,4.0,0.025,8.0,0.05,6:59:00 a.m.,8:24:00 a.m.,01:25:00,,Operador_02
10-ago-27,Operador_01,Completado,10242,TIN_000150,20150,40150,50150,Cliente_004,CLI004,Producto_001,Configuracion_007,30007,Desbacterizacion (Alimento mascotas),4.0,9,9,SYS_002176,TAG_002176,17,MODE_B - Config demo,4.0,2,1,4.0,0.025,8.0,0.05,6:59:00 a.m.,8:24:00 a.m.,01:25:00,,Operador_01
10-ago-27,Operador_05,Completado,10242,TIN_000150,20150,40150,50150,Cliente_004,CLI004,Producto_001,Configuracion_007,30007,Desbacterizacion (Alimento mascotas),4.0,10,10,SYS_002177,TAG_002177,17,MODE_B - Config demo,4.0,2,1,4.0,0.025,8.0,0.05,6:59:00 a.m.,8:24:00 a.m.,01:25:00,,Operador_05
10-ago-27,Operador_01,Completado,10242,TIN_000150,20150,40150,50150,Cliente_004,CLI004,Producto_001,Configuracion_007,30007,Desbacterizacion (Alimento mascotas),4.0,11,11,SYS_002178,TAG_002178,17,MODE_B - Config demo,4.0,2,1,4.0,0.025,8.0,0.05,6:59:00 a.m.,8:24:00 a.m.,01:25:00,,Operador_03
10-ago-27,Operador_02,Completado,10242,TIN_000150,20150,40150,50150,Cliente_004,CLI004,Producto_001,Configuracion_007,30007,Desbacterizacion (Alimento mascotas),4.0,12,12,SYS_002179,TAG_002179,17,MODE_B - Config demo,4.0,2,1,4.0,0.025,8.0,0.05,6:59:00 a.m.,8:24:00 a.m.,01:25:00,,Operador_03
10-ago-27,Operador_04,Completado,10242,TIN_000150,20150,40150,50150,Cliente_004,CLI004,Producto_001,Configuracion_007,30007,Desbacterizacion (Alimento mascotas),4.0,13,1,SYS_002180,TAG_002180,17,MODE_B - Config demo,4.0,2,1,4.0,0.025,8.0,0.05,6:59:00 a.m.,8:24:00 a.m.,01:25:00,,Operador_02
10-ago-27,Operador_05,Completado,10242,TIN_000150,20150,40150,50150,Cliente_004,CLI004,Producto_001,Configuracion_007,30007,Desbacterizacion (Alimento mascotas),4.0,14,2,SYS_002181,TAG_002181,17,MODE_B - Config demo,4.0,2,1,4.0,0.025,8.0,0.05,6:59:00 a.m.,8:24:00 a.m.,01:25:00,,Operador_01
10-ago-27,Operador_03,Completado,10242,TIN_000150,20150,40150,50150,Cliente_004,CLI004,Producto_001,Configuracion_007,30007,Desbacterizacion (Alimento mascotas),4.0,15,3,SYS_002182,TAG_002182,17,MODE_B - Config demo,4.0,2,1,4.0,0.025,8.0,0.05,6:59:00 a.m.,8:24:00 a.m.,01:25:00,,Operador_04
10-ago-27,Operador_03,Completado,10242,TIN_000150,20150,40150,50150,Cliente_004,CLI004,Producto_001,Configuracion_007,30007,Desbacterizacion (Alimento mascotas),4.0,16,4,SYS_002183,TAG_002183,17,MODE_B - Config demo,4.0,2,1,4.0,0.025,8.0,0.05,6:59:00 a.m.,8:24:00 a.m.,01:25:00,,Operador_04
10-ago-27,Operador_04,Completado,10242,TIN_000150,20150,40150,50150,Cliente_004,CLI004,Producto_001,Configuracion_007,30007,Desbacterizacion (Alimento mascotas),4.0,17,5,SYS_002184,TAG_002184,17,MODE_B - Config demo,4.0,2,1,4.0,0.025,8.0,0.05,6:59:00 a.m.,8:24:00 a.m.,01:25:00,,Operador_01
31-ago-27,Operador_02,Completado,10243,TIN_000151,20151,40151,50151,Cliente_008,CLI008,Producto_001,Configuracion_008,30008,Fitosanitario 150 Gy,0.25,1,1,SYS_002185,TAG_002185,16,MODE_A - Config demo,0.25,2,1,0.25,2.5,2.4,24.0,10:52:00 a.m.,11:48:00 a.m.,00:56:00,,Operador_04
31-ago-27,Operador_02,Completado,10243,TIN_000151,20151,40151,50151,Cliente_008,CLI008,Producto_001,Configuracion_008,30008,Fitosanitario 150 Gy,0.25,2,2,SYS_002186,TAG_002186,16,MODE_A - Config demo,0.25,2,1,0.25,2.5,2.4,24.0,10:52:00 a.m.,11:48:00 a.m.,00:56:00,,Operador_01
31-ago-27,Operador_05,Completado,10243,TIN_000151,20151,40151,50151,Cliente_008,CLI008,Producto_001,Configuracion_008,30008,Fitosanitario 150 Gy,0.25,3,3,SYS_002187,TAG_002187,16,MODE_A - Config demo,0.25,2,1,0.25,2.5,2.4,24.0,10:52:00 a.m.,11:48:00 a.m.,00:56:00,,Operador_01
31-ago-27,Operador_03,Completado,10243,TIN_000151,20151,40151,50151,Cliente_008,CLI008,Producto_001,Configuracion_008,30008,Fitosanitario 150 Gy,0.25,4,4,SYS_002188,TAG_002188,16,MODE_A - Config demo,0.25,2,1,0.25,2.5,2.4,24.0,10:52:00 a.m.,11:48:00 a.m.,00:56:00,,Operador_01
31-ago-27,Operador_04,Completado,10243,TIN_000151,20151,40151,50151,Cliente_008,CLI008,Producto_001,Configuracion_008,30008,Fitosanitario 150 Gy,0.25,5,5,SYS_002189,TAG_002189,16,MODE_A - Config demo,0.25,2,1,0.25,2.5,2.4,24.0,10:52:00 a.m.,11:48:00 a.m.,00:56:00,,Operador_02
31-ago-27,Operador_01,Completado,10243,TIN_000151,20151,40151,50151,Cliente_008,CLI008,Producto_001,Configuracion_008,30008,Fitosanitario 150 Gy,0.25,6,6,SYS_002190,TAG_002190,16,MODE_A - Config demo,0.25,2,1,0.25,2.5,2.4,24.0,10:52:00 a.m.,11:48:00 a.m.,00:56:00,,Operador_01
31-ago-27,Operador_03,Completado,10243,TIN_000151,20151,40151,50151,Cliente_008,CLI008,Producto_001,Configuracion_008,30008,Fitosanitario 150 Gy,0.25,7,7,SYS_002191,TAG_002191,16,MODE_A - Config demo,0.25,2,1,0.25,2.5,2.4,24.0,10:52:00 a.m.,11:48:00 a.m.,00:56:00,,Operador_01
31-ago-27,Operador_03,Completado,10243,TIN_000151,20151,40151,50151,Cliente_008,CLI008,Producto_001,Configuracion_008,30008,Fitosanitario 150 Gy,0.25,8,8,SYS_002192,TAG_002192,16,MODE_A - Config demo,0.25,2,1,0.25,2.5,2.4,24.0,10:52:00 a.m.,11:48:00 a.m.,00:56:00,,Operador_05
31-ago-27,Operador_03,Completado,10244,TIN_000151,20151,40151,50151,Cliente_008,CLI008,Producto_001,Configuracion_008,30008,Fitosanitario 150 Gy,0.25,9,1,SYS_002193,TAG_002193,16,MODE_B - Config demo,0.125,2,2,0.125,0.025,8.0,1.6,4:05:00 p.m.,5:03:00 p.m.,00:58:00,,Operador_02
31-ago-27,Operador_03,Completado,10244,TIN_000151,20151,40151,50151,Cliente_008,CLI008,Producto_001,Configuracion_008,30008,Fitosanitario 150 Gy,0.25,10,2,SYS_002194,TAG_002194,16,MODE_B - Config demo,0.125,2,2,0.125,0.025,8.0,1.6,4:05:00 p.m.,5:03:00 p.m.,00:58:00,,Operador_04
31-ago-27,Operador_05,Completado,10244,TIN_000151,20151,40151,50151,Cliente_008,CLI008,Producto_001,Configuracion_008,30008,Fitosanitario 150 Gy,0.25,11,3,SYS_002195,TAG_002195,16,MODE_B - Config demo,0.125,2,2,0.125,0.025,8.0,1.6,4:05:00 p.m.,5:03:00 p.m.,00:58:00,,Operador_01
31-ago-27,Operador_01,Completado,10244,TIN_000151,20151,40151,50151,Cliente_008,CLI008,Producto_001,Configuracion_008,30008,Fitosanitario 150 Gy,0.25,12,4,SYS_002196,TAG_002196,16,MODE_B - Config demo,0.125,2,2,0.125,0.025,8.0,1.6,4:05:00 p.m.,5:03:00 p.m.,00:58:00,,Operador_03
31-ago-27,Operador_03,Completado,10244,TIN_000151,20151,40151,50151,Cliente_008,CLI008,Producto_001,Configuracion_008,30008,Fitosanitario 150 Gy,0.25,13,5,SYS_002197,TAG_002197,16,MODE_B - Config demo,0.125,2,2,0.125,0.025,8.0,1.6,4:05:00 p.m.,5:03:00 p.m.,00:58:00,,Operador_05
31-ago-27,Operador_03,Completado,10244,TIN_000151,20151,40151,50151,Cliente_008,CLI008,Producto_001,Configuracion_008,30008,Fitosanitario 150 Gy,0.25,14,6,SYS_002198,TAG_002198,16,MODE_B - Config demo,0.125,2,2,0.125,0.025,8.0,1.6,4:05:00 p.m.,5:03:00 p.m.,00:58:00,,Operador_02
31-ago-27,Operador_05,Completado,10244,TIN_000151,20151,40151,50151,Cliente_008,CLI008,Producto_001,Configuracion_008,30008,Fitosanitario 150 Gy,0.25,15,7,SYS_002199,TAG_002199,16,MODE_B - Config demo,0.125,2,2,0.125,0.025,8.0,1.6,4:05:00 p.m.,5:03:00 p.m.,00:58:00,,Operador_05
31-ago-27,Operador_01,Completado,10244,TIN_000151,20151,40151,50151,Cliente_008,CLI008,Producto_001,Configuracion_008,30008,Fitosanitario 150 Gy,0.25,16,8,SYS_002200,TAG_002200,16,MODE_B - Config demo,0.125,2,2,0.125,0.025,8.0,1.6,4:05:00 p.m.,5:03:00 p.m.,00:58:00,,Operador_05
30-ago-27,Operador_02,Completado,10245,TIN_000152,20152,40152,50152,Cliente_016,CLI016,Producto_014,Configuracion_001,30001,Fitosanitario 150 Gy,0.22,1,1,SYS_002201,TAG_002201,7,MODE_B - Config demo,0.22,2,1,0.22,0.025,8.0,0.909,6:54:00 p.m.,7:48:00 p.m.,00:54:00,,Operador_03
30-ago-27,Operador_05,Completado,10245,TIN_000152,20152,40152,50152,Cliente_016,CLI016,Producto_014,Configuracion_001,30001,Fitosanitario 150 Gy,0.22,2,2,SYS_002202,TAG_002202,7,MODE_B - Config demo,0.22,2,1,0.22,0.025,8.0,0.909,6:54:00 p.m.,7:48:00 p.m.,00:54:00,,Operador_01
30-ago-27,Operador_02,Completado,10245,TIN_000152,20152,40152,50152,Cliente_016,CLI016,Producto_014,Configuracion_001,30001,Fitosanitario 150 Gy,0.22,3,3,SYS_002203,TAG_002203,7,MODE_B - Config demo,0.22,2,1,0.22,0.025,8.0,0.909,6:54:00 p.m.,7:48:00 p.m.,00:54:00,,Operador_02
30-ago-27,Operador_04,Completado,10245,TIN_000152,20152,40152,50152,Cliente_016,CLI016,Producto_014,Configuracion_001,30001,Fitosanitario 150 Gy,0.22,4,4,SYS_002204,TAG_002204,7,MODE_B - Config demo,0.22,2,1,0.22,0.025,8.0,0.909,6:54:00 p.m.,7:48:00 p.m.,00:54:00,,Operador_01
30-ago-27,Operador_01,Completado,10245,TIN_000152,20152,40152,50152,Cliente_016,CLI016,Producto_014,Configuracion_001,30001,Fitosanitario 150 Gy,0.22,5,5,SYS_002205,TAG_002205,7,MODE_B - Config demo,0.22,2,1,0.22,0.025,8.0,0.909,6:54:00 p.m.,7:48:00 p.m.,00:54:00,,Operador_02
30-ago-27,Operador_02,Completado,10245,TIN_000152,20152,40152,50152,Cliente_016,CLI016,Producto_014,Configuracion_001,30001,Fitosanitario 150 Gy,0.22,6,6,SYS_002206,TAG_002206,7,MODE_B - Config demo,0.22,2,1,0.22,0.025,8.0,0.909,6:54:00 p.m.,7:48:00 p.m.,00:54:00,,Operador_04
30-ago-27,Operador_05,Completado,10245,TIN_000152,20152,40152,50152,Cliente_016,CLI016,Producto_014,Configuracion_001,30001,Fitosanitario 150 Gy,0.22,7,7,SYS_002207,TAG_002207,7,MODE_B - Config demo,0.22,2,1,0.22,0.025,8.0,0.909,6:54:00 p.m.,7:48:00 p.m.,00:54:00,,Operador_03
02-ago-27,Operador_03,Completado,10246,TIN_000153,20153,40153,50153,Cliente_011,CLI011,Producto_012,Configuracion_002,30002,Desbacterizacion (Alimento mascotas),1.5,1,1,SYS_002208,TAG_002208,7,MODE_A - Config demo,0.75,2,2,0.75,2.5,2.4,8.0,7:31:00 p.m.,8:07:00 p.m.,00:36:00,,Operador_03
02-ago-27,Operador_02,Completado,10246,TIN_000153,20153,40153,50153,Cliente_011,CLI011,Producto_012,Configuracion_002,30002,Desbacterizacion (Alimento mascotas),1.5,2,2,SYS_002209,TAG_002209,7,MODE_A - Config demo,0.75,2,2,0.75,2.5,2.4,8.0,7:31:00 p.m.,8:07:00 p.m.,00:36:00,,Operador_04
02-ago-27,Operador_03,Completado,10246,TIN_000153,20153,40153,50153,Cliente_011,CLI011,Producto_012,Configuracion_002,30002,Desbacterizacion (Alimento mascotas),1.5,3,3,SYS_002210,TAG_002210,7,MODE_A - Config demo,0.75,2,2,0.75,2.5,2.4,8.0,7:31:00 p.m.,8:07:00 p.m.,00:36:00,,Operador_04
02-ago-27,Operador_03,Completado,10247,TIN_000153,20153,40153,50153,Cliente_011,CLI011,Producto_012,Configuracion_002,30002,Desbacterizacion (Alimento mascotas),1.5,4,1,SYS_002211,TAG_002211,7,MODE_B - Config demo,1.5,2,1,1.5,0.025,8.0,0.133,6:47:00 p.m.,7:31:00 p.m.,00:44:00,,Operador_04
02-ago-27,Operador_03,Completado,10247,TIN_000153,20153,40153,50153,Cliente_011,CLI011,Producto_012,Configuracion_002,30002,Desbacterizacion (Alimento mascotas),1.5,5,2,SYS_002212,TAG_002212,7,MODE_B - Config demo,1.5,2,1,1.5,0.025,8.0,0.133,6:47:00 p.m.,7:31:00 p.m.,00:44:00,,Operador_05
02-ago-27,Operador_02,Completado,10248,TIN_000153,20153,40153,50153,Cliente_011,CLI011,Producto_012,Configuracion_002,30002,Desbacterizacion (Alimento mascotas),1.5,6,1,SYS_002213,TAG_002213,7,MODE_B - Config demo,1.5,2,1,1.5,0.025,8.0,0.133,3:47:00 p.m.,4:28:00 p.m.,00:41:00,,Operador_04
02-ago-27,Operador_05,Completado,10248,TIN_000153,20153,40153,50153,Cliente_011,CLI011,Producto_012,Configuracion_002,30002,Desbacterizacion (Alimento mascotas),1.5,7,2,SYS_002214,TAG_002214,7,MODE_B - Config demo,1.5,2,1,1.5,0.025,8.0,0.133,3:47:00 p.m.,4:28:00 p.m.,00:41:00,,Operador_05
20-ago-27,Operador_05,Completado,10249,TIN_000154,20154,40154,50154,Cliente_004,CLI004,Producto_012,Configuracion_003,30003,Desbacterizacion (Alimento mascotas),3.0,1,1,SYS_002215,TAG_002215,23,MODE_A - Config demo,3.0,2,1,3.0,2.5,2.4,2.0,6:29:00 a.m.,8:15:00 a.m.,01:46:00,,Operador_02
20-ago-27,Operador_03,Completado,10249,TIN_000154,20154,40154,50154,Cliente_004,CLI004,Producto_012,Configuracion_003,30003,Desbacterizacion (Alimento mascotas),3.0,2,2,SYS_002216,TAG_002216,23,MODE_A - Config demo,3.0,2,1,3.0,2.5,2.4,2.0,6:29:00 a.m.,8:15:00 a.m.,01:46:00,,Operador_01
20-ago-27,Operador_04,Completado,10249,TIN_000154,20154,40154,50154,Cliente_004,CLI004,Producto_012,Configuracion_003,30003,Desbacterizacion (Alimento mascotas),3.0,3,3,SYS_002217,TAG_002217,23,MODE_A - Config demo,3.0,2,1,3.0,2.5,2.4,2.0,6:29:00 a.m.,8:15:00 a.m.,01:46:00,,Operador_01
20-ago-27,Operador_01,Completado,10249,TIN_000154,20154,40154,50154,Cliente_004,CLI004,Producto_012,Configuracion_003,30003,Desbacterizacion (Alimento mascotas),3.0,4,4,SYS_002218,TAG_002218,23,MODE_A - Config demo,3.0,2,1,3.0,2.5,2.4,2.0,6:29:00 a.m.,8:15:00 a.m.,01:46:00,,Operador_01
20-ago-27,Operador_05,Completado,10249,TIN_000154,20154,40154,50154,Cliente_004,CLI004,Producto_012,Configuracion_003,30003,Desbacterizacion (Alimento mascotas),3.0,5,5,SYS_002219,TAG_002219,23,MODE_A - Config demo,3.0,2,1,3.0,2.5,2.4,2.0,6:29:00 a.m.,8:15:00 a.m.,01:46:00,,Operador_01
20-ago-27,Operador_02,Completado,10249,TIN_000154,20154,40154,50154,Cliente_004,CLI004,Producto_012,Configuracion_003,30003,Desbacterizacion (Alimento mascotas),3.0,6,6,SYS_002220,TAG_002220,23,MODE_A - Config demo,3.0,2,1,3.0,2.5,2.4,2.0,6:29:00 a.m.,8:15:00 a.m.,01:46:00,,Operador_05
20-ago-27,Operador_01,Completado,10249,TIN_000154,20154,40154,50154,Cliente_004,CLI004,Producto_012,Configuracion_003,30003,Desbacterizacion (Alimento mascotas),3.0,7,7,SYS_002221,TAG_002221,23,MODE_A - Config demo,3.0,2,1,3.0,2.5,2.4,2.0,6:29:00 a.m.,8:15:00 a.m.,01:46:00,,Operador_03
20-ago-27,Operador_01,Completado,10249,TIN_000154,20154,40154,50154,Cliente_004,CLI004,Producto_012,Configuracion_003,30003,Desbacterizacion (Alimento mascotas),3.0,8,8,SYS_002222,TAG_002222,23,MODE_A - Config demo,3.0,2,1,3.0,2.5,2.4,2.0,6:29:00 a.m.,8:15:00 a.m.,01:46:00,,Operador_03
20-ago-27,Operador_05,Completado,10249,TIN_000154,20154,40154,50154,Cliente_004,CLI004,Producto_012,Configuracion_003,30003,Desbacterizacion (Alimento mascotas),3.0,9,9,SYS_002223,TAG_002223,23,MODE_A - Config demo,3.0,2,1,3.0,2.5,2.4,2.0,6:29:00 a.m.,8:15:00 a.m.,01:46:00,,Operador_02
20-ago-27,Operador_03,Completado,10249,TIN_000154,20154,40154,50154,Cliente_004,CLI004,Producto_012,Configuracion_003,30003,Desbacterizacion (Alimento mascotas),3.0,10,10,SYS_002224,TAG_002224,23,MODE_A - Config demo,3.0,2,1,3.0,2.5,2.4,2.0,6:29:00 a.m.,8:15:00 a.m.,01:46:00,,Operador_05
20-ago-27,Operador_03,Completado,10249,TIN_000154,20154,40154,50154,Cliente_004,CLI004,Producto_012,Configuracion_003,30003,Desbacterizacion (Alimento mascotas),3.0,11,11,SYS_002225,TAG_002225,23,MODE_A - Config demo,3.0,2,1,3.0,2.5,2.4,2.0,6:29:00 a.m.,8:15:00 a.m.,01:46:00,,Operador_05
20-ago-27,Operador_02,Completado,10249,TIN_000154,20154,40154,50154,Cliente_004,CLI004,Producto_012,Configuracion_003,30003,Desbacterizacion (Alimento mascotas),3.0,12,12,SYS_002226,TAG_002226,23,MODE_A - Config demo,3.0,2,1,3.0,2.5,2.4,2.0,6:29:00 a.m.,8:15:00 a.m.,01:46:00,,Operador_02
20-ago-27,Operador_01,Completado,10249,TIN_000154,20154,40154,50154,Cliente_004,CLI004,Producto_012,Configuracion_003,30003,Desbacterizacion (Alimento mascotas),3.0,13,1,SYS_002227,TAG_002227,23,MODE_A - Config demo,3.0,2,1,3.0,2.5,2.4,2.0,6:29:00 a.m.,8:15:00 a.m.,01:46:00,,Operador_02
20-ago-27,Operador_01,Completado,10249,TIN_000154,20154,40154,50154,Cliente_004,CLI004,Producto_012,Configuracion_003,30003,Desbacterizacion (Alimento mascotas),3.0,14,2,SYS_002228,TAG_002228,23,MODE_A - Config demo,3.0,2,1,3.0,2.5,2.4,2.0,6:29:00 a.m.,8:15:00 a.m.,01:46:00,,Operador_03
20-ago-27,Operador_01,Completado,10249,TIN_000154,20154,40154,50154,Cliente_004,CLI004,Producto_012,Configuracion_003,30003,Desbacterizacion (Alimento mascotas),3.0,15,3,SYS_002229,TAG_002229,23,MODE_A - Config demo,3.0,2,1,3.0,2.5,2.4,2.0,6:29:00 a.m.,8:15:00 a.m.,01:46:00,,Operador_01
20-ago-27,Operador_03,Completado,10249,TIN_000154,20154,40154,50154,Cliente_004,CLI004,Producto_012,Configuracion_003,30003,Desbacterizacion (Alimento mascotas),3.0,16,4,SYS_002230,TAG_002230,23,MODE_A - Config demo,3.0,2,1,3.0,2.5,2.4,2.0,6:29:00 a.m.,8:15:00 a.m.,01:46:00,,Operador_04
20-ago-27,Operador_01,Completado,10249,TIN_000154,20154,40154,50154,Cliente_004,CLI004,Producto_012,Configuracion_003,30003,Desbacterizacion (Alimento mascotas),3.0,17,5,SYS_002231,TAG_002231,23,MODE_A - Config demo,3.0,2,1,3.0,2.5,2.4,2.0,6:29:00 a.m.,8:15:00 a.m.,01:46:00,,Operador_04
20-ago-27,Operador_03,Completado,10249,TIN_000154,20154,40154,50154,Cliente_004,CLI004,Producto_012,Configuracion_003,30003,Desbacterizacion (Alimento mascotas),3.0,18,6,SYS_002232,TAG_002232,23,MODE_A - Config demo,3.0,2,1,3.0,2.5,2.4,2.0,6:29:00 a.m.,8:15:00 a.m.,01:46:00,,Operador_01
20-ago-27,Operador_03,Completado,10249,TIN_000154,20154,40154,50154,Cliente_004,CLI004,Producto_012,Configuracion_003,30003,Desbacterizacion (Alimento mascotas),3.0,19,7,SYS_002233,TAG_002233,23,MODE_A - Config demo,3.0,2,1,3.0,2.5,2.4,2.0,6:29:00 a.m.,8:15:00 a.m.,01:46:00,,Operador_05
20-ago-27,Operador_03,Completado,10249,TIN_000154,20154,40154,50154,Cliente_004,CLI004,Producto_012,Configuracion_003,30003,Desbacterizacion (Alimento mascotas),3.0,20,8,SYS_002234,TAG_002234,23,MODE_A - Config demo,3.0,2,1,3.0,2.5,2.4,2.0,6:29:00 a.m.,8:15:00 a.m.,01:46:00,,Operador_05
20-ago-27,Operador_05,Completado,10249,TIN_000154,20154,40154,50154,Cliente_004,CLI004,Producto_012,Configuracion_003,30003,Desbacterizacion (Alimento mascotas),3.0,21,9,SYS_002235,TAG_002235,23,MODE_A - Config demo,3.0,2,1,3.0,2.5,2.4,2.0,6:29:00 a.m.,8:15:00 a.m.,01:46:00,,Operador_02
20-ago-27,Operador_01,Completado,10249,TIN_000154,20154,40154,50154,Cliente_004,CLI004,Producto_012,Configuracion_003,30003,Desbacterizacion (Alimento mascotas),3.0,22,10,SYS_002236,TAG_002236,23,MODE_A - Config demo,3.0,2,1,3.0,2.5,2.4,2.0,6:29:00 a.m.,8:15:00 a.m.,01:46:00,,Operador_04
20-ago-27,Operador_03,Completado,10249,TIN_000154,20154,40154,50154,Cliente_004,CLI004,Producto_012,Configuracion_003,30003,Desbacterizacion (Alimento mascotas),3.0,23,11,SYS_002237,TAG_002237,23,MODE_A - Config demo,3.0,2,1,3.0,2.5,2.4,2.0,6:29:00 a.m.,8:15:00 a.m.,01:46:00,,Operador_02
17-ago-27,Operador_02,Completado,10250,TIN_000155,20155,40155,50155,Cliente_006,CLI006,Producto_003,Configuracion_004,30004,Desbacterizacion (Otros Y protocolos),1.0,1,1,SYS_002238,TAG_002238,8,MODE_B - Config demo,1.0,2,1,1.0,0.025,8.0,0.2,7:01:00 a.m.,7:36:00 a.m.,00:35:00,,Operador_01
17-ago-27,Operador_01,Completado,10250,TIN_000155,20155,40155,50155,Cliente_006,CLI006,Producto_003,Configuracion_004,30004,Desbacterizacion (Otros Y protocolos),1.0,2,2,SYS_002239,TAG_002239,8,MODE_B - Config demo,1.0,2,1,1.0,0.025,8.0,0.2,7:01:00 a.m.,7:36:00 a.m.,00:35:00,,Operador_01
17-ago-27,Operador_01,Completado,10250,TIN_000155,20155,40155,50155,Cliente_006,CLI006,Producto_003,Configuracion_004,30004,Desbacterizacion (Otros Y protocolos),1.0,3,3,SYS_002240,TAG_002240,8,MODE_B - Config demo,1.0,2,1,1.0,0.025,8.0,0.2,7:01:00 a.m.,7:36:00 a.m.,00:35:00,,Operador_01
17-ago-27,Operador_03,Completado,10251,TIN_000155,20155,40155,50155,Cliente_006,CLI006,Producto_003,Configuracion_004,30004,Desbacterizacion (Otros Y protocolos),1.0,4,1,SYS_002241,TAG_002241,8,MODE_B - Config demo,1.0,2,1,1.0,0.025,8.0,0.2,8:15:00 a.m.,8:58:00 a.m.,00:43:00,,Operador_02
17-ago-27,Operador_02,Completado,10251,TIN_000155,20155,40155,50155,Cliente_006,CLI006,Producto_003,Configuracion_004,30004,Desbacterizacion (Otros Y protocolos),1.0,5,2,SYS_002242,TAG_002242,8,MODE_B - Config demo,1.0,2,1,1.0,0.025,8.0,0.2,8:15:00 a.m.,8:58:00 a.m.,00:43:00,,Operador_03
17-ago-27,Operador_02,Completado,10251,TIN_000155,20155,40155,50155,Cliente_006,CLI006,Producto_003,Configuracion_004,30004,Desbacterizacion (Otros Y protocolos),1.0,6,3,SYS_002243,TAG_002243,8,MODE_B - Config demo,1.0,2,1,1.0,0.025,8.0,0.2,8:15:00 a.m.,8:58:00 a.m.,00:43:00,,Operador_04
17-ago-27,Operador_03,Completado,10252,TIN_000155,20155,40155,50155,Cliente_006,CLI006,Producto_003,Configuracion_004,30004,Desbacterizacion (Otros Y protocolos),1.0,7,1,SYS_002244,TAG_002244,8,MODE_A - Config demo,0.5,2,2,0.5,2.5,2.4,12.0,10:05:00 a.m.,10:38:00 a.m.,00:33:00,,Operador_02
17-ago-27,Operador_01,Completado,10252,TIN_000155,20155,40155,50155,Cliente_006,CLI006,Producto_003,Configuracion_004,30004,Desbacterizacion (Otros Y protocolos),1.0,8,2,SYS_002245,TAG_002245,8,MODE_A - Config demo,0.5,2,2,0.5,2.5,2.4,12.0,10:05:00 a.m.,10:38:00 a.m.,00:33:00,,Operador_03
11-ago-27,Operador_03,Completado,10253,TIN_000156,20156,40156,50156,Cliente_017,CLI017,Producto_006,Configuracion_005,30005,Desbacterizacion (Alimento mascotas),1.5,1,1,SYS_002246,TAG_002246,16,MODE_B - Config demo,1.5,2,1,1.5,0.025,8.0,0.133,6:23:00 p.m.,7:29:00 p.m.,01:06:00,,Operador_04
11-ago-27,Operador_04,Completado,10253,TIN_000156,20156,40156,50156,Cliente_017,CLI017,Producto_006,Configuracion_005,30005,Desbacterizacion (Alimento mascotas),1.5,2,2,SYS_002247,TAG_002247,16,MODE_B - Config demo,1.5,2,1,1.5,0.025,8.0,0.133,6:23:00 p.m.,7:29:00 p.m.,01:06:00,,Operador_04
11-ago-27,Operador_02,Completado,10253,TIN_000156,20156,40156,50156,Cliente_017,CLI017,Producto_006,Configuracion_005,30005,Desbacterizacion (Alimento mascotas),1.5,3,3,SYS_002248,TAG_002248,16,MODE_B - Config demo,1.5,2,1,1.5,0.025,8.0,0.133,6:23:00 p.m.,7:29:00 p.m.,01:06:00,,Operador_01
11-ago-27,Operador_05,Completado,10253,TIN_000156,20156,40156,50156,Cliente_017,CLI017,Producto_006,Configuracion_005,30005,Desbacterizacion (Alimento mascotas),1.5,4,4,SYS_002249,TAG_002249,16,MODE_B - Config demo,1.5,2,1,1.5,0.025,8.0,0.133,6:23:00 p.m.,7:29:00 p.m.,01:06:00,,Operador_05
11-ago-27,Operador_02,Completado,10253,TIN_000156,20156,40156,50156,Cliente_017,CLI017,Producto_006,Configuracion_005,30005,Desbacterizacion (Alimento mascotas),1.5,5,5,SYS_002250,TAG_002250,16,MODE_B - Config demo,1.5,2,1,1.5,0.025,8.0,0.133,6:23:00 p.m.,7:29:00 p.m.,01:06:00,,Operador_01
11-ago-27,Operador_05,Completado,10253,TIN_000156,20156,40156,50156,Cliente_017,CLI017,Producto_006,Configuracion_005,30005,Desbacterizacion (Alimento mascotas),1.5,6,6,SYS_002251,TAG_002251,16,MODE_B - Config demo,1.5,2,1,1.5,0.025,8.0,0.133,6:23:00 p.m.,7:29:00 p.m.,01:06:00,,Operador_01
11-ago-27,Operador_01,Completado,10253,TIN_000156,20156,40156,50156,Cliente_017,CLI017,Producto_006,Configuracion_005,30005,Desbacterizacion (Alimento mascotas),1.5,7,7,SYS_002252,TAG_002252,16,MODE_B - Config demo,1.5,2,1,1.5,0.025,8.0,0.133,6:23:00 p.m.,7:29:00 p.m.,01:06:00,,Operador_05
11-ago-27,Operador_04,Completado,10253,TIN_000156,20156,40156,50156,Cliente_017,CLI017,Producto_006,Configuracion_005,30005,Desbacterizacion (Alimento mascotas),1.5,8,8,SYS_002253,TAG_002253,16,MODE_B - Config demo,1.5,2,1,1.5,0.025,8.0,0.133,6:23:00 p.m.,7:29:00 p.m.,01:06:00,,Operador_04
11-ago-27,Operador_02,Completado,10254,TIN_000156,20156,40156,50156,Cliente_017,CLI017,Producto_006,Configuracion_005,30005,Desbacterizacion (Alimento mascotas),1.5,9,1,SYS_002254,TAG_002254,16,MODE_B - Config demo,1.5,2,1,1.5,0.025,8.0,0.133,2:44:00 p.m.,3:48:00 p.m.,01:04:00,,Operador_04
11-ago-27,Operador_01,Completado,10254,TIN_000156,20156,40156,50156,Cliente_017,CLI017,Producto_006,Configuracion_005,30005,Desbacterizacion (Alimento mascotas),1.5,10,2,SYS_002255,TAG_002255,16,MODE_B - Config demo,1.5,2,1,1.5,0.025,8.0,0.133,2:44:00 p.m.,3:48:00 p.m.,01:04:00,,Operador_05
11-ago-27,Operador_02,Completado,10254,TIN_000156,20156,40156,50156,Cliente_017,CLI017,Producto_006,Configuracion_005,30005,Desbacterizacion (Alimento mascotas),1.5,11,3,SYS_002256,TAG_002256,16,MODE_B - Config demo,1.5,2,1,1.5,0.025,8.0,0.133,2:44:00 p.m.,3:48:00 p.m.,01:04:00,,Operador_01
11-ago-27,Operador_01,Completado,10254,TIN_000156,20156,40156,50156,Cliente_017,CLI017,Producto_006,Configuracion_005,30005,Desbacterizacion (Alimento mascotas),1.5,12,4,SYS_002257,TAG_002257,16,MODE_B - Config demo,1.5,2,1,1.5,0.025,8.0,0.133,2:44:00 p.m.,3:48:00 p.m.,01:04:00,,Operador_03
11-ago-27,Operador_02,Completado,10254,TIN_000156,20156,40156,50156,Cliente_017,CLI017,Producto_006,Configuracion_005,30005,Desbacterizacion (Alimento mascotas),1.5,13,5,SYS_002258,TAG_002258,16,MODE_B - Config demo,1.5,2,1,1.5,0.025,8.0,0.133,2:44:00 p.m.,3:48:00 p.m.,01:04:00,,Operador_04
11-ago-27,Operador_03,Completado,10254,TIN_000156,20156,40156,50156,Cliente_017,CLI017,Producto_006,Configuracion_005,30005,Desbacterizacion (Alimento mascotas),1.5,14,6,SYS_002259,TAG_002259,16,MODE_B - Config demo,1.5,2,1,1.5,0.025,8.0,0.133,2:44:00 p.m.,3:48:00 p.m.,01:04:00,,Operador_02
11-ago-27,Operador_02,Completado,10254,TIN_000156,20156,40156,50156,Cliente_017,CLI017,Producto_006,Configuracion_005,30005,Desbacterizacion (Alimento mascotas),1.5,15,7,SYS_002260,TAG_002260,16,MODE_B - Config demo,1.5,2,1,1.5,0.025,8.0,0.133,2:44:00 p.m.,3:48:00 p.m.,01:04:00,,Operador_02
11-ago-27,Operador_04,Completado,10254,TIN_000156,20156,40156,50156,Cliente_017,CLI017,Producto_006,Configuracion_005,30005,Desbacterizacion (Alimento mascotas),1.5,16,8,SYS_002261,TAG_002261,16,MODE_B - Config demo,1.5,2,1,1.5,0.025,8.0,0.133,2:44:00 p.m.,3:48:00 p.m.,01:04:00,,Operador_01
06-ago-27,Operador_05,Completado,10255,TIN_000157,20157,40157,50157,Cliente_013,CLI013,Producto_006,Configuracion_006,30006,Fitosanitario 150 Gy,0.22,1,1,SYS_002262,TAG_002262,18,MODE_A - Config demo,0.22,2,1,0.22,2.5,2.4,27.273,12:12:00 p.m.,1:19:00 p.m.,01:07:00,,Operador_04
06-ago-27,Operador_01,Completado,10255,TIN_000157,20157,40157,50157,Cliente_013,CLI013,Producto_006,Configuracion_006,30006,Fitosanitario 150 Gy,0.22,2,2,SYS_002263,TAG_002263,18,MODE_A - Config demo,0.22,2,1,0.22,2.5,2.4,27.273,12:12:00 p.m.,1:19:00 p.m.,01:07:00,,Operador_03
06-ago-27,Operador_02,Completado,10255,TIN_000157,20157,40157,50157,Cliente_013,CLI013,Producto_006,Configuracion_006,30006,Fitosanitario 150 Gy,0.22,3,3,SYS_002264,TAG_002264,18,MODE_A - Config demo,0.22,2,1,0.22,2.5,2.4,27.273,12:12:00 p.m.,1:19:00 p.m.,01:07:00,,Operador_03
06-ago-27,Operador_05,Completado,10255,TIN_000157,20157,40157,50157,Cliente_013,CLI013,Producto_006,Configuracion_006,30006,Fitosanitario 150 Gy,0.22,4,4,SYS_002265,TAG_002265,18,MODE_A - Config demo,0.22,2,1,0.22,2.5,2.4,27.273,12:12:00 p.m.,1:19:00 p.m.,01:07:00,,Operador_05
06-ago-27,Operador_03,Completado,10255,TIN_000157,20157,40157,50157,Cliente_013,CLI013,Producto_006,Configuracion_006,30006,Fitosanitario 150 Gy,0.22,5,5,SYS_002266,TAG_002266,18,MODE_A - Config demo,0.22,2,1,0.22,2.5,2.4,27.273,12:12:00 p.m.,1:19:00 p.m.,01:07:00,,Operador_01
06-ago-27,Operador_02,Completado,10255,TIN_000157,20157,40157,50157,Cliente_013,CLI013,Producto_006,Configuracion_006,30006,Fitosanitario 150 Gy,0.22,6,6,SYS_002267,TAG_002267,18,MODE_A - Config demo,0.22,2,1,0.22,2.5,2.4,27.273,12:12:00 p.m.,1:19:00 p.m.,01:07:00,,Operador_04
06-ago-27,Operador_03,Completado,10255,TIN_000157,20157,40157,50157,Cliente_013,CLI013,Producto_006,Configuracion_006,30006,Fitosanitario 150 Gy,0.22,7,7,SYS_002268,TAG_002268,18,MODE_A - Config demo,0.22,2,1,0.22,2.5,2.4,27.273,12:12:00 p.m.,1:19:00 p.m.,01:07:00,,Operador_03
06-ago-27,Operador_02,Completado,10255,TIN_000157,20157,40157,50157,Cliente_013,CLI013,Producto_006,Configuracion_006,30006,Fitosanitario 150 Gy,0.22,8,8,SYS_002269,TAG_002269,18,MODE_A - Config demo,0.22,2,1,0.22,2.5,2.4,27.273,12:12:00 p.m.,1:19:00 p.m.,01:07:00,,Operador_05
06-ago-27,Operador_05,Completado,10255,TIN_000157,20157,40157,50157,Cliente_013,CLI013,Producto_006,Configuracion_006,30006,Fitosanitario 150 Gy,0.22,9,9,SYS_002270,TAG_002270,18,MODE_A - Config demo,0.22,2,1,0.22,2.5,2.4,27.273,12:12:00 p.m.,1:19:00 p.m.,01:07:00,,Operador_04
06-ago-27,Operador_04,Completado,10256,TIN_000157,20157,40157,50157,Cliente_013,CLI013,Producto_006,Configuracion_006,30006,Fitosanitario 150 Gy,0.22,10,1,SYS_002271,TAG_002271,18,MODE_A - Config demo,0.22,2,1,0.22,2.5,2.4,27.273,8:42:00 a.m.,9:47:00 a.m.,01:05:00,,Operador_02
06-ago-27,Operador_04,Completado,10256,TIN_000157,20157,40157,50157,Cliente_013,CLI013,Producto_006,Configuracion_006,30006,Fitosanitario 150 Gy,0.22,11,2,SYS_002272,TAG_002272,18,MODE_A - Config demo,0.22,2,1,0.22,2.5,2.4,27.273,8:42:00 a.m.,9:47:00 a.m.,01:05:00,,Operador_05
06-ago-27,Operador_04,Completado,10256,TIN_000157,20157,40157,50157,Cliente_013,CLI013,Producto_006,Configuracion_006,30006,Fitosanitario 150 Gy,0.22,12,3,SYS_002273,TAG_002273,18,MODE_A - Config demo,0.22,2,1,0.22,2.5,2.4,27.273,8:42:00 a.m.,9:47:00 a.m.,01:05:00,,Operador_03
06-ago-27,Operador_05,Completado,10256,TIN_000157,20157,40157,50157,Cliente_013,CLI013,Producto_006,Configuracion_006,30006,Fitosanitario 150 Gy,0.22,13,4,SYS_002274,TAG_002274,18,MODE_A - Config demo,0.22,2,1,0.22,2.5,2.4,27.273,8:42:00 a.m.,9:47:00 a.m.,01:05:00,,Operador_02
06-ago-27,Operador_05,Completado,10256,TIN_000157,20157,40157,50157,Cliente_013,CLI013,Producto_006,Configuracion_006,30006,Fitosanitario 150 Gy,0.22,14,5,SYS_002275,TAG_002275,18,MODE_A - Config demo,0.22,2,1,0.22,2.5,2.4,27.273,8:42:00 a.m.,9:47:00 a.m.,01:05:00,,Operador_05
06-ago-27,Operador_02,Completado,10256,TIN_000157,20157,40157,50157,Cliente_013,CLI013,Producto_006,Configuracion_006,30006,Fitosanitario 150 Gy,0.22,15,6,SYS_002276,TAG_002276,18,MODE_A - Config demo,0.22,2,1,0.22,2.5,2.4,27.273,8:42:00 a.m.,9:47:00 a.m.,01:05:00,,Operador_04
06-ago-27,Operador_05,Completado,10256,TIN_000157,20157,40157,50157,Cliente_013,CLI013,Producto_006,Configuracion_006,30006,Fitosanitario 150 Gy,0.22,16,7,SYS_002277,TAG_002277,18,MODE_A - Config demo,0.22,2,1,0.22,2.5,2.4,27.273,8:42:00 a.m.,9:47:00 a.m.,01:05:00,,Operador_02
06-ago-27,Operador_04,Completado,10256,TIN_000157,20157,40157,50157,Cliente_013,CLI013,Producto_006,Configuracion_006,30006,Fitosanitario 150 Gy,0.22,17,8,SYS_002278,TAG_002278,18,MODE_A - Config demo,0.22,2,1,0.22,2.5,2.4,27.273,8:42:00 a.m.,9:47:00 a.m.,01:05:00,,Operador_03
06-ago-27,Operador_03,Completado,10256,TIN_000157,20157,40157,50157,Cliente_013,CLI013,Producto_006,Configuracion_006,30006,Fitosanitario 150 Gy,0.22,18,9,SYS_002279,TAG_002279,18,MODE_A - Config demo,0.22,2,1,0.22,2.5,2.4,27.273,8:42:00 a.m.,9:47:00 a.m.,01:05:00,,Operador_04
27-ago-27,Operador_05,Completado,10257,TIN_000158,20158,40158,50158,Cliente_013,CLI013,Producto_015,Configuracion_007,30007,Desbacterizacion (Alimento mascotas),4.0,1,1,SYS_002280,TAG_002280,9,MODE_B - Config demo,2.0,2,2,2.0,0.025,8.0,0.1,6:17:00 p.m.,7:11:00 p.m.,00:54:00,Desviacion_demo_10257,Operador_02
27-ago-27,Operador_04,Completado,10257,TIN_000158,20158,40158,50158,Cliente_013,CLI013,Producto_015,Configuracion_007,30007,Desbacterizacion (Alimento mascotas),4.0,2,2,SYS_002281,TAG_002281,9,MODE_B - Config demo,2.0,2,2,2.0,0.025,8.0,0.1,6:17:00 p.m.,7:11:00 p.m.,00:54:00,Desviacion_demo_10257,Operador_04
27-ago-27,Operador_02,Completado,10257,TIN_000158,20158,40158,50158,Cliente_013,CLI013,Producto_015,Configuracion_007,30007,Desbacterizacion (Alimento mascotas),4.0,3,3,SYS_002282,TAG_002282,9,MODE_B - Config demo,2.0,2,2,2.0,0.025,8.0,0.1,6:17:00 p.m.,7:11:00 p.m.,00:54:00,Desviacion_demo_10257,Operador_04
27-ago-27,Operador_05,Completado,10257,TIN_000158,20158,40158,50158,Cliente_013,CLI013,Producto_015,Configuracion_007,30007,Desbacterizacion (Alimento mascotas),4.0,4,4,SYS_002283,TAG_002283,9,MODE_B - Config demo,2.0,2,2,2.0,0.025,8.0,0.1,6:17:00 p.m.,7:11:00 p.m.,00:54:00,Desviacion_demo_10257,Operador_01
27-ago-27,Operador_05,Completado,10257,TIN_000158,20158,40158,50158,Cliente_013,CLI013,Producto_015,Configuracion_007,30007,Desbacterizacion (Alimento mascotas),4.0,5,5,SYS_002284,TAG_002284,9,MODE_B - Config demo,2.0,2,2,2.0,0.025,8.0,0.1,6:17:00 p.m.,7:11:00 p.m.,00:54:00,Desviacion_demo_10257,Operador_04
27-ago-27,Operador_05,Completado,10257,TIN_000158,20158,40158,50158,Cliente_013,CLI013,Producto_015,Configuracion_007,30007,Desbacterizacion (Alimento mascotas),4.0,6,6,SYS_002285,TAG_002285,9,MODE_B - Config demo,2.0,2,2,2.0,0.025,8.0,0.1,6:17:00 p.m.,7:11:00 p.m.,00:54:00,Desviacion_demo_10257,Operador_01
27-ago-27,Operador_02,Completado,10257,TIN_000158,20158,40158,50158,Cliente_013,CLI013,Producto_015,Configuracion_007,30007,Desbacterizacion (Alimento mascotas),4.0,7,7,SYS_002286,TAG_002286,9,MODE_B - Config demo,2.0,2,2,2.0,0.025,8.0,0.1,6:17:00 p.m.,7:11:00 p.m.,00:54:00,Desviacion_demo_10257,Operador_02
27-ago-27,Operador_04,Completado,10257,TIN_000158,20158,40158,50158,Cliente_013,CLI013,Producto_015,Configuracion_007,30007,Desbacterizacion (Alimento mascotas),4.0,8,8,SYS_002287,TAG_002287,9,MODE_B - Config demo,2.0,2,2,2.0,0.025,8.0,0.1,6:17:00 p.m.,7:11:00 p.m.,00:54:00,Desviacion_demo_10257,Operador_04
27-ago-27,Operador_02,Completado,10257,TIN_000158,20158,40158,50158,Cliente_013,CLI013,Producto_015,Configuracion_007,30007,Desbacterizacion (Alimento mascotas),4.0,9,9,SYS_002288,TAG_002288,9,MODE_B - Config demo,2.0,2,2,2.0,0.025,8.0,0.1,6:17:00 p.m.,7:11:00 p.m.,00:54:00,Desviacion_demo_10257,Operador_02
08-ago-27,Operador_03,Completado,10258,TIN_000159,20159,40159,50159,Cliente_010,CLI010,Producto_010,Configuracion_008,30008,Desbacterizacion (Vegetales),2.0,1,1,SYS_002289,TAG_002289,21,MODE_B - Config demo,2.0,2,1,2.0,0.025,8.0,0.1,1:57:00 p.m.,2:57:00 p.m.,01:00:00,Desviacion_demo_10258,Operador_05
08-ago-27,Operador_01,Completado,10258,TIN_000159,20159,40159,50159,Cliente_010,CLI010,Producto_010,Configuracion_008,30008,Desbacterizacion (Vegetales),2.0,2,2,SYS_002290,TAG_002290,21,MODE_B - Config demo,2.0,2,1,2.0,0.025,8.0,0.1,1:57:00 p.m.,2:57:00 p.m.,01:00:00,Desviacion_demo_10258,Operador_03
08-ago-27,Operador_01,Completado,10258,TIN_000159,20159,40159,50159,Cliente_010,CLI010,Producto_010,Configuracion_008,30008,Desbacterizacion (Vegetales),2.0,3,3,SYS_002291,TAG_002291,21,MODE_B - Config demo,2.0,2,1,2.0,0.025,8.0,0.1,1:57:00 p.m.,2:57:00 p.m.,01:00:00,Desviacion_demo_10258,Operador_01
08-ago-27,Operador_03,Completado,10258,TIN_000159,20159,40159,50159,Cliente_010,CLI010,Producto_010,Configuracion_008,30008,Desbacterizacion (Vegetales),2.0,4,4,SYS_002292,TAG_002292,21,MODE_B - Config demo,2.0,2,1,2.0,0.025,8.0,0.1,1:57:00 p.m.,2:57:00 p.m.,01:00:00,Desviacion_demo_10258,Operador_03
08-ago-27,Operador_05,Completado,10258,TIN_000159,20159,40159,50159,Cliente_010,CLI010,Producto_010,Configuracion_008,30008,Desbacterizacion (Vegetales),2.0,5,5,SYS_002293,TAG_002293,21,MODE_B - Config demo,2.0,2,1,2.0,0.025,8.0,0.1,1:57:00 p.m.,2:57:00 p.m.,01:00:00,Desviacion_demo_10258,Operador_02
08-ago-27,Operador_04,Completado,10258,TIN_000159,20159,40159,50159,Cliente_010,CLI010,Producto_010,Configuracion_008,30008,Desbacterizacion (Vegetales),2.0,6,6,SYS_002294,TAG_002294,21,MODE_B - Config demo,2.0,2,1,2.0,0.025,8.0,0.1,1:57:00 p.m.,2:57:00 p.m.,01:00:00,Desviacion_demo_10258,Operador_01
08-ago-27,Operador_03,Completado,10258,TIN_000159,20159,40159,50159,Cliente_010,CLI010,Producto_010,Configuracion_008,30008,Desbacterizacion (Vegetales),2.0,7,7,SYS_002295,TAG_002295,21,MODE_B - Config demo,2.0,2,1,2.0,0.025,8.0,0.1,1:57:00 p.m.,2:57:00 p.m.,01:00:00,Desviacion_demo_10258,Operador_05
08-ago-27,Operador_02,Completado,10258,TIN_000159,20159,40159,50159,Cliente_010,CLI010,Producto_010,Configuracion_008,30008,Desbacterizacion (Vegetales),2.0,8,8,SYS_002296,TAG_002296,21,MODE_B - Config demo,2.0,2,1,2.0,0.025,8.0,0.1,1:57:00 p.m.,2:57:00 p.m.,01:00:00,Desviacion_demo_10258,Operador_01
08-ago-27,Operador_03,Completado,10258,TIN_000159,20159,40159,50159,Cliente_010,CLI010,Producto_010,Configuracion_008,30008,Desbacterizacion (Vegetales),2.0,9,9,SYS_002297,TAG_002297,21,MODE_B - Config demo,2.0,2,1,2.0,0.025,8.0,0.1,1:57:00 p.m.,2:57:00 p.m.,01:00:00,Desviacion_demo_10258,Operador_01
08-ago-27,Operador_04,Completado,10258,TIN_000159,20159,40159,50159,Cliente_010,CLI010,Producto_010,Configuracion_008,30008,Desbacterizacion (Vegetales),2.0,10,10,SYS_002298,TAG_002298,21,MODE_B - Config demo,2.0,2,1,2.0,0.025,8.0,0.1,1:57:00 p.m.,2:57:00 p.m.,01:00:00,Desviacion_demo_10258,Operador_02
08-ago-27,Operador_04,Completado,10258,TIN_000159,20159,40159,50159,Cliente_010,CLI010,Producto_010,Configuracion_008,30008,Desbacterizacion (Vegetales),2.0,11,11,SYS_002299,TAG_002299,21,MODE_B - Config demo,2.0,2,1,2.0,0.025,8.0,0.1,1:57:00 p.m.,2:57:00 p.m.,01:00:00,Desviacion_demo_10258,Operador_04
08-ago-27,Operador_05,Completado,10259,TIN_000159,20159,40159,50159,Cliente_010,CLI010,Producto_010,Configuracion_008,30008,Desbacterizacion (Vegetales),2.0,12,1,SYS_002300,TAG_002300,21,MODE_A - Config demo,2.0,2,1,2.0,2.5,2.4,3.0,7:19:00 p.m.,8:17:00 p.m.,00:58:00,,Operador_02
08-ago-27,Operador_01,Completado,10259,TIN_000159,20159,40159,50159,Cliente_010,CLI010,Producto_010,Configuracion_008,30008,Desbacterizacion (Vegetales),2.0,13,2,SYS_002301,TAG_002301,21,MODE_A - Config demo,2.0,2,1,2.0,2.5,2.4,3.0,7:19:00 p.m.,8:17:00 p.m.,00:58:00,,Operador_01
08-ago-27,Operador_05,Completado,10259,TIN_000159,20159,40159,50159,Cliente_010,CLI010,Producto_010,Configuracion_008,30008,Desbacterizacion (Vegetales),2.0,14,3,SYS_002302,TAG_002302,21,MODE_A - Config demo,2.0,2,1,2.0,2.5,2.4,3.0,7:19:00 p.m.,8:17:00 p.m.,00:58:00,,Operador_01
08-ago-27,Operador_03,Completado,10259,TIN_000159,20159,40159,50159,Cliente_010,CLI010,Producto_010,Configuracion_008,30008,Desbacterizacion (Vegetales),2.0,15,4,SYS_002303,TAG_002303,21,MODE_A - Config demo,2.0,2,1,2.0,2.5,2.4,3.0,7:19:00 p.m.,8:17:00 p.m.,00:58:00,,Operador_02
08-ago-27,Operador_05,Completado,10259,TIN_000159,20159,40159,50159,Cliente_010,CLI010,Producto_010,Configuracion_008,30008,Desbacterizacion (Vegetales),2.0,16,5,SYS_002304,TAG_002304,21,MODE_A - Config demo,2.0,2,1,2.0,2.5,2.4,3.0,7:19:00 p.m.,8:17:00 p.m.,00:58:00,,Operador_04
08-ago-27,Operador_01,Completado,10259,TIN_000159,20159,40159,50159,Cliente_010,CLI010,Producto_010,Configuracion_008,30008,Desbacterizacion (Vegetales),2.0,17,6,SYS_002305,TAG_002305,21,MODE_A - Config demo,2.0,2,1,2.0,2.5,2.4,3.0,7:19:00 p.m.,8:17:00 p.m.,00:58:00,,Operador_01
08-ago-27,Operador_01,Completado,10259,TIN_000159,20159,40159,50159,Cliente_010,CLI010,Producto_010,Configuracion_008,30008,Desbacterizacion (Vegetales),2.0,18,7,SYS_002306,TAG_002306,21,MODE_A - Config demo,2.0,2,1,2.0,2.5,2.4,3.0,7:19:00 p.m.,8:17:00 p.m.,00:58:00,,Operador_04
08-ago-27,Operador_01,Completado,10259,TIN_000159,20159,40159,50159,Cliente_010,CLI010,Producto_010,Configuracion_008,30008,Desbacterizacion (Vegetales),2.0,19,8,SYS_002307,TAG_002307,21,MODE_A - Config demo,2.0,2,1,2.0,2.5,2.4,3.0,7:19:00 p.m.,8:17:00 p.m.,00:58:00,,Operador_02
08-ago-27,Operador_03,Completado,10259,TIN_000159,20159,40159,50159,Cliente_010,CLI010,Producto_010,Configuracion_008,30008,Desbacterizacion (Vegetales),2.0,20,9,SYS_002308,TAG_002308,21,MODE_A - Config demo,2.0,2,1,2.0,2.5,2.4,3.0,7:19:00 p.m.,8:17:00 p.m.,00:58:00,,Operador_01
08-ago-27,Operador_02,Completado,10259,TIN_000159,20159,40159,50159,Cliente_010,CLI010,Producto_010,Configuracion_008,30008,Desbacterizacion (Vegetales),2.0,21,10,SYS_002309,TAG_002309,21,MODE_A - Config demo,2.0,2,1,2.0,2.5,2.4,3.0,7:19:00 p.m.,8:17:00 p.m.,00:58:00,,Operador_02
10-ago-27,Operador_04,Completado,10260,TIN_000160,20160,40160,50160,Cliente_019,CLI019,Producto_006,Configuracion_001,30001,Fitosanitario 150 Gy,0.28,1,1,SYS_002310,TAG_002310,16,MODE_B - Config demo,0.28,2,1,0.28,0.025,8.0,0.714,1:03:00 p.m.,2:33:00 p.m.,01:30:00,,Operador_01
10-ago-27,Operador_05,Completado,10260,TIN_000160,20160,40160,50160,Cliente_019,CLI019,Producto_006,Configuracion_001,30001,Fitosanitario 150 Gy,0.28,2,2,SYS_002311,TAG_002311,16,MODE_B - Config demo,0.28,2,1,0.28,0.025,8.0,0.714,1:03:00 p.m.,2:33:00 p.m.,01:30:00,,Operador_03
10-ago-27,Operador_05,Completado,10260,TIN_000160,20160,40160,50160,Cliente_019,CLI019,Producto_006,Configuracion_001,30001,Fitosanitario 150 Gy,0.28,3,3,SYS_002312,TAG_002312,16,MODE_B - Config demo,0.28,2,1,0.28,0.025,8.0,0.714,1:03:00 p.m.,2:33:00 p.m.,01:30:00,,Operador_02
10-ago-27,Operador_04,Completado,10260,TIN_000160,20160,40160,50160,Cliente_019,CLI019,Producto_006,Configuracion_001,30001,Fitosanitario 150 Gy,0.28,4,4,SYS_002313,TAG_002313,16,MODE_B - Config demo,0.28,2,1,0.28,0.025,8.0,0.714,1:03:00 p.m.,2:33:00 p.m.,01:30:00,,Operador_03
10-ago-27,Operador_03,Completado,10260,TIN_000160,20160,40160,50160,Cliente_019,CLI019,Producto_006,Configuracion_001,30001,Fitosanitario 150 Gy,0.28,5,5,SYS_002314,TAG_002314,16,MODE_B - Config demo,0.28,2,1,0.28,0.025,8.0,0.714,1:03:00 p.m.,2:33:00 p.m.,01:30:00,,Operador_02
10-ago-27,Operador_01,Completado,10260,TIN_000160,20160,40160,50160,Cliente_019,CLI019,Producto_006,Configuracion_001,30001,Fitosanitario 150 Gy,0.28,6,6,SYS_002315,TAG_002315,16,MODE_B - Config demo,0.28,2,1,0.28,0.025,8.0,0.714,1:03:00 p.m.,2:33:00 p.m.,01:30:00,,Operador_05
10-ago-27,Operador_04,Completado,10260,TIN_000160,20160,40160,50160,Cliente_019,CLI019,Producto_006,Configuracion_001,30001,Fitosanitario 150 Gy,0.28,7,7,SYS_002316,TAG_002316,16,MODE_B - Config demo,0.28,2,1,0.28,0.025,8.0,0.714,1:03:00 p.m.,2:33:00 p.m.,01:30:00,,Operador_05
10-ago-27,Operador_03,Completado,10260,TIN_000160,20160,40160,50160,Cliente_019,CLI019,Producto_006,Configuracion_001,30001,Fitosanitario 150 Gy,0.28,8,8,SYS_002317,TAG_002317,16,MODE_B - Config demo,0.28,2,1,0.28,0.025,8.0,0.714,1:03:00 p.m.,2:33:00 p.m.,01:30:00,,Operador_02
10-ago-27,Operador_04,Completado,10260,TIN_000160,20160,40160,50160,Cliente_019,CLI019,Producto_006,Configuracion_001,30001,Fitosanitario 150 Gy,0.28,9,9,SYS_002318,TAG_002318,16,MODE_B - Config demo,0.28,2,1,0.28,0.025,8.0,0.714,1:03:00 p.m.,2:33:00 p.m.,01:30:00,,Operador_02
10-ago-27,Operador_05,Completado,10260,TIN_000160,20160,40160,50160,Cliente_019,CLI019,Producto_006,Configuracion_001,30001,Fitosanitario 150 Gy,0.28,10,10,SYS_002319,TAG_002319,16,MODE_B - Config demo,0.28,2,1,0.28,0.025,8.0,0.714,1:03:00 p.m.,2:33:00 p.m.,01:30:00,,Operador_03
10-ago-27,Operador_04,Completado,10260,TIN_000160,20160,40160,50160,Cliente_019,CLI019,Producto_006,Configuracion_001,30001,Fitosanitario 150 Gy,0.28,11,11,SYS_002320,TAG_002320,16,MODE_B - Config demo,0.28,2,1,0.28,0.025,8.0,0.714,1:03:00 p.m.,2:33:00 p.m.,01:30:00,,Operador_04
10-ago-27,Operador_02,Completado,10260,TIN_000160,20160,40160,50160,Cliente_019,CLI019,Producto_006,Configuracion_001,30001,Fitosanitario 150 Gy,0.28,12,12,SYS_002321,TAG_002321,16,MODE_B - Config demo,0.28,2,1,0.28,0.025,8.0,0.714,1:03:00 p.m.,2:33:00 p.m.,01:30:00,,Operador_04
10-ago-27,Operador_03,Completado,10260,TIN_000160,20160,40160,50160,Cliente_019,CLI019,Producto_006,Configuracion_001,30001,Fitosanitario 150 Gy,0.28,13,1,SYS_002322,TAG_002322,16,MODE_B - Config demo,0.28,2,1,0.28,0.025,8.0,0.714,1:03:00 p.m.,2:33:00 p.m.,01:30:00,,Operador_01
10-ago-27,Operador_03,Completado,10260,TIN_000160,20160,40160,50160,Cliente_019,CLI019,Producto_006,Configuracion_001,30001,Fitosanitario 150 Gy,0.28,14,2,SYS_002323,TAG_002323,16,MODE_B - Config demo,0.28,2,1,0.28,0.025,8.0,0.714,1:03:00 p.m.,2:33:00 p.m.,01:30:00,,Operador_01
10-ago-27,Operador_04,Completado,10260,TIN_000160,20160,40160,50160,Cliente_019,CLI019,Producto_006,Configuracion_001,30001,Fitosanitario 150 Gy,0.28,15,3,SYS_002324,TAG_002324,16,MODE_B - Config demo,0.28,2,1,0.28,0.025,8.0,0.714,1:03:00 p.m.,2:33:00 p.m.,01:30:00,,Operador_04
10-ago-27,Operador_05,Completado,10260,TIN_000160,20160,40160,50160,Cliente_019,CLI019,Producto_006,Configuracion_001,30001,Fitosanitario 150 Gy,0.28,16,4,SYS_002325,TAG_002325,16,MODE_B - Config demo,0.28,2,1,0.28,0.025,8.0,0.714,1:03:00 p.m.,2:33:00 p.m.,01:30:00,,Operador_03
04-ago-27,Operador_01,Completado,10261,TIN_000161,20161,40161,50161,Cliente_004,CLI004,Producto_001,Configuracion_002,30002,Desbacterizacion (Chiles secos),1.5,1,1,SYS_002326,TAG_002326,11,MODE_A - Config demo,0.75,2,2,0.75,2.5,2.4,8.0,1:24:00 p.m.,2:04:00 p.m.,00:40:00,,Operador_05
04-ago-27,Operador_05,Completado,10261,TIN_000161,20161,40161,50161,Cliente_004,CLI004,Producto_001,Configuracion_002,30002,Desbacterizacion (Chiles secos),1.5,2,2,SYS_002327,TAG_002327,11,MODE_A - Config demo,0.75,2,2,0.75,2.5,2.4,8.0,1:24:00 p.m.,2:04:00 p.m.,00:40:00,,Operador_04
04-ago-27,Operador_03,Completado,10261,TIN_000161,20161,40161,50161,Cliente_004,CLI004,Producto_001,Configuracion_002,30002,Desbacterizacion (Chiles secos),1.5,3,3,SYS_002328,TAG_002328,11,MODE_A - Config demo,0.75,2,2,0.75,2.5,2.4,8.0,1:24:00 p.m.,2:04:00 p.m.,00:40:00,,Operador_02
04-ago-27,Operador_05,Completado,10261,TIN_000161,20161,40161,50161,Cliente_004,CLI004,Producto_001,Configuracion_002,30002,Desbacterizacion (Chiles secos),1.5,4,4,SYS_002329,TAG_002329,11,MODE_A - Config demo,0.75,2,2,0.75,2.5,2.4,8.0,1:24:00 p.m.,2:04:00 p.m.,00:40:00,,Operador_01
04-ago-27,Operador_05,Completado,10262,TIN_000161,20161,40161,50161,Cliente_004,CLI004,Producto_001,Configuracion_002,30002,Desbacterizacion (Chiles secos),1.5,5,1,SYS_002330,TAG_002330,11,MODE_A - Config demo,0.75,2,2,0.75,2.5,2.4,8.0,6:13:00 a.m.,7:08:00 a.m.,00:55:00,,Operador_04
04-ago-27,Operador_05,Completado,10262,TIN_000161,20161,40161,50161,Cliente_004,CLI004,Producto_001,Configuracion_002,30002,Desbacterizacion (Chiles secos),1.5,6,2,SYS_002331,TAG_002331,11,MODE_A - Config demo,0.75,2,2,0.75,2.5,2.4,8.0,6:13:00 a.m.,7:08:00 a.m.,00:55:00,,Operador_03
04-ago-27,Operador_03,Completado,10262,TIN_000161,20161,40161,50161,Cliente_004,CLI004,Producto_001,Configuracion_002,30002,Desbacterizacion (Chiles secos),1.5,7,3,SYS_002332,TAG_002332,11,MODE_A - Config demo,0.75,2,2,0.75,2.5,2.4,8.0,6:13:00 a.m.,7:08:00 a.m.,00:55:00,,Operador_04
04-ago-27,Operador_01,Completado,10262,TIN_000161,20161,40161,50161,Cliente_004,CLI004,Producto_001,Configuracion_002,30002,Desbacterizacion (Chiles secos),1.5,8,4,SYS_002333,TAG_002333,11,MODE_A - Config demo,0.75,2,2,0.75,2.5,2.4,8.0,6:13:00 a.m.,7:08:00 a.m.,00:55:00,,Operador_04
04-ago-27,Operador_02,Completado,10263,TIN_000161,20161,40161,50161,Cliente_004,CLI004,Producto_001,Configuracion_002,30002,Desbacterizacion (Chiles secos),1.5,9,1,SYS_002334,TAG_002334,11,MODE_A - Config demo,1.5,2,1,1.5,2.5,2.4,4.0,5:25:00 p.m.,6:07:00 p.m.,00:42:00,,Operador_05
04-ago-27,Operador_03,Completado,10263,TIN_000161,20161,40161,50161,Cliente_004,CLI004,Producto_001,Configuracion_002,30002,Desbacterizacion (Chiles secos),1.5,10,2,SYS_002335,TAG_002335,11,MODE_A - Config demo,1.5,2,1,1.5,2.5,2.4,4.0,5:25:00 p.m.,6:07:00 p.m.,00:42:00,,Operador_02
04-ago-27,Operador_04,Completado,10263,TIN_000161,20161,40161,50161,Cliente_004,CLI004,Producto_001,Configuracion_002,30002,Desbacterizacion (Chiles secos),1.5,11,3,SYS_002336,TAG_002336,11,MODE_A - Config demo,1.5,2,1,1.5,2.5,2.4,4.0,5:25:00 p.m.,6:07:00 p.m.,00:42:00,,Operador_04
10-ago-27,Operador_05,Completado,10264,TIN_000162,20162,40162,50162,Cliente_016,CLI016,Producto_008,Configuracion_003,30003,Fitosanitario 150 Gy,0.25,1,1,SYS_002337,TAG_002337,8,MODE_B - Config demo,0.25,2,1,0.25,0.025,8.0,0.8,7:25:00 a.m.,8:11:00 a.m.,00:46:00,,Operador_01
10-ago-27,Operador_03,Completado,10264,TIN_000162,20162,40162,50162,Cliente_016,CLI016,Producto_008,Configuracion_003,30003,Fitosanitario 150 Gy,0.25,2,2,SYS_002338,TAG_002338,8,MODE_B - Config demo,0.25,2,1,0.25,0.025,8.0,0.8,7:25:00 a.m.,8:11:00 a.m.,00:46:00,,Operador_03
10-ago-27,Operador_02,Completado,10264,TIN_000162,20162,40162,50162,Cliente_016,CLI016,Producto_008,Configuracion_003,30003,Fitosanitario 150 Gy,0.25,3,3,SYS_002339,TAG_002339,8,MODE_B - Config demo,0.25,2,1,0.25,0.025,8.0,0.8,7:25:00 a.m.,8:11:00 a.m.,00:46:00,,Operador_01
10-ago-27,Operador_04,Completado,10265,TIN_000162,20162,40162,50162,Cliente_016,CLI016,Producto_008,Configuracion_003,30003,Fitosanitario 150 Gy,0.25,4,1,SYS_002340,TAG_002340,8,MODE_A - Config demo,0.25,2,1,0.25,2.5,2.4,24.0,12:36:00 p.m.,1:19:00 p.m.,00:43:00,,Operador_05
10-ago-27,Operador_03,Completado,10265,TIN_000162,20162,40162,50162,Cliente_016,CLI016,Producto_008,Configuracion_003,30003,Fitosanitario 150 Gy,0.25,5,2,SYS_002341,TAG_002341,8,MODE_A - Config demo,0.25,2,1,0.25,2.5,2.4,24.0,12:36:00 p.m.,1:19:00 p.m.,00:43:00,,Operador_05
10-ago-27,Operador_03,Completado,10265,TIN_000162,20162,40162,50162,Cliente_016,CLI016,Producto_008,Configuracion_003,30003,Fitosanitario 150 Gy,0.25,6,3,SYS_002342,TAG_002342,8,MODE_A - Config demo,0.25,2,1,0.25,2.5,2.4,24.0,12:36:00 p.m.,1:19:00 p.m.,00:43:00,,Operador_02
10-ago-27,Operador_01,Completado,10266,TIN_000162,20162,40162,50162,Cliente_016,CLI016,Producto_008,Configuracion_003,30003,Fitosanitario 150 Gy,0.25,7,1,SYS_002343,TAG_002343,8,MODE_B - Config demo,0.25,2,1,0.25,0.025,8.0,0.8,10:27:00 a.m.,11:03:00 a.m.,00:36:00,,Operador_05
10-ago-27,Operador_05,Completado,10266,TIN_000162,20162,40162,50162,Cliente_016,CLI016,Producto_008,Configuracion_003,30003,Fitosanitario 150 Gy,0.25,8,2,SYS_002344,TAG_002344,8,MODE_B - Config demo,0.25,2,1,0.25,0.025,8.0,0.8,10:27:00 a.m.,11:03:00 a.m.,00:36:00,,Operador_02
25-ago-27,Operador_01,Completado,10267,TIN_000163,20163,40163,50163,Cliente_015,CLI015,Producto_010,Configuracion_004,30004,Fitosanitario 150 Gy,0.28,1,1,SYS_002345,TAG_002345,15,MODE_A - Config demo,0.28,2,1,0.28,2.5,2.4,21.429,12:18:00 p.m.,1:07:00 p.m.,00:49:00,,Operador_01
25-ago-27,Operador_05,Completado,10267,TIN_000163,20163,40163,50163,Cliente_015,CLI015,Producto_010,Configuracion_004,30004,Fitosanitario 150 Gy,0.28,2,2,SYS_002346,TAG_002346,15,MODE_A - Config demo,0.28,2,1,0.28,2.5,2.4,21.429,12:18:00 p.m.,1:07:00 p.m.,00:49:00,,Operador_04
25-ago-27,Operador_05,Completado,10267,TIN_000163,20163,40163,50163,Cliente_015,CLI015,Producto_010,Configuracion_004,30004,Fitosanitario 150 Gy,0.28,3,3,SYS_002347,TAG_002347,15,MODE_A - Config demo,0.28,2,1,0.28,2.5,2.4,21.429,12:18:00 p.m.,1:07:00 p.m.,00:49:00,,Operador_04
25-ago-27,Operador_05,Completado,10267,TIN_000163,20163,40163,50163,Cliente_015,CLI015,Producto_010,Configuracion_004,30004,Fitosanitario 150 Gy,0.28,4,4,SYS_002348,TAG_002348,15,MODE_A - Config demo,0.28,2,1,0.28,2.5,2.4,21.429,12:18:00 p.m.,1:07:00 p.m.,00:49:00,,Operador_04
25-ago-27,Operador_02,Completado,10267,TIN_000163,20163,40163,50163,Cliente_015,CLI015,Producto_010,Configuracion_004,30004,Fitosanitario 150 Gy,0.28,5,5,SYS_002349,TAG_002349,15,MODE_A - Config demo,0.28,2,1,0.28,2.5,2.4,21.429,12:18:00 p.m.,1:07:00 p.m.,00:49:00,,Operador_03
25-ago-27,Operador_04,Completado,10268,TIN_000163,20163,40163,50163,Cliente_015,CLI015,Producto_010,Configuracion_004,30004,Fitosanitario 150 Gy,0.28,6,1,SYS_002350,TAG_002350,15,MODE_B - Config demo,0.14,2,2,0.14,0.025,8.0,1.429,3:35:00 p.m.,4:27:00 p.m.,00:52:00,,Operador_04
25-ago-27,Operador_04,Completado,10268,TIN_000163,20163,40163,50163,Cliente_015,CLI015,Producto_010,Configuracion_004,30004,Fitosanitario 150 Gy,0.28,7,2,SYS_002351,TAG_002351,15,MODE_B - Config demo,0.14,2,2,0.14,0.025,8.0,1.429,3:35:00 p.m.,4:27:00 p.m.,00:52:00,,Operador_05
25-ago-27,Operador_02,Completado,10268,TIN_000163,20163,40163,50163,Cliente_015,CLI015,Producto_010,Configuracion_004,30004,Fitosanitario 150 Gy,0.28,8,3,SYS_002352,TAG_002352,15,MODE_B - Config demo,0.14,2,2,0.14,0.025,8.0,1.429,3:35:00 p.m.,4:27:00 p.m.,00:52:00,,Operador_01
25-ago-27,Operador_05,Completado,10268,TIN_000163,20163,40163,50163,Cliente_015,CLI015,Producto_010,Configuracion_004,30004,Fitosanitario 150 Gy,0.28,9,4,SYS_002353,TAG_002353,15,MODE_B - Config demo,0.14,2,2,0.14,0.025,8.0,1.429,3:35:00 p.m.,4:27:00 p.m.,00:52:00,,Operador_02
25-ago-27,Operador_02,Completado,10268,TIN_000163,20163,40163,50163,Cliente_015,CLI015,Producto_010,Configuracion_004,30004,Fitosanitario 150 Gy,0.28,10,5,SYS_002354,TAG_002354,15,MODE_B - Config demo,0.14,2,2,0.14,0.025,8.0,1.429,3:35:00 p.m.,4:27:00 p.m.,00:52:00,,Operador_02
25-ago-27,Operador_04,Completado,10269,TIN_000163,20163,40163,50163,Cliente_015,CLI015,Producto_010,Configuracion_004,30004,Fitosanitario 150 Gy,0.28,11,1,SYS_002355,TAG_002355,15,MODE_A - Config demo,0.28,2,1,0.28,2.5,2.4,21.429,6:47:00 a.m.,7:37:00 a.m.,00:50:00,,Operador_03
25-ago-27,Operador_05,Completado,10269,TIN_000163,20163,40163,50163,Cliente_015,CLI015,Producto_010,Configuracion_004,30004,Fitosanitario 150 Gy,0.28,12,2,SYS_002356,TAG_002356,15,MODE_A - Config demo,0.28,2,1,0.28,2.5,2.4,21.429,6:47:00 a.m.,7:37:00 a.m.,00:50:00,,Operador_04
25-ago-27,Operador_03,Completado,10269,TIN_000163,20163,40163,50163,Cliente_015,CLI015,Producto_010,Configuracion_004,30004,Fitosanitario 150 Gy,0.28,13,3,SYS_002357,TAG_002357,15,MODE_A - Config demo,0.28,2,1,0.28,2.5,2.4,21.429,6:47:00 a.m.,7:37:00 a.m.,00:50:00,,Operador_01
25-ago-27,Operador_03,Completado,10269,TIN_000163,20163,40163,50163,Cliente_015,CLI015,Producto_010,Configuracion_004,30004,Fitosanitario 150 Gy,0.28,14,4,SYS_002358,TAG_002358,15,MODE_A - Config demo,0.28,2,1,0.28,2.5,2.4,21.429,6:47:00 a.m.,7:37:00 a.m.,00:50:00,,Operador_01
25-ago-27,Operador_04,Completado,10269,TIN_000163,20163,40163,50163,Cliente_015,CLI015,Producto_010,Configuracion_004,30004,Fitosanitario 150 Gy,0.28,15,5,SYS_002359,TAG_002359,15,MODE_A - Config demo,0.28,2,1,0.28,2.5,2.4,21.429,6:47:00 a.m.,7:37:00 a.m.,00:50:00,,Operador_03
28-ago-27,Operador_03,Completado,10270,TIN_000164,20164,40164,50164,Cliente_001,CLI001,Producto_011,Configuracion_005,30005,Fitosanitario 150 Gy,0.35,1,1,SYS_002360,TAG_002360,8,MODE_A - Config demo,0.175,2,2,0.175,2.5,2.4,34.286,4:15:00 p.m.,5:10:00 p.m.,00:55:00,Desviacion_demo_10270,Operador_03
28-ago-27,Operador_01,Completado,10270,TIN_000164,20164,40164,50164,Cliente_001,CLI001,Producto_011,Configuracion_005,30005,Fitosanitario 150 Gy,0.35,2,2,SYS_002361,TAG_002361,8,MODE_A - Config demo,0.175,2,2,0.175,2.5,2.4,34.286,4:15:00 p.m.,5:10:00 p.m.,00:55:00,Desviacion_demo_10270,Operador_02
28-ago-27,Operador_05,Completado,10270,TIN_000164,20164,40164,50164,Cliente_001,CLI001,Producto_011,Configuracion_005,30005,Fitosanitario 150 Gy,0.35,3,3,SYS_002362,TAG_002362,8,MODE_A - Config demo,0.175,2,2,0.175,2.5,2.4,34.286,4:15:00 p.m.,5:10:00 p.m.,00:55:00,Desviacion_demo_10270,Operador_03
28-ago-27,Operador_01,Completado,10270,TIN_000164,20164,40164,50164,Cliente_001,CLI001,Producto_011,Configuracion_005,30005,Fitosanitario 150 Gy,0.35,4,4,SYS_002363,TAG_002363,8,MODE_A - Config demo,0.175,2,2,0.175,2.5,2.4,34.286,4:15:00 p.m.,5:10:00 p.m.,00:55:00,Desviacion_demo_10270,Operador_05
28-ago-27,Operador_04,Completado,10271,TIN_000164,20164,40164,50164,Cliente_001,CLI001,Producto_011,Configuracion_005,30005,Fitosanitario 150 Gy,0.35,5,1,SYS_002364,TAG_002364,8,MODE_B - Config demo,0.35,2,1,0.35,0.025,8.0,0.571,7:02:00 a.m.,7:58:00 a.m.,00:56:00,Desviacion_demo_10271,Operador_04
28-ago-27,Operador_01,Completado,10271,TIN_000164,20164,40164,50164,Cliente_001,CLI001,Producto_011,Configuracion_005,30005,Fitosanitario 150 Gy,0.35,6,2,SYS_002365,TAG_002365,8,MODE_B - Config demo,0.35,2,1,0.35,0.025,8.0,0.571,7:02:00 a.m.,7:58:00 a.m.,00:56:00,Desviacion_demo_10271,Operador_01
28-ago-27,Operador_04,Completado,10271,TIN_000164,20164,40164,50164,Cliente_001,CLI001,Producto_011,Configuracion_005,30005,Fitosanitario 150 Gy,0.35,7,3,SYS_002366,TAG_002366,8,MODE_B - Config demo,0.35,2,1,0.35,0.025,8.0,0.571,7:02:00 a.m.,7:58:00 a.m.,00:56:00,Desviacion_demo_10271,Operador_03
28-ago-27,Operador_05,Completado,10271,TIN_000164,20164,40164,50164,Cliente_001,CLI001,Producto_011,Configuracion_005,30005,Fitosanitario 150 Gy,0.35,8,4,SYS_002367,TAG_002367,8,MODE_B - Config demo,0.35,2,1,0.35,0.025,8.0,0.571,7:02:00 a.m.,7:58:00 a.m.,00:56:00,Desviacion_demo_10271,Operador_02
07-ago-27,Operador_02,Completado,10272,TIN_000165,20165,40165,50165,Cliente_004,CLI004,Producto_001,Configuracion_006,30006,Fitosanitario 400 Gy,0.6,1,1,SYS_002368,TAG_002368,23,MODE_B - Config demo,0.6,2,1,0.6,0.025,8.0,0.333,6:16:00 a.m.,7:33:00 a.m.,01:17:00,,Operador_02
07-ago-27,Operador_04,Completado,10272,TIN_000165,20165,40165,50165,Cliente_004,CLI004,Producto_001,Configuracion_006,30006,Fitosanitario 400 Gy,0.6,2,2,SYS_002369,TAG_002369,23,MODE_B - Config demo,0.6,2,1,0.6,0.025,8.0,0.333,6:16:00 a.m.,7:33:00 a.m.,01:17:00,,Operador_02
07-ago-27,Operador_04,Completado,10272,TIN_000165,20165,40165,50165,Cliente_004,CLI004,Producto_001,Configuracion_006,30006,Fitosanitario 400 Gy,0.6,3,3,SYS_002370,TAG_002370,23,MODE_B - Config demo,0.6,2,1,0.6,0.025,8.0,0.333,6:16:00 a.m.,7:33:00 a.m.,01:17:00,,Operador_01
07-ago-27,Operador_04,Completado,10272,TIN_000165,20165,40165,50165,Cliente_004,CLI004,Producto_001,Configuracion_006,30006,Fitosanitario 400 Gy,0.6,4,4,SYS_002371,TAG_002371,23,MODE_B - Config demo,0.6,2,1,0.6,0.025,8.0,0.333,6:16:00 a.m.,7:33:00 a.m.,01:17:00,,Operador_05
07-ago-27,Operador_05,Completado,10272,TIN_000165,20165,40165,50165,Cliente_004,CLI004,Producto_001,Configuracion_006,30006,Fitosanitario 400 Gy,0.6,5,5,SYS_002372,TAG_002372,23,MODE_B - Config demo,0.6,2,1,0.6,0.025,8.0,0.333,6:16:00 a.m.,7:33:00 a.m.,01:17:00,,Operador_05
07-ago-27,Operador_01,Completado,10272,TIN_000165,20165,40165,50165,Cliente_004,CLI004,Producto_001,Configuracion_006,30006,Fitosanitario 400 Gy,0.6,6,6,SYS_002373,TAG_002373,23,MODE_B - Config demo,0.6,2,1,0.6,0.025,8.0,0.333,6:16:00 a.m.,7:33:00 a.m.,01:17:00,,Operador_05
07-ago-27,Operador_04,Completado,10272,TIN_000165,20165,40165,50165,Cliente_004,CLI004,Producto_001,Configuracion_006,30006,Fitosanitario 400 Gy,0.6,7,7,SYS_002374,TAG_002374,23,MODE_B - Config demo,0.6,2,1,0.6,0.025,8.0,0.333,6:16:00 a.m.,7:33:00 a.m.,01:17:00,,Operador_03
07-ago-27,Operador_05,Completado,10272,TIN_000165,20165,40165,50165,Cliente_004,CLI004,Producto_001,Configuracion_006,30006,Fitosanitario 400 Gy,0.6,8,8,SYS_002375,TAG_002375,23,MODE_B - Config demo,0.6,2,1,0.6,0.025,8.0,0.333,6:16:00 a.m.,7:33:00 a.m.,01:17:00,,Operador_05
07-ago-27,Operador_05,Completado,10272,TIN_000165,20165,40165,50165,Cliente_004,CLI004,Producto_001,Configuracion_006,30006,Fitosanitario 400 Gy,0.6,9,9,SYS_002376,TAG_002376,23,MODE_B - Config demo,0.6,2,1,0.6,0.025,8.0,0.333,6:16:00 a.m.,7:33:00 a.m.,01:17:00,,Operador_03
07-ago-27,Operador_04,Completado,10272,TIN_000165,20165,40165,50165,Cliente_004,CLI004,Producto_001,Configuracion_006,30006,Fitosanitario 400 Gy,0.6,10,10,SYS_002377,TAG_002377,23,MODE_B - Config demo,0.6,2,1,0.6,0.025,8.0,0.333,6:16:00 a.m.,7:33:00 a.m.,01:17:00,,Operador_02
07-ago-27,Operador_04,Completado,10272,TIN_000165,20165,40165,50165,Cliente_004,CLI004,Producto_001,Configuracion_006,30006,Fitosanitario 400 Gy,0.6,11,11,SYS_002378,TAG_002378,23,MODE_B - Config demo,0.6,2,1,0.6,0.025,8.0,0.333,6:16:00 a.m.,7:33:00 a.m.,01:17:00,,Operador_03
07-ago-27,Operador_04,Completado,10272,TIN_000165,20165,40165,50165,Cliente_004,CLI004,Producto_001,Configuracion_006,30006,Fitosanitario 400 Gy,0.6,12,12,SYS_002379,TAG_002379,23,MODE_B - Config demo,0.6,2,1,0.6,0.025,8.0,0.333,6:16:00 a.m.,7:33:00 a.m.,01:17:00,,Operador_03
07-ago-27,Operador_02,Completado,10273,TIN_000165,20165,40165,50165,Cliente_004,CLI004,Producto_001,Configuracion_006,30006,Fitosanitario 400 Gy,0.6,13,1,SYS_002380,TAG_002380,23,MODE_B - Config demo,0.6,2,1,0.6,0.025,8.0,0.333,10:14:00 a.m.,11:14:00 a.m.,01:00:00,,Operador_04
07-ago-27,Operador_01,Completado,10273,TIN_000165,20165,40165,50165,Cliente_004,CLI004,Producto_001,Configuracion_006,30006,Fitosanitario 400 Gy,0.6,14,2,SYS_002381,TAG_002381,23,MODE_B - Config demo,0.6,2,1,0.6,0.025,8.0,0.333,10:14:00 a.m.,11:14:00 a.m.,01:00:00,,Operador_01
07-ago-27,Operador_01,Completado,10273,TIN_000165,20165,40165,50165,Cliente_004,CLI004,Producto_001,Configuracion_006,30006,Fitosanitario 400 Gy,0.6,15,3,SYS_002382,TAG_002382,23,MODE_B - Config demo,0.6,2,1,0.6,0.025,8.0,0.333,10:14:00 a.m.,11:14:00 a.m.,01:00:00,,Operador_04
07-ago-27,Operador_04,Completado,10273,TIN_000165,20165,40165,50165,Cliente_004,CLI004,Producto_001,Configuracion_006,30006,Fitosanitario 400 Gy,0.6,16,4,SYS_002383,TAG_002383,23,MODE_B - Config demo,0.6,2,1,0.6,0.025,8.0,0.333,10:14:00 a.m.,11:14:00 a.m.,01:00:00,,Operador_03
07-ago-27,Operador_03,Completado,10273,TIN_000165,20165,40165,50165,Cliente_004,CLI004,Producto_001,Configuracion_006,30006,Fitosanitario 400 Gy,0.6,17,5,SYS_002384,TAG_002384,23,MODE_B - Config demo,0.6,2,1,0.6,0.025,8.0,0.333,10:14:00 a.m.,11:14:00 a.m.,01:00:00,,Operador_04
07-ago-27,Operador_02,Completado,10273,TIN_000165,20165,40165,50165,Cliente_004,CLI004,Producto_001,Configuracion_006,30006,Fitosanitario 400 Gy,0.6,18,6,SYS_002385,TAG_002385,23,MODE_B - Config demo,0.6,2,1,0.6,0.025,8.0,0.333,10:14:00 a.m.,11:14:00 a.m.,01:00:00,,Operador_04
07-ago-27,Operador_05,Completado,10273,TIN_000165,20165,40165,50165,Cliente_004,CLI004,Producto_001,Configuracion_006,30006,Fitosanitario 400 Gy,0.6,19,7,SYS_002386,TAG_002386,23,MODE_B - Config demo,0.6,2,1,0.6,0.025,8.0,0.333,10:14:00 a.m.,11:14:00 a.m.,01:00:00,,Operador_02
07-ago-27,Operador_03,Completado,10273,TIN_000165,20165,40165,50165,Cliente_004,CLI004,Producto_001,Configuracion_006,30006,Fitosanitario 400 Gy,0.6,20,8,SYS_002387,TAG_002387,23,MODE_B - Config demo,0.6,2,1,0.6,0.025,8.0,0.333,10:14:00 a.m.,11:14:00 a.m.,01:00:00,,Operador_02
07-ago-27,Operador_02,Completado,10273,TIN_000165,20165,40165,50165,Cliente_004,CLI004,Producto_001,Configuracion_006,30006,Fitosanitario 400 Gy,0.6,21,9,SYS_002388,TAG_002388,23,MODE_B - Config demo,0.6,2,1,0.6,0.025,8.0,0.333,10:14:00 a.m.,11:14:00 a.m.,01:00:00,,Operador_02
07-ago-27,Operador_02,Completado,10273,TIN_000165,20165,40165,50165,Cliente_004,CLI004,Producto_001,Configuracion_006,30006,Fitosanitario 400 Gy,0.6,22,10,SYS_002389,TAG_002389,23,MODE_B - Config demo,0.6,2,1,0.6,0.025,8.0,0.333,10:14:00 a.m.,11:14:00 a.m.,01:00:00,,Operador_02
07-ago-27,Operador_02,Completado,10273,TIN_000165,20165,40165,50165,Cliente_004,CLI004,Producto_001,Configuracion_006,30006,Fitosanitario 400 Gy,0.6,23,11,SYS_002390,TAG_002390,23,MODE_B - Config demo,0.6,2,1,0.6,0.025,8.0,0.333,10:14:00 a.m.,11:14:00 a.m.,01:00:00,,Operador_05
10-ago-27,Operador_02,Completado,10274,TIN_000166,20166,40166,50166,Cliente_004,CLI004,Producto_007,Configuracion_007,30007,Desbacterizacion (Vegetales),1.5,1,1,SYS_002391,TAG_002391,23,MODE_B - Config demo,0.75,2,2,0.75,0.025,8.0,0.267,7:36:00 a.m.,8:39:00 a.m.,01:03:00,,Operador_03
10-ago-27,Operador_03,Completado,10274,TIN_000166,20166,40166,50166,Cliente_004,CLI004,Producto_007,Configuracion_007,30007,Desbacterizacion (Vegetales),1.5,2,2,SYS_002392,TAG_002392,23,MODE_B - Config demo,0.75,2,2,0.75,0.025,8.0,0.267,7:36:00 a.m.,8:39:00 a.m.,01:03:00,,Operador_05
10-ago-27,Operador_05,Completado,10274,TIN_000166,20166,40166,50166,Cliente_004,CLI004,Producto_007,Configuracion_007,30007,Desbacterizacion (Vegetales),1.5,3,3,SYS_002393,TAG_002393,23,MODE_B - Config demo,0.75,2,2,0.75,0.025,8.0,0.267,7:36:00 a.m.,8:39:00 a.m.,01:03:00,,Operador_02
10-ago-27,Operador_03,Completado,10274,TIN_000166,20166,40166,50166,Cliente_004,CLI004,Producto_007,Configuracion_007,30007,Desbacterizacion (Vegetales),1.5,4,4,SYS_002394,TAG_002394,23,MODE_B - Config demo,0.75,2,2,0.75,0.025,8.0,0.267,7:36:00 a.m.,8:39:00 a.m.,01:03:00,,Operador_04
10-ago-27,Operador_03,Completado,10274,TIN_000166,20166,40166,50166,Cliente_004,CLI004,Producto_007,Configuracion_007,30007,Desbacterizacion (Vegetales),1.5,5,5,SYS_002395,TAG_002395,23,MODE_B - Config demo,0.75,2,2,0.75,0.025,8.0,0.267,7:36:00 a.m.,8:39:00 a.m.,01:03:00,,Operador_01
10-ago-27,Operador_04,Completado,10274,TIN_000166,20166,40166,50166,Cliente_004,CLI004,Producto_007,Configuracion_007,30007,Desbacterizacion (Vegetales),1.5,6,6,SYS_002396,TAG_002396,23,MODE_B - Config demo,0.75,2,2,0.75,0.025,8.0,0.267,7:36:00 a.m.,8:39:00 a.m.,01:03:00,,Operador_03
10-ago-27,Operador_01,Completado,10274,TIN_000166,20166,40166,50166,Cliente_004,CLI004,Producto_007,Configuracion_007,30007,Desbacterizacion (Vegetales),1.5,7,7,SYS_002397,TAG_002397,23,MODE_B - Config demo,0.75,2,2,0.75,0.025,8.0,0.267,7:36:00 a.m.,8:39:00 a.m.,01:03:00,,Operador_04
10-ago-27,Operador_05,Completado,10274,TIN_000166,20166,40166,50166,Cliente_004,CLI004,Producto_007,Configuracion_007,30007,Desbacterizacion (Vegetales),1.5,8,8,SYS_002398,TAG_002398,23,MODE_B - Config demo,0.75,2,2,0.75,0.025,8.0,0.267,7:36:00 a.m.,8:39:00 a.m.,01:03:00,,Operador_04
10-ago-27,Operador_02,Completado,10275,TIN_000166,20166,40166,50166,Cliente_004,CLI004,Producto_007,Configuracion_007,30007,Desbacterizacion (Vegetales),1.5,9,1,SYS_002399,TAG_002399,23,MODE_B - Config demo,0.75,2,2,0.75,0.025,8.0,0.267,9:05:00 a.m.,10:03:00 a.m.,00:58:00,,Operador_05
10-ago-27,Operador_03,Completado,10275,TIN_000166,20166,40166,50166,Cliente_004,CLI004,Producto_007,Configuracion_007,30007,Desbacterizacion (Vegetales),1.5,10,2,SYS_002400,TAG_002400,23,MODE_B - Config demo,0.75,2,2,0.75,0.025,8.0,0.267,9:05:00 a.m.,10:03:00 a.m.,00:58:00,,Operador_04
10-ago-27,Operador_05,Completado,10275,TIN_000166,20166,40166,50166,Cliente_004,CLI004,Producto_007,Configuracion_007,30007,Desbacterizacion (Vegetales),1.5,11,3,SYS_002401,TAG_002401,23,MODE_B - Config demo,0.75,2,2,0.75,0.025,8.0,0.267,9:05:00 a.m.,10:03:00 a.m.,00:58:00,,Operador_05
10-ago-27,Operador_04,Completado,10275,TIN_000166,20166,40166,50166,Cliente_004,CLI004,Producto_007,Configuracion_007,30007,Desbacterizacion (Vegetales),1.5,12,4,SYS_002402,TAG_002402,23,MODE_B - Config demo,0.75,2,2,0.75,0.025,8.0,0.267,9:05:00 a.m.,10:03:00 a.m.,00:58:00,,Operador_05
10-ago-27,Operador_03,Completado,10275,TIN_000166,20166,40166,50166,Cliente_004,CLI004,Producto_007,Configuracion_007,30007,Desbacterizacion (Vegetales),1.5,13,5,SYS_002403,TAG_002403,23,MODE_B - Config demo,0.75,2,2,0.75,0.025,8.0,0.267,9:05:00 a.m.,10:03:00 a.m.,00:58:00,,Operador_04
10-ago-27,Operador_03,Completado,10275,TIN_000166,20166,40166,50166,Cliente_004,CLI004,Producto_007,Configuracion_007,30007,Desbacterizacion (Vegetales),1.5,14,6,SYS_002404,TAG_002404,23,MODE_B - Config demo,0.75,2,2,0.75,0.025,8.0,0.267,9:05:00 a.m.,10:03:00 a.m.,00:58:00,,Operador_04
10-ago-27,Operador_04,Completado,10275,TIN_000166,20166,40166,50166,Cliente_004,CLI004,Producto_007,Configuracion_007,30007,Desbacterizacion (Vegetales),1.5,15,7,SYS_002405,TAG_002405,23,MODE_B - Config demo,0.75,2,2,0.75,0.025,8.0,0.267,9:05:00 a.m.,10:03:00 a.m.,00:58:00,,Operador_01
10-ago-27,Operador_01,Completado,10275,TIN_000166,20166,40166,50166,Cliente_004,CLI004,Producto_007,Configuracion_007,30007,Desbacterizacion (Vegetales),1.5,16,8,SYS_002406,TAG_002406,23,MODE_B - Config demo,0.75,2,2,0.75,0.025,8.0,0.267,9:05:00 a.m.,10:03:00 a.m.,00:58:00,,Operador_05
10-ago-27,Operador_01,Completado,10276,TIN_000166,20166,40166,50166,Cliente_004,CLI004,Producto_007,Configuracion_007,30007,Desbacterizacion (Vegetales),1.5,17,1,SYS_002407,TAG_002407,23,MODE_B - Config demo,1.5,2,1,1.5,0.025,8.0,0.133,7:02:00 a.m.,7:52:00 a.m.,00:50:00,,Operador_03
10-ago-27,Operador_04,Completado,10276,TIN_000166,20166,40166,50166,Cliente_004,CLI004,Producto_007,Configuracion_007,30007,Desbacterizacion (Vegetales),1.5,18,2,SYS_002408,TAG_002408,23,MODE_B - Config demo,1.5,2,1,1.5,0.025,8.0,0.133,7:02:00 a.m.,7:52:00 a.m.,00:50:00,,Operador_05
10-ago-27,Operador_05,Completado,10276,TIN_000166,20166,40166,50166,Cliente_004,CLI004,Producto_007,Configuracion_007,30007,Desbacterizacion (Vegetales),1.5,19,3,SYS_002409,TAG_002409,23,MODE_B - Config demo,1.5,2,1,1.5,0.025,8.0,0.133,7:02:00 a.m.,7:52:00 a.m.,00:50:00,,Operador_05
10-ago-27,Operador_04,Completado,10276,TIN_000166,20166,40166,50166,Cliente_004,CLI004,Producto_007,Configuracion_007,30007,Desbacterizacion (Vegetales),1.5,20,4,SYS_002410,TAG_002410,23,MODE_B - Config demo,1.5,2,1,1.5,0.025,8.0,0.133,7:02:00 a.m.,7:52:00 a.m.,00:50:00,,Operador_05
10-ago-27,Operador_04,Completado,10276,TIN_000166,20166,40166,50166,Cliente_004,CLI004,Producto_007,Configuracion_007,30007,Desbacterizacion (Vegetales),1.5,21,5,SYS_002411,TAG_002411,23,MODE_B - Config demo,1.5,2,1,1.5,0.025,8.0,0.133,7:02:00 a.m.,7:52:00 a.m.,00:50:00,,Operador_04
10-ago-27,Operador_05,Completado,10276,TIN_000166,20166,40166,50166,Cliente_004,CLI004,Producto_007,Configuracion_007,30007,Desbacterizacion (Vegetales),1.5,22,6,SYS_002412,TAG_002412,23,MODE_B - Config demo,1.5,2,1,1.5,0.025,8.0,0.133,7:02:00 a.m.,7:52:00 a.m.,00:50:00,,Operador_01
10-ago-27,Operador_01,Completado,10276,TIN_000166,20166,40166,50166,Cliente_004,CLI004,Producto_007,Configuracion_007,30007,Desbacterizacion (Vegetales),1.5,23,7,SYS_002413,TAG_002413,23,MODE_B - Config demo,1.5,2,1,1.5,0.025,8.0,0.133,7:02:00 a.m.,7:52:00 a.m.,00:50:00,,Operador_02
30-ago-27,Operador_04,Completado,10277,TIN_000167,20167,40167,50167,Cliente_008,CLI008,Producto_015,Configuracion_008,30008,Desbacterizacion (Alimento mascotas),2.0,1,1,SYS_002414,TAG_002414,11,MODE_A - Config demo,2.0,2,1,2.0,2.5,2.4,3.0,2:06:00 p.m.,3:15:00 p.m.,01:09:00,,Operador_03
30-ago-27,Operador_05,Completado,10277,TIN_000167,20167,40167,50167,Cliente_008,CLI008,Producto_015,Configuracion_008,30008,Desbacterizacion (Alimento mascotas),2.0,2,2,SYS_002415,TAG_002415,11,MODE_A - Config demo,2.0,2,1,2.0,2.5,2.4,3.0,2:06:00 p.m.,3:15:00 p.m.,01:09:00,,Operador_01
30-ago-27,Operador_04,Completado,10277,TIN_000167,20167,40167,50167,Cliente_008,CLI008,Producto_015,Configuracion_008,30008,Desbacterizacion (Alimento mascotas),2.0,3,3,SYS_002416,TAG_002416,11,MODE_A - Config demo,2.0,2,1,2.0,2.5,2.4,3.0,2:06:00 p.m.,3:15:00 p.m.,01:09:00,,Operador_02
30-ago-27,Operador_01,Completado,10277,TIN_000167,20167,40167,50167,Cliente_008,CLI008,Producto_015,Configuracion_008,30008,Desbacterizacion (Alimento mascotas),2.0,4,4,SYS_002417,TAG_002417,11,MODE_A - Config demo,2.0,2,1,2.0,2.5,2.4,3.0,2:06:00 p.m.,3:15:00 p.m.,01:09:00,,Operador_02
30-ago-27,Operador_04,Completado,10277,TIN_000167,20167,40167,50167,Cliente_008,CLI008,Producto_015,Configuracion_008,30008,Desbacterizacion (Alimento mascotas),2.0,5,5,SYS_002418,TAG_002418,11,MODE_A - Config demo,2.0,2,1,2.0,2.5,2.4,3.0,2:06:00 p.m.,3:15:00 p.m.,01:09:00,,Operador_01
30-ago-27,Operador_04,Completado,10277,TIN_000167,20167,40167,50167,Cliente_008,CLI008,Producto_015,Configuracion_008,30008,Desbacterizacion (Alimento mascotas),2.0,6,6,SYS_002419,TAG_002419,11,MODE_A - Config demo,2.0,2,1,2.0,2.5,2.4,3.0,2:06:00 p.m.,3:15:00 p.m.,01:09:00,,Operador_02
30-ago-27,Operador_03,Completado,10277,TIN_000167,20167,40167,50167,Cliente_008,CLI008,Producto_015,Configuracion_008,30008,Desbacterizacion (Alimento mascotas),2.0,7,7,SYS_002420,TAG_002420,11,MODE_A - Config demo,2.0,2,1,2.0,2.5,2.4,3.0,2:06:00 p.m.,3:15:00 p.m.,01:09:00,,Operador_01
30-ago-27,Operador_04,Completado,10277,TIN_000167,20167,40167,50167,Cliente_008,CLI008,Producto_015,Configuracion_008,30008,Desbacterizacion (Alimento mascotas),2.0,8,8,SYS_002421,TAG_002421,11,MODE_A - Config demo,2.0,2,1,2.0,2.5,2.4,3.0,2:06:00 p.m.,3:15:00 p.m.,01:09:00,,Operador_05
30-ago-27,Operador_03,Completado,10277,TIN_000167,20167,40167,50167,Cliente_008,CLI008,Producto_015,Configuracion_008,30008,Desbacterizacion (Alimento mascotas),2.0,9,9,SYS_002422,TAG_002422,11,MODE_A - Config demo,2.0,2,1,2.0,2.5,2.4,3.0,2:06:00 p.m.,3:15:00 p.m.,01:09:00,,Operador_02
30-ago-27,Operador_05,Completado,10277,TIN_000167,20167,40167,50167,Cliente_008,CLI008,Producto_015,Configuracion_008,30008,Desbacterizacion (Alimento mascotas),2.0,10,10,SYS_002423,TAG_002423,11,MODE_A - Config demo,2.0,2,1,2.0,2.5,2.4,3.0,2:06:00 p.m.,3:15:00 p.m.,01:09:00,,Operador_05
30-ago-27,Operador_05,Completado,10277,TIN_000167,20167,40167,50167,Cliente_008,CLI008,Producto_015,Configuracion_008,30008,Desbacterizacion (Alimento mascotas),2.0,11,11,SYS_002424,TAG_002424,11,MODE_A - Config demo,2.0,2,1,2.0,2.5,2.4,3.0,2:06:00 p.m.,3:15:00 p.m.,01:09:00,,Operador_04
11-ago-27,Operador_05,Completado,10278,TIN_000168,20168,40168,50168,Cliente_003,CLI003,Producto_005,Configuracion_001,30001,Fitosanitario 400 Gy,0.55,1,1,SYS_002425,TAG_002425,16,MODE_B - Config demo,0.55,2,1,0.55,0.025,8.0,0.364,1:05:00 p.m.,2:18:00 p.m.,01:13:00,,Operador_01
11-ago-27,Operador_05,Completado,10278,TIN_000168,20168,40168,50168,Cliente_003,CLI003,Producto_005,Configuracion_001,30001,Fitosanitario 400 Gy,0.55,2,2,SYS_002426,TAG_002426,16,MODE_B - Config demo,0.55,2,1,0.55,0.025,8.0,0.364,1:05:00 p.m.,2:18:00 p.m.,01:13:00,,Operador_02
11-ago-27,Operador_05,Completado,10278,TIN_000168,20168,40168,50168,Cliente_003,CLI003,Producto_005,Configuracion_001,30001,Fitosanitario 400 Gy,0.55,3,3,SYS_002427,TAG_002427,16,MODE_B - Config demo,0.55,2,1,0.55,0.025,8.0,0.364,1:05:00 p.m.,2:18:00 p.m.,01:13:00,,Operador_01
11-ago-27,Operador_05,Completado,10278,TIN_000168,20168,40168,50168,Cliente_003,CLI003,Producto_005,Configuracion_001,30001,Fitosanitario 400 Gy,0.55,4,4,SYS_002428,TAG_002428,16,MODE_B - Config demo,0.55,2,1,0.55,0.025,8.0,0.364,1:05:00 p.m.,2:18:00 p.m.,01:13:00,,Operador_02
11-ago-27,Operador_04,Completado,10278,TIN_000168,20168,40168,50168,Cliente_003,CLI003,Producto_005,Configuracion_001,30001,Fitosanitario 400 Gy,0.55,5,5,SYS_002429,TAG_002429,16,MODE_B - Config demo,0.55,2,1,0.55,0.025,8.0,0.364,1:05:00 p.m.,2:18:00 p.m.,01:13:00,,Operador_01
11-ago-27,Operador_03,Completado,10278,TIN_000168,20168,40168,50168,Cliente_003,CLI003,Producto_005,Configuracion_001,30001,Fitosanitario 400 Gy,0.55,6,6,SYS_002430,TAG_002430,16,MODE_B - Config demo,0.55,2,1,0.55,0.025,8.0,0.364,1:05:00 p.m.,2:18:00 p.m.,01:13:00,,Operador_05
11-ago-27,Operador_01,Completado,10278,TIN_000168,20168,40168,50168,Cliente_003,CLI003,Producto_005,Configuracion_001,30001,Fitosanitario 400 Gy,0.55,7,7,SYS_002431,TAG_002431,16,MODE_B - Config demo,0.55,2,1,0.55,0.025,8.0,0.364,1:05:00 p.m.,2:18:00 p.m.,01:13:00,,Operador_03
11-ago-27,Operador_05,Completado,10278,TIN_000168,20168,40168,50168,Cliente_003,CLI003,Producto_005,Configuracion_001,30001,Fitosanitario 400 Gy,0.55,8,8,SYS_002432,TAG_002432,16,MODE_B - Config demo,0.55,2,1,0.55,0.025,8.0,0.364,1:05:00 p.m.,2:18:00 p.m.,01:13:00,,Operador_05
11-ago-27,Operador_03,Completado,10278,TIN_000168,20168,40168,50168,Cliente_003,CLI003,Producto_005,Configuracion_001,30001,Fitosanitario 400 Gy,0.55,9,9,SYS_002433,TAG_002433,16,MODE_B - Config demo,0.55,2,1,0.55,0.025,8.0,0.364,1:05:00 p.m.,2:18:00 p.m.,01:13:00,,Operador_01
11-ago-27,Operador_05,Completado,10278,TIN_000168,20168,40168,50168,Cliente_003,CLI003,Producto_005,Configuracion_001,30001,Fitosanitario 400 Gy,0.55,10,10,SYS_002434,TAG_002434,16,MODE_B - Config demo,0.55,2,1,0.55,0.025,8.0,0.364,1:05:00 p.m.,2:18:00 p.m.,01:13:00,,Operador_01
11-ago-27,Operador_03,Completado,10278,TIN_000168,20168,40168,50168,Cliente_003,CLI003,Producto_005,Configuracion_001,30001,Fitosanitario 400 Gy,0.55,11,11,SYS_002435,TAG_002435,16,MODE_B - Config demo,0.55,2,1,0.55,0.025,8.0,0.364,1:05:00 p.m.,2:18:00 p.m.,01:13:00,,Operador_05
11-ago-27,Operador_01,Completado,10278,TIN_000168,20168,40168,50168,Cliente_003,CLI003,Producto_005,Configuracion_001,30001,Fitosanitario 400 Gy,0.55,12,12,SYS_002436,TAG_002436,16,MODE_B - Config demo,0.55,2,1,0.55,0.025,8.0,0.364,1:05:00 p.m.,2:18:00 p.m.,01:13:00,,Operador_03
11-ago-27,Operador_04,Completado,10278,TIN_000168,20168,40168,50168,Cliente_003,CLI003,Producto_005,Configuracion_001,30001,Fitosanitario 400 Gy,0.55,13,1,SYS_002437,TAG_002437,16,MODE_B - Config demo,0.55,2,1,0.55,0.025,8.0,0.364,1:05:00 p.m.,2:18:00 p.m.,01:13:00,,Operador_01
11-ago-27,Operador_03,Completado,10278,TIN_000168,20168,40168,50168,Cliente_003,CLI003,Producto_005,Configuracion_001,30001,Fitosanitario 400 Gy,0.55,14,2,SYS_002438,TAG_002438,16,MODE_B - Config demo,0.55,2,1,0.55,0.025,8.0,0.364,1:05:00 p.m.,2:18:00 p.m.,01:13:00,,Operador_01
11-ago-27,Operador_04,Completado,10278,TIN_000168,20168,40168,50168,Cliente_003,CLI003,Producto_005,Configuracion_001,30001,Fitosanitario 400 Gy,0.55,15,3,SYS_002439,TAG_002439,16,MODE_B - Config demo,0.55,2,1,0.55,0.025,8.0,0.364,1:05:00 p.m.,2:18:00 p.m.,01:13:00,,Operador_05
11-ago-27,Operador_02,Completado,10278,TIN_000168,20168,40168,50168,Cliente_003,CLI003,Producto_005,Configuracion_001,30001,Fitosanitario 400 Gy,0.55,16,4,SYS_002440,TAG_002440,16,MODE_B - Config demo,0.55,2,1,0.55,0.025,8.0,0.364,1:05:00 p.m.,2:18:00 p.m.,01:13:00,,Operador_02
24-ago-27,Operador_03,Completado,10279,TIN_000169,20169,40169,50169,Cliente_014,CLI014,Producto_005,Configuracion_002,30002,Fitosanitario 150 Gy,0.22,1,1,SYS_002441,TAG_002441,23,MODE_B - Config demo,0.22,2,1,0.22,0.025,8.0,0.909,7:41:00 a.m.,9:18:00 a.m.,01:37:00,,Operador_01
24-ago-27,Operador_03,Completado,10279,TIN_000169,20169,40169,50169,Cliente_014,CLI014,Producto_005,Configuracion_002,30002,Fitosanitario 150 Gy,0.22,2,2,SYS_002442,TAG_002442,23,MODE_B - Config demo,0.22,2,1,0.22,0.025,8.0,0.909,7:41:00 a.m.,9:18:00 a.m.,01:37:00,,Operador_02
24-ago-27,Operador_05,Completado,10279,TIN_000169,20169,40169,50169,Cliente_014,CLI014,Producto_005,Configuracion_002,30002,Fitosanitario 150 Gy,0.22,3,3,SYS_002443,TAG_002443,23,MODE_B - Config demo,0.22,2,1,0.22,0.025,8.0,0.909,7:41:00 a.m.,9:18:00 a.m.,01:37:00,,Operador_04
24-ago-27,Operador_02,Completado,10279,TIN_000169,20169,40169,50169,Cliente_014,CLI014,Producto_005,Configuracion_002,30002,Fitosanitario 150 Gy,0.22,4,4,SYS_002444,TAG_002444,23,MODE_B - Config demo,0.22,2,1,0.22,0.025,8.0,0.909,7:41:00 a.m.,9:18:00 a.m.,01:37:00,,Operador_02
24-ago-27,Operador_03,Completado,10279,TIN_000169,20169,40169,50169,Cliente_014,CLI014,Producto_005,Configuracion_002,30002,Fitosanitario 150 Gy,0.22,5,5,SYS_002445,TAG_002445,23,MODE_B - Config demo,0.22,2,1,0.22,0.025,8.0,0.909,7:41:00 a.m.,9:18:00 a.m.,01:37:00,,Operador_05
24-ago-27,Operador_03,Completado,10279,TIN_000169,20169,40169,50169,Cliente_014,CLI014,Producto_005,Configuracion_002,30002,Fitosanitario 150 Gy,0.22,6,6,SYS_002446,TAG_002446,23,MODE_B - Config demo,0.22,2,1,0.22,0.025,8.0,0.909,7:41:00 a.m.,9:18:00 a.m.,01:37:00,,Operador_03
24-ago-27,Operador_04,Completado,10279,TIN_000169,20169,40169,50169,Cliente_014,CLI014,Producto_005,Configuracion_002,30002,Fitosanitario 150 Gy,0.22,7,7,SYS_002447,TAG_002447,23,MODE_B - Config demo,0.22,2,1,0.22,0.025,8.0,0.909,7:41:00 a.m.,9:18:00 a.m.,01:37:00,,Operador_02
24-ago-27,Operador_04,Completado,10279,TIN_000169,20169,40169,50169,Cliente_014,CLI014,Producto_005,Configuracion_002,30002,Fitosanitario 150 Gy,0.22,8,8,SYS_002448,TAG_002448,23,MODE_B - Config demo,0.22,2,1,0.22,0.025,8.0,0.909,7:41:00 a.m.,9:18:00 a.m.,01:37:00,,Operador_02
24-ago-27,Operador_03,Completado,10279,TIN_000169,20169,40169,50169,Cliente_014,CLI014,Producto_005,Configuracion_002,30002,Fitosanitario 150 Gy,0.22,9,9,SYS_002449,TAG_002449,23,MODE_B - Config demo,0.22,2,1,0.22,0.025,8.0,0.909,7:41:00 a.m.,9:18:00 a.m.,01:37:00,,Operador_04
24-ago-27,Operador_01,Completado,10279,TIN_000169,20169,40169,50169,Cliente_014,CLI014,Producto_005,Configuracion_002,30002,Fitosanitario 150 Gy,0.22,10,10,SYS_002450,TAG_002450,23,MODE_B - Config demo,0.22,2,1,0.22,0.025,8.0,0.909,7:41:00 a.m.,9:18:00 a.m.,01:37:00,,Operador_04
24-ago-27,Operador_02,Completado,10279,TIN_000169,20169,40169,50169,Cliente_014,CLI014,Producto_005,Configuracion_002,30002,Fitosanitario 150 Gy,0.22,11,11,SYS_002451,TAG_002451,23,MODE_B - Config demo,0.22,2,1,0.22,0.025,8.0,0.909,7:41:00 a.m.,9:18:00 a.m.,01:37:00,,Operador_01
24-ago-27,Operador_02,Completado,10279,TIN_000169,20169,40169,50169,Cliente_014,CLI014,Producto_005,Configuracion_002,30002,Fitosanitario 150 Gy,0.22,12,12,SYS_002452,TAG_002452,23,MODE_B - Config demo,0.22,2,1,0.22,0.025,8.0,0.909,7:41:00 a.m.,9:18:00 a.m.,01:37:00,,Operador_04
24-ago-27,Operador_04,Completado,10279,TIN_000169,20169,40169,50169,Cliente_014,CLI014,Producto_005,Configuracion_002,30002,Fitosanitario 150 Gy,0.22,13,1,SYS_002453,TAG_002453,23,MODE_B - Config demo,0.22,2,1,0.22,0.025,8.0,0.909,7:41:00 a.m.,9:18:00 a.m.,01:37:00,,Operador_02
24-ago-27,Operador_02,Completado,10279,TIN_000169,20169,40169,50169,Cliente_014,CLI014,Producto_005,Configuracion_002,30002,Fitosanitario 150 Gy,0.22,14,2,SYS_002454,TAG_002454,23,MODE_B - Config demo,0.22,2,1,0.22,0.025,8.0,0.909,7:41:00 a.m.,9:18:00 a.m.,01:37:00,,Operador_05
24-ago-27,Operador_02,Completado,10279,TIN_000169,20169,40169,50169,Cliente_014,CLI014,Producto_005,Configuracion_002,30002,Fitosanitario 150 Gy,0.22,15,3,SYS_002455,TAG_002455,23,MODE_B - Config demo,0.22,2,1,0.22,0.025,8.0,0.909,7:41:00 a.m.,9:18:00 a.m.,01:37:00,,Operador_02
24-ago-27,Operador_03,Completado,10279,TIN_000169,20169,40169,50169,Cliente_014,CLI014,Producto_005,Configuracion_002,30002,Fitosanitario 150 Gy,0.22,16,4,SYS_002456,TAG_002456,23,MODE_B - Config demo,0.22,2,1,0.22,0.025,8.0,0.909,7:41:00 a.m.,9:18:00 a.m.,01:37:00,,Operador_04
24-ago-27,Operador_03,Completado,10279,TIN_000169,20169,40169,50169,Cliente_014,CLI014,Producto_005,Configuracion_002,30002,Fitosanitario 150 Gy,0.22,17,5,SYS_002457,TAG_002457,23,MODE_B - Config demo,0.22,2,1,0.22,0.025,8.0,0.909,7:41:00 a.m.,9:18:00 a.m.,01:37:00,,Operador_03
24-ago-27,Operador_04,Completado,10279,TIN_000169,20169,40169,50169,Cliente_014,CLI014,Producto_005,Configuracion_002,30002,Fitosanitario 150 Gy,0.22,18,6,SYS_002458,TAG_002458,23,MODE_B - Config demo,0.22,2,1,0.22,0.025,8.0,0.909,7:41:00 a.m.,9:18:00 a.m.,01:37:00,,Operador_05
24-ago-27,Operador_04,Completado,10279,TIN_000169,20169,40169,50169,Cliente_014,CLI014,Producto_005,Configuracion_002,30002,Fitosanitario 150 Gy,0.22,19,7,SYS_002459,TAG_002459,23,MODE_B - Config demo,0.22,2,1,0.22,0.025,8.0,0.909,7:41:00 a.m.,9:18:00 a.m.,01:37:00,,Operador_03
24-ago-27,Operador_04,Completado,10279,TIN_000169,20169,40169,50169,Cliente_014,CLI014,Producto_005,Configuracion_002,30002,Fitosanitario 150 Gy,0.22,20,8,SYS_002460,TAG_002460,23,MODE_B - Config demo,0.22,2,1,0.22,0.025,8.0,0.909,7:41:00 a.m.,9:18:00 a.m.,01:37:00,,Operador_04
24-ago-27,Operador_02,Completado,10279,TIN_000169,20169,40169,50169,Cliente_014,CLI014,Producto_005,Configuracion_002,30002,Fitosanitario 150 Gy,0.22,21,9,SYS_002461,TAG_002461,23,MODE_B - Config demo,0.22,2,1,0.22,0.025,8.0,0.909,7:41:00 a.m.,9:18:00 a.m.,01:37:00,,Operador_04
24-ago-27,Operador_04,Completado,10279,TIN_000169,20169,40169,50169,Cliente_014,CLI014,Producto_005,Configuracion_002,30002,Fitosanitario 150 Gy,0.22,22,10,SYS_002462,TAG_002462,23,MODE_B - Config demo,0.22,2,1,0.22,0.025,8.0,0.909,7:41:00 a.m.,9:18:00 a.m.,01:37:00,,Operador_02
24-ago-27,Operador_02,Completado,10279,TIN_000169,20169,40169,50169,Cliente_014,CLI014,Producto_005,Configuracion_002,30002,Fitosanitario 150 Gy,0.22,23,11,SYS_002463,TAG_002463,23,MODE_B - Config demo,0.22,2,1,0.22,0.025,8.0,0.909,7:41:00 a.m.,9:18:00 a.m.,01:37:00,,Operador_04
17-ago-27,Operador_04,Completado,10280,TIN_000170,20170,40170,50170,Cliente_003,CLI003,Producto_002,Configuracion_003,30003,Desbacterizacion (Chiles secos),1.0,1,1,SYS_002464,TAG_002464,14,MODE_B - Config demo,0.5,2,2,0.5,0.025,8.0,0.4,2:30:00 p.m.,3:41:00 p.m.,01:11:00,,Operador_02
17-ago-27,Operador_02,Completado,10280,TIN_000170,20170,40170,50170,Cliente_003,CLI003,Producto_002,Configuracion_003,30003,Desbacterizacion (Chiles secos),1.0,2,2,SYS_002465,TAG_002465,14,MODE_B - Config demo,0.5,2,2,0.5,0.025,8.0,0.4,2:30:00 p.m.,3:41:00 p.m.,01:11:00,,Operador_02
17-ago-27,Operador_02,Completado,10280,TIN_000170,20170,40170,50170,Cliente_003,CLI003,Producto_002,Configuracion_003,30003,Desbacterizacion (Chiles secos),1.0,3,3,SYS_002466,TAG_002466,14,MODE_B - Config demo,0.5,2,2,0.5,0.025,8.0,0.4,2:30:00 p.m.,3:41:00 p.m.,01:11:00,,Operador_03
17-ago-27,Operador_02,Completado,10280,TIN_000170,20170,40170,50170,Cliente_003,CLI003,Producto_002,Configuracion_003,30003,Desbacterizacion (Chiles secos),1.0,4,4,SYS_002467,TAG_002467,14,MODE_B - Config demo,0.5,2,2,0.5,0.025,8.0,0.4,2:30:00 p.m.,3:41:00 p.m.,01:11:00,,Operador_04
17-ago-27,Operador_01,Completado,10280,TIN_000170,20170,40170,50170,Cliente_003,CLI003,Producto_002,Configuracion_003,30003,Desbacterizacion (Chiles secos),1.0,5,5,SYS_002468,TAG_002468,14,MODE_B - Config demo,0.5,2,2,0.5,0.025,8.0,0.4,2:30:00 p.m.,3:41:00 p.m.,01:11:00,,Operador_04
17-ago-27,Operador_01,Completado,10280,TIN_000170,20170,40170,50170,Cliente_003,CLI003,Producto_002,Configuracion_003,30003,Desbacterizacion (Chiles secos),1.0,6,6,SYS_002469,TAG_002469,14,MODE_B - Config demo,0.5,2,2,0.5,0.025,8.0,0.4,2:30:00 p.m.,3:41:00 p.m.,01:11:00,,Operador_02
17-ago-27,Operador_05,Completado,10280,TIN_000170,20170,40170,50170,Cliente_003,CLI003,Producto_002,Configuracion_003,30003,Desbacterizacion (Chiles secos),1.0,7,7,SYS_002470,TAG_002470,14,MODE_B - Config demo,0.5,2,2,0.5,0.025,8.0,0.4,2:30:00 p.m.,3:41:00 p.m.,01:11:00,,Operador_04
17-ago-27,Operador_05,Completado,10280,TIN_000170,20170,40170,50170,Cliente_003,CLI003,Producto_002,Configuracion_003,30003,Desbacterizacion (Chiles secos),1.0,8,8,SYS_002471,TAG_002471,14,MODE_B - Config demo,0.5,2,2,0.5,0.025,8.0,0.4,2:30:00 p.m.,3:41:00 p.m.,01:11:00,,Operador_03
17-ago-27,Operador_01,Completado,10280,TIN_000170,20170,40170,50170,Cliente_003,CLI003,Producto_002,Configuracion_003,30003,Desbacterizacion (Chiles secos),1.0,9,9,SYS_002472,TAG_002472,14,MODE_B - Config demo,0.5,2,2,0.5,0.025,8.0,0.4,2:30:00 p.m.,3:41:00 p.m.,01:11:00,,Operador_05
17-ago-27,Operador_04,Completado,10280,TIN_000170,20170,40170,50170,Cliente_003,CLI003,Producto_002,Configuracion_003,30003,Desbacterizacion (Chiles secos),1.0,10,10,SYS_002473,TAG_002473,14,MODE_B - Config demo,0.5,2,2,0.5,0.025,8.0,0.4,2:30:00 p.m.,3:41:00 p.m.,01:11:00,,Operador_03
17-ago-27,Operador_04,Completado,10280,TIN_000170,20170,40170,50170,Cliente_003,CLI003,Producto_002,Configuracion_003,30003,Desbacterizacion (Chiles secos),1.0,11,11,SYS_002474,TAG_002474,14,MODE_B - Config demo,0.5,2,2,0.5,0.025,8.0,0.4,2:30:00 p.m.,3:41:00 p.m.,01:11:00,,Operador_02
17-ago-27,Operador_04,Completado,10280,TIN_000170,20170,40170,50170,Cliente_003,CLI003,Producto_002,Configuracion_003,30003,Desbacterizacion (Chiles secos),1.0,12,12,SYS_002475,TAG_002475,14,MODE_B - Config demo,0.5,2,2,0.5,0.025,8.0,0.4,2:30:00 p.m.,3:41:00 p.m.,01:11:00,,Operador_04
17-ago-27,Operador_01,Completado,10280,TIN_000170,20170,40170,50170,Cliente_003,CLI003,Producto_002,Configuracion_003,30003,Desbacterizacion (Chiles secos),1.0,13,1,SYS_002476,TAG_002476,14,MODE_B - Config demo,0.5,2,2,0.5,0.025,8.0,0.4,2:30:00 p.m.,3:41:00 p.m.,01:11:00,,Operador_01
17-ago-27,Operador_05,Completado,10280,TIN_000170,20170,40170,50170,Cliente_003,CLI003,Producto_002,Configuracion_003,30003,Desbacterizacion (Chiles secos),1.0,14,2,SYS_002477,TAG_002477,14,MODE_B - Config demo,0.5,2,2,0.5,0.025,8.0,0.4,2:30:00 p.m.,3:41:00 p.m.,01:11:00,,Operador_04
02-ago-27,Operador_04,Completado,10281,TIN_000171,20171,40171,50171,Cliente_001,CLI001,Producto_003,Configuracion_004,30004,Fitosanitario 400 Gy,0.55,1,1,SYS_002478,TAG_002478,9,MODE_A - Config demo,0.55,2,1,0.55,2.5,2.4,10.909,7:29:00 a.m.,8:33:00 a.m.,01:04:00,,Operador_01
02-ago-27,Operador_01,Completado,10281,TIN_000171,20171,40171,50171,Cliente_001,CLI001,Producto_003,Configuracion_004,30004,Fitosanitario 400 Gy,0.55,2,2,SYS_002479,TAG_002479,9,MODE_A - Config demo,0.55,2,1,0.55,2.5,2.4,10.909,7:29:00 a.m.,8:33:00 a.m.,01:04:00,,Operador_01
02-ago-27,Operador_05,Completado,10281,TIN_000171,20171,40171,50171,Cliente_001,CLI001,Producto_003,Configuracion_004,30004,Fitosanitario 400 Gy,0.55,3,3,SYS_002480,TAG_002480,9,MODE_A - Config demo,0.55,2,1,0.55,2.5,2.4,10.909,7:29:00 a.m.,8:33:00 a.m.,01:04:00,,Operador_03
02-ago-27,Operador_02,Completado,10281,TIN_000171,20171,40171,50171,Cliente_001,CLI001,Producto_003,Configuracion_004,30004,Fitosanitario 400 Gy,0.55,4,4,SYS_002481,TAG_002481,9,MODE_A - Config demo,0.55,2,1,0.55,2.5,2.4,10.909,7:29:00 a.m.,8:33:00 a.m.,01:04:00,,Operador_01
02-ago-27,Operador_05,Completado,10281,TIN_000171,20171,40171,50171,Cliente_001,CLI001,Producto_003,Configuracion_004,30004,Fitosanitario 400 Gy,0.55,5,5,SYS_002482,TAG_002482,9,MODE_A - Config demo,0.55,2,1,0.55,2.5,2.4,10.909,7:29:00 a.m.,8:33:00 a.m.,01:04:00,,Operador_04
02-ago-27,Operador_01,Completado,10281,TIN_000171,20171,40171,50171,Cliente_001,CLI001,Producto_003,Configuracion_004,30004,Fitosanitario 400 Gy,0.55,6,6,SYS_002483,TAG_002483,9,MODE_A - Config demo,0.55,2,1,0.55,2.5,2.4,10.909,7:29:00 a.m.,8:33:00 a.m.,01:04:00,,Operador_03
02-ago-27,Operador_05,Completado,10281,TIN_000171,20171,40171,50171,Cliente_001,CLI001,Producto_003,Configuracion_004,30004,Fitosanitario 400 Gy,0.55,7,7,SYS_002484,TAG_002484,9,MODE_A - Config demo,0.55,2,1,0.55,2.5,2.4,10.909,7:29:00 a.m.,8:33:00 a.m.,01:04:00,,Operador_02
02-ago-27,Operador_04,Completado,10281,TIN_000171,20171,40171,50171,Cliente_001,CLI001,Producto_003,Configuracion_004,30004,Fitosanitario 400 Gy,0.55,8,8,SYS_002485,TAG_002485,9,MODE_A - Config demo,0.55,2,1,0.55,2.5,2.4,10.909,7:29:00 a.m.,8:33:00 a.m.,01:04:00,,Operador_02
02-ago-27,Operador_01,Completado,10281,TIN_000171,20171,40171,50171,Cliente_001,CLI001,Producto_003,Configuracion_004,30004,Fitosanitario 400 Gy,0.55,9,9,SYS_002486,TAG_002486,9,MODE_A - Config demo,0.55,2,1,0.55,2.5,2.4,10.909,7:29:00 a.m.,8:33:00 a.m.,01:04:00,,Operador_02
30-ago-27,Operador_03,Completado,10282,TIN_000172,20172,40172,50172,Cliente_001,CLI001,Producto_006,Configuracion_005,30005,Fitosanitario 150 Gy,0.28,1,1,SYS_002487,TAG_002487,24,MODE_A - Config demo,0.28,2,1,0.28,2.5,2.4,21.429,4:00:00 p.m.,5:41:00 p.m.,01:41:00,,Operador_02
30-ago-27,Operador_02,Completado,10282,TIN_000172,20172,40172,50172,Cliente_001,CLI001,Producto_006,Configuracion_005,30005,Fitosanitario 150 Gy,0.28,2,2,SYS_002488,TAG_002488,24,MODE_A - Config demo,0.28,2,1,0.28,2.5,2.4,21.429,4:00:00 p.m.,5:41:00 p.m.,01:41:00,,Operador_01
30-ago-27,Operador_05,Completado,10282,TIN_000172,20172,40172,50172,Cliente_001,CLI001,Producto_006,Configuracion_005,30005,Fitosanitario 150 Gy,0.28,3,3,SYS_002489,TAG_002489,24,MODE_A - Config demo,0.28,2,1,0.28,2.5,2.4,21.429,4:00:00 p.m.,5:41:00 p.m.,01:41:00,,Operador_01
30-ago-27,Operador_05,Completado,10282,TIN_000172,20172,40172,50172,Cliente_001,CLI001,Producto_006,Configuracion_005,30005,Fitosanitario 150 Gy,0.28,4,4,SYS_002490,TAG_002490,24,MODE_A - Config demo,0.28,2,1,0.28,2.5,2.4,21.429,4:00:00 p.m.,5:41:00 p.m.,01:41:00,,Operador_02
30-ago-27,Operador_05,Completado,10282,TIN_000172,20172,40172,50172,Cliente_001,CLI001,Producto_006,Configuracion_005,30005,Fitosanitario 150 Gy,0.28,5,5,SYS_002491,TAG_002491,24,MODE_A - Config demo,0.28,2,1,0.28,2.5,2.4,21.429,4:00:00 p.m.,5:41:00 p.m.,01:41:00,,Operador_01
30-ago-27,Operador_03,Completado,10282,TIN_000172,20172,40172,50172,Cliente_001,CLI001,Producto_006,Configuracion_005,30005,Fitosanitario 150 Gy,0.28,6,6,SYS_002492,TAG_002492,24,MODE_A - Config demo,0.28,2,1,0.28,2.5,2.4,21.429,4:00:00 p.m.,5:41:00 p.m.,01:41:00,,Operador_01
30-ago-27,Operador_01,Completado,10282,TIN_000172,20172,40172,50172,Cliente_001,CLI001,Producto_006,Configuracion_005,30005,Fitosanitario 150 Gy,0.28,7,7,SYS_002493,TAG_002493,24,MODE_A - Config demo,0.28,2,1,0.28,2.5,2.4,21.429,4:00:00 p.m.,5:41:00 p.m.,01:41:00,,Operador_02
30-ago-27,Operador_04,Completado,10282,TIN_000172,20172,40172,50172,Cliente_001,CLI001,Producto_006,Configuracion_005,30005,Fitosanitario 150 Gy,0.28,8,8,SYS_002494,TAG_002494,24,MODE_A - Config demo,0.28,2,1,0.28,2.5,2.4,21.429,4:00:00 p.m.,5:41:00 p.m.,01:41:00,,Operador_05
30-ago-27,Operador_01,Completado,10282,TIN_000172,20172,40172,50172,Cliente_001,CLI001,Producto_006,Configuracion_005,30005,Fitosanitario 150 Gy,0.28,9,9,SYS_002495,TAG_002495,24,MODE_A - Config demo,0.28,2,1,0.28,2.5,2.4,21.429,4:00:00 p.m.,5:41:00 p.m.,01:41:00,,Operador_04
30-ago-27,Operador_05,Completado,10282,TIN_000172,20172,40172,50172,Cliente_001,CLI001,Producto_006,Configuracion_005,30005,Fitosanitario 150 Gy,0.28,10,10,SYS_002496,TAG_002496,24,MODE_A - Config demo,0.28,2,1,0.28,2.5,2.4,21.429,4:00:00 p.m.,5:41:00 p.m.,01:41:00,,Operador_05
30-ago-27,Operador_02,Completado,10282,TIN_000172,20172,40172,50172,Cliente_001,CLI001,Producto_006,Configuracion_005,30005,Fitosanitario 150 Gy,0.28,11,11,SYS_002497,TAG_002497,24,MODE_A - Config demo,0.28,2,1,0.28,2.5,2.4,21.429,4:00:00 p.m.,5:41:00 p.m.,01:41:00,,Operador_01
30-ago-27,Operador_05,Completado,10282,TIN_000172,20172,40172,50172,Cliente_001,CLI001,Producto_006,Configuracion_005,30005,Fitosanitario 150 Gy,0.28,12,12,SYS_002498,TAG_002498,24,MODE_A - Config demo,0.28,2,1,0.28,2.5,2.4,21.429,4:00:00 p.m.,5:41:00 p.m.,01:41:00,,Operador_05
30-ago-27,Operador_02,Completado,10282,TIN_000172,20172,40172,50172,Cliente_001,CLI001,Producto_006,Configuracion_005,30005,Fitosanitario 150 Gy,0.28,13,1,SYS_002499,TAG_002499,24,MODE_A - Config demo,0.28,2,1,0.28,2.5,2.4,21.429,4:00:00 p.m.,5:41:00 p.m.,01:41:00,,Operador_01
30-ago-27,Operador_03,Completado,10282,TIN_000172,20172,40172,50172,Cliente_001,CLI001,Producto_006,Configuracion_005,30005,Fitosanitario 150 Gy,0.28,14,2,SYS_002500,TAG_002500,24,MODE_A - Config demo,0.28,2,1,0.28,2.5,2.4,21.429,4:00:00 p.m.,5:41:00 p.m.,01:41:00,,Operador_02
30-ago-27,Operador_03,Completado,10282,TIN_000172,20172,40172,50172,Cliente_001,CLI001,Producto_006,Configuracion_005,30005,Fitosanitario 150 Gy,0.28,15,3,SYS_002501,TAG_002501,24,MODE_A - Config demo,0.28,2,1,0.28,2.5,2.4,21.429,4:00:00 p.m.,5:41:00 p.m.,01:41:00,,Operador_01
30-ago-27,Operador_05,Completado,10282,TIN_000172,20172,40172,50172,Cliente_001,CLI001,Producto_006,Configuracion_005,30005,Fitosanitario 150 Gy,0.28,16,4,SYS_002502,TAG_002502,24,MODE_A - Config demo,0.28,2,1,0.28,2.5,2.4,21.429,4:00:00 p.m.,5:41:00 p.m.,01:41:00,,Operador_03
30-ago-27,Operador_01,Completado,10282,TIN_000172,20172,40172,50172,Cliente_001,CLI001,Producto_006,Configuracion_005,30005,Fitosanitario 150 Gy,0.28,17,5,SYS_002503,TAG_002503,24,MODE_A - Config demo,0.28,2,1,0.28,2.5,2.4,21.429,4:00:00 p.m.,5:41:00 p.m.,01:41:00,,Operador_02
30-ago-27,Operador_04,Completado,10282,TIN_000172,20172,40172,50172,Cliente_001,CLI001,Producto_006,Configuracion_005,30005,Fitosanitario 150 Gy,0.28,18,6,SYS_002504,TAG_002504,24,MODE_A - Config demo,0.28,2,1,0.28,2.5,2.4,21.429,4:00:00 p.m.,5:41:00 p.m.,01:41:00,,Operador_04
30-ago-27,Operador_01,Completado,10282,TIN_000172,20172,40172,50172,Cliente_001,CLI001,Producto_006,Configuracion_005,30005,Fitosanitario 150 Gy,0.28,19,7,SYS_002505,TAG_002505,24,MODE_A - Config demo,0.28,2,1,0.28,2.5,2.4,21.429,4:00:00 p.m.,5:41:00 p.m.,01:41:00,,Operador_04
30-ago-27,Operador_05,Completado,10282,TIN_000172,20172,40172,50172,Cliente_001,CLI001,Producto_006,Configuracion_005,30005,Fitosanitario 150 Gy,0.28,20,8,SYS_002506,TAG_002506,24,MODE_A - Config demo,0.28,2,1,0.28,2.5,2.4,21.429,4:00:00 p.m.,5:41:00 p.m.,01:41:00,,Operador_02
30-ago-27,Operador_04,Completado,10282,TIN_000172,20172,40172,50172,Cliente_001,CLI001,Producto_006,Configuracion_005,30005,Fitosanitario 150 Gy,0.28,21,9,SYS_002507,TAG_002507,24,MODE_A - Config demo,0.28,2,1,0.28,2.5,2.4,21.429,4:00:00 p.m.,5:41:00 p.m.,01:41:00,,Operador_04
30-ago-27,Operador_05,Completado,10282,TIN_000172,20172,40172,50172,Cliente_001,CLI001,Producto_006,Configuracion_005,30005,Fitosanitario 150 Gy,0.28,22,10,SYS_002508,TAG_002508,24,MODE_A - Config demo,0.28,2,1,0.28,2.5,2.4,21.429,4:00:00 p.m.,5:41:00 p.m.,01:41:00,,Operador_01
30-ago-27,Operador_05,Completado,10282,TIN_000172,20172,40172,50172,Cliente_001,CLI001,Producto_006,Configuracion_005,30005,Fitosanitario 150 Gy,0.28,23,11,SYS_002509,TAG_002509,24,MODE_A - Config demo,0.28,2,1,0.28,2.5,2.4,21.429,4:00:00 p.m.,5:41:00 p.m.,01:41:00,,Operador_01
30-ago-27,Operador_03,Completado,10282,TIN_000172,20172,40172,50172,Cliente_001,CLI001,Producto_006,Configuracion_005,30005,Fitosanitario 150 Gy,0.28,24,12,SYS_002510,TAG_002510,24,MODE_A - Config demo,0.28,2,1,0.28,2.5,2.4,21.429,4:00:00 p.m.,5:41:00 p.m.,01:41:00,,Operador_01
10-ago-27,Operador_05,Completado,10283,TIN_000173,20173,40173,50173,Cliente_003,CLI003,Producto_006,Configuracion_006,30006,Fitosanitario 150 Gy,0.22,1,1,SYS_002511,TAG_002511,6,MODE_B - Config demo,0.11,2,2,0.11,0.025,8.0,1.818,7:51:00 a.m.,8:44:00 a.m.,00:53:00,,Operador_02
10-ago-27,Operador_01,Completado,10283,TIN_000173,20173,40173,50173,Cliente_003,CLI003,Producto_006,Configuracion_006,30006,Fitosanitario 150 Gy,0.22,2,2,SYS_002512,TAG_002512,6,MODE_B - Config demo,0.11,2,2,0.11,0.025,8.0,1.818,7:51:00 a.m.,8:44:00 a.m.,00:53:00,,Operador_05
10-ago-27,Operador_03,Completado,10283,TIN_000173,20173,40173,50173,Cliente_003,CLI003,Producto_006,Configuracion_006,30006,Fitosanitario 150 Gy,0.22,3,3,SYS_002513,TAG_002513,6,MODE_B - Config demo,0.11,2,2,0.11,0.025,8.0,1.818,7:51:00 a.m.,8:44:00 a.m.,00:53:00,,Operador_05
10-ago-27,Operador_04,Completado,10283,TIN_000173,20173,40173,50173,Cliente_003,CLI003,Producto_006,Configuracion_006,30006,Fitosanitario 150 Gy,0.22,4,4,SYS_002514,TAG_002514,6,MODE_B - Config demo,0.11,2,2,0.11,0.025,8.0,1.818,7:51:00 a.m.,8:44:00 a.m.,00:53:00,,Operador_05
10-ago-27,Operador_02,Completado,10283,TIN_000173,20173,40173,50173,Cliente_003,CLI003,Producto_006,Configuracion_006,30006,Fitosanitario 150 Gy,0.22,5,5,SYS_002515,TAG_002515,6,MODE_B - Config demo,0.11,2,2,0.11,0.025,8.0,1.818,7:51:00 a.m.,8:44:00 a.m.,00:53:00,,Operador_02
10-ago-27,Operador_04,Completado,10283,TIN_000173,20173,40173,50173,Cliente_003,CLI003,Producto_006,Configuracion_006,30006,Fitosanitario 150 Gy,0.22,6,6,SYS_002516,TAG_002516,6,MODE_B - Config demo,0.11,2,2,0.11,0.025,8.0,1.818,7:51:00 a.m.,8:44:00 a.m.,00:53:00,,Operador_05
16-ago-27,Operador_01,Completado,10284,TIN_000174,20174,40174,50174,Cliente_006,CLI006,Producto_002,Configuracion_007,30007,Fitosanitario 150 Gy,0.35,1,1,SYS_002517,TAG_002517,18,MODE_B - Config demo,0.35,2,1,0.35,0.025,8.0,0.571,8:26:00 a.m.,9:20:00 a.m.,00:54:00,Desviacion_demo_10284,Operador_03
16-ago-27,Operador_02,Completado,10284,TIN_000174,20174,40174,50174,Cliente_006,CLI006,Producto_002,Configuracion_007,30007,Fitosanitario 150 Gy,0.35,2,2,SYS_002518,TAG_002518,18,MODE_B - Config demo,0.35,2,1,0.35,0.025,8.0,0.571,8:26:00 a.m.,9:20:00 a.m.,00:54:00,Desviacion_demo_10284,Operador_01
16-ago-27,Operador_05,Completado,10284,TIN_000174,20174,40174,50174,Cliente_006,CLI006,Producto_002,Configuracion_007,30007,Fitosanitario 150 Gy,0.35,3,3,SYS_002519,TAG_002519,18,MODE_B - Config demo,0.35,2,1,0.35,0.025,8.0,0.571,8:26:00 a.m.,9:20:00 a.m.,00:54:00,Desviacion_demo_10284,Operador_03
16-ago-27,Operador_03,Completado,10284,TIN_000174,20174,40174,50174,Cliente_006,CLI006,Producto_002,Configuracion_007,30007,Fitosanitario 150 Gy,0.35,4,4,SYS_002520,TAG_002520,18,MODE_B - Config demo,0.35,2,1,0.35,0.025,8.0,0.571,8:26:00 a.m.,9:20:00 a.m.,00:54:00,Desviacion_demo_10284,Operador_04
16-ago-27,Operador_04,Completado,10284,TIN_000174,20174,40174,50174,Cliente_006,CLI006,Producto_002,Configuracion_007,30007,Fitosanitario 150 Gy,0.35,5,5,SYS_002521,TAG_002521,18,MODE_B - Config demo,0.35,2,1,0.35,0.025,8.0,0.571,8:26:00 a.m.,9:20:00 a.m.,00:54:00,Desviacion_demo_10284,Operador_02
16-ago-27,Operador_01,Completado,10284,TIN_000174,20174,40174,50174,Cliente_006,CLI006,Producto_002,Configuracion_007,30007,Fitosanitario 150 Gy,0.35,6,6,SYS_002522,TAG_002522,18,MODE_B - Config demo,0.35,2,1,0.35,0.025,8.0,0.571,8:26:00 a.m.,9:20:00 a.m.,00:54:00,Desviacion_demo_10284,Operador_03
16-ago-27,Operador_05,Completado,10285,TIN_000174,20174,40174,50174,Cliente_006,CLI006,Producto_002,Configuracion_007,30007,Fitosanitario 150 Gy,0.35,7,1,SYS_002523,TAG_002523,18,MODE_B - Config demo,0.175,2,2,0.175,0.025,8.0,1.143,6:52:00 p.m.,7:50:00 p.m.,00:58:00,,Operador_04
16-ago-27,Operador_03,Completado,10285,TIN_000174,20174,40174,50174,Cliente_006,CLI006,Producto_002,Configuracion_007,30007,Fitosanitario 150 Gy,0.35,8,2,SYS_002524,TAG_002524,18,MODE_B - Config demo,0.175,2,2,0.175,0.025,8.0,1.143,6:52:00 p.m.,7:50:00 p.m.,00:58:00,,Operador_01
16-ago-27,Operador_04,Completado,10285,TIN_000174,20174,40174,50174,Cliente_006,CLI006,Producto_002,Configuracion_007,30007,Fitosanitario 150 Gy,0.35,9,3,SYS_002525,TAG_002525,18,MODE_B - Config demo,0.175,2,2,0.175,0.025,8.0,1.143,6:52:00 p.m.,7:50:00 p.m.,00:58:00,,Operador_01
16-ago-27,Operador_05,Completado,10285,TIN_000174,20174,40174,50174,Cliente_006,CLI006,Producto_002,Configuracion_007,30007,Fitosanitario 150 Gy,0.35,10,4,SYS_002526,TAG_002526,18,MODE_B - Config demo,0.175,2,2,0.175,0.025,8.0,1.143,6:52:00 p.m.,7:50:00 p.m.,00:58:00,,Operador_04
16-ago-27,Operador_02,Completado,10285,TIN_000174,20174,40174,50174,Cliente_006,CLI006,Producto_002,Configuracion_007,30007,Fitosanitario 150 Gy,0.35,11,5,SYS_002527,TAG_002527,18,MODE_B - Config demo,0.175,2,2,0.175,0.025,8.0,1.143,6:52:00 p.m.,7:50:00 p.m.,00:58:00,,Operador_01
16-ago-27,Operador_05,Completado,10285,TIN_000174,20174,40174,50174,Cliente_006,CLI006,Producto_002,Configuracion_007,30007,Fitosanitario 150 Gy,0.35,12,6,SYS_002528,TAG_002528,18,MODE_B - Config demo,0.175,2,2,0.175,0.025,8.0,1.143,6:52:00 p.m.,7:50:00 p.m.,00:58:00,,Operador_05
16-ago-27,Operador_02,Completado,10286,TIN_000174,20174,40174,50174,Cliente_006,CLI006,Producto_002,Configuracion_007,30007,Fitosanitario 150 Gy,0.35,13,1,SYS_002529,TAG_002529,18,MODE_B - Config demo,0.175,2,2,0.175,0.025,8.0,1.143,4:36:00 p.m.,5:29:00 p.m.,00:53:00,,Operador_01
16-ago-27,Operador_04,Completado,10286,TIN_000174,20174,40174,50174,Cliente_006,CLI006,Producto_002,Configuracion_007,30007,Fitosanitario 150 Gy,0.35,14,2,SYS_002530,TAG_002530,18,MODE_B - Config demo,0.175,2,2,0.175,0.025,8.0,1.143,4:36:00 p.m.,5:29:00 p.m.,00:53:00,,Operador_01
16-ago-27,Operador_02,Completado,10286,TIN_000174,20174,40174,50174,Cliente_006,CLI006,Producto_002,Configuracion_007,30007,Fitosanitario 150 Gy,0.35,15,3,SYS_002531,TAG_002531,18,MODE_B - Config demo,0.175,2,2,0.175,0.025,8.0,1.143,4:36:00 p.m.,5:29:00 p.m.,00:53:00,,Operador_04
16-ago-27,Operador_03,Completado,10286,TIN_000174,20174,40174,50174,Cliente_006,CLI006,Producto_002,Configuracion_007,30007,Fitosanitario 150 Gy,0.35,16,4,SYS_002532,TAG_002532,18,MODE_B - Config demo,0.175,2,2,0.175,0.025,8.0,1.143,4:36:00 p.m.,5:29:00 p.m.,00:53:00,,Operador_03
16-ago-27,Operador_05,Completado,10286,TIN_000174,20174,40174,50174,Cliente_006,CLI006,Producto_002,Configuracion_007,30007,Fitosanitario 150 Gy,0.35,17,5,SYS_002533,TAG_002533,18,MODE_B - Config demo,0.175,2,2,0.175,0.025,8.0,1.143,4:36:00 p.m.,5:29:00 p.m.,00:53:00,,Operador_03
16-ago-27,Operador_04,Completado,10286,TIN_000174,20174,40174,50174,Cliente_006,CLI006,Producto_002,Configuracion_007,30007,Fitosanitario 150 Gy,0.35,18,6,SYS_002534,TAG_002534,18,MODE_B - Config demo,0.175,2,2,0.175,0.025,8.0,1.143,4:36:00 p.m.,5:29:00 p.m.,00:53:00,,Operador_04
14-ago-27,Operador_05,Completado,10287,TIN_000175,20175,40175,50175,Cliente_006,CLI006,Producto_007,Configuracion_008,30008,Fitosanitario 400 Gy,0.65,1,1,SYS_002535,TAG_002535,8,MODE_B - Config demo,0.65,2,1,0.65,0.025,8.0,0.308,10:54:00 a.m.,11:56:00 a.m.,01:02:00,,Operador_03
14-ago-27,Operador_02,Completado,10287,TIN_000175,20175,40175,50175,Cliente_006,CLI006,Producto_007,Configuracion_008,30008,Fitosanitario 400 Gy,0.65,2,2,SYS_002536,TAG_002536,8,MODE_B - Config demo,0.65,2,1,0.65,0.025,8.0,0.308,10:54:00 a.m.,11:56:00 a.m.,01:02:00,,Operador_01
14-ago-27,Operador_04,Completado,10287,TIN_000175,20175,40175,50175,Cliente_006,CLI006,Producto_007,Configuracion_008,30008,Fitosanitario 400 Gy,0.65,3,3,SYS_002537,TAG_002537,8,MODE_B - Config demo,0.65,2,1,0.65,0.025,8.0,0.308,10:54:00 a.m.,11:56:00 a.m.,01:02:00,,Operador_02
14-ago-27,Operador_01,Completado,10287,TIN_000175,20175,40175,50175,Cliente_006,CLI006,Producto_007,Configuracion_008,30008,Fitosanitario 400 Gy,0.65,4,4,SYS_002538,TAG_002538,8,MODE_B - Config demo,0.65,2,1,0.65,0.025,8.0,0.308,10:54:00 a.m.,11:56:00 a.m.,01:02:00,,Operador_03
14-ago-27,Operador_03,Completado,10287,TIN_000175,20175,40175,50175,Cliente_006,CLI006,Producto_007,Configuracion_008,30008,Fitosanitario 400 Gy,0.65,5,5,SYS_002539,TAG_002539,8,MODE_B - Config demo,0.65,2,1,0.65,0.025,8.0,0.308,10:54:00 a.m.,11:56:00 a.m.,01:02:00,,Operador_04
14-ago-27,Operador_05,Completado,10287,TIN_000175,20175,40175,50175,Cliente_006,CLI006,Producto_007,Configuracion_008,30008,Fitosanitario 400 Gy,0.65,6,6,SYS_002540,TAG_002540,8,MODE_B - Config demo,0.65,2,1,0.65,0.025,8.0,0.308,10:54:00 a.m.,11:56:00 a.m.,01:02:00,,Operador_05
14-ago-27,Operador_05,Completado,10287,TIN_000175,20175,40175,50175,Cliente_006,CLI006,Producto_007,Configuracion_008,30008,Fitosanitario 400 Gy,0.65,7,7,SYS_002541,TAG_002541,8,MODE_B - Config demo,0.65,2,1,0.65,0.025,8.0,0.308,10:54:00 a.m.,11:56:00 a.m.,01:02:00,,Operador_05
14-ago-27,Operador_05,Completado,10287,TIN_000175,20175,40175,50175,Cliente_006,CLI006,Producto_007,Configuracion_008,30008,Fitosanitario 400 Gy,0.65,8,8,SYS_002542,TAG_002542,8,MODE_B - Config demo,0.65,2,1,0.65,0.025,8.0,0.308,10:54:00 a.m.,11:56:00 a.m.,01:02:00,,Operador_04
19-ago-27,Operador_01,Completado,10288,TIN_000176,20176,40176,50176,Cliente_018,CLI018,Producto_003,Configuracion_001,30001,Fitosanitario 400 Gy,0.55,1,1,SYS_002543,TAG_002543,20,MODE_A - Config demo,0.55,2,1,0.55,2.5,2.4,10.909,10:39:00 a.m.,11:51:00 a.m.,01:12:00,,Operador_02
19-ago-27,Operador_01,Completado,10288,TIN_000176,20176,40176,50176,Cliente_018,CLI018,Producto_003,Configuracion_001,30001,Fitosanitario 400 Gy,0.55,2,2,SYS_002544,TAG_002544,20,MODE_A - Config demo,0.55,2,1,0.55,2.5,2.4,10.909,10:39:00 a.m.,11:51:00 a.m.,01:12:00,,Operador_05
19-ago-27,Operador_05,Completado,10288,TIN_000176,20176,40176,50176,Cliente_018,CLI018,Producto_003,Configuracion_001,30001,Fitosanitario 400 Gy,0.55,3,3,SYS_002545,TAG_002545,20,MODE_A - Config demo,0.55,2,1,0.55,2.5,2.4,10.909,10:39:00 a.m.,11:51:00 a.m.,01:12:00,,Operador_04
19-ago-27,Operador_02,Completado,10288,TIN_000176,20176,40176,50176,Cliente_018,CLI018,Producto_003,Configuracion_001,30001,Fitosanitario 400 Gy,0.55,4,4,SYS_002546,TAG_002546,20,MODE_A - Config demo,0.55,2,1,0.55,2.5,2.4,10.909,10:39:00 a.m.,11:51:00 a.m.,01:12:00,,Operador_03
19-ago-27,Operador_01,Completado,10288,TIN_000176,20176,40176,50176,Cliente_018,CLI018,Producto_003,Configuracion_001,30001,Fitosanitario 400 Gy,0.55,5,5,SYS_002547,TAG_002547,20,MODE_A - Config demo,0.55,2,1,0.55,2.5,2.4,10.909,10:39:00 a.m.,11:51:00 a.m.,01:12:00,,Operador_05
19-ago-27,Operador_01,Completado,10288,TIN_000176,20176,40176,50176,Cliente_018,CLI018,Producto_003,Configuracion_001,30001,Fitosanitario 400 Gy,0.55,6,6,SYS_002548,TAG_002548,20,MODE_A - Config demo,0.55,2,1,0.55,2.5,2.4,10.909,10:39:00 a.m.,11:51:00 a.m.,01:12:00,,Operador_04
19-ago-27,Operador_03,Completado,10288,TIN_000176,20176,40176,50176,Cliente_018,CLI018,Producto_003,Configuracion_001,30001,Fitosanitario 400 Gy,0.55,7,7,SYS_002549,TAG_002549,20,MODE_A - Config demo,0.55,2,1,0.55,2.5,2.4,10.909,10:39:00 a.m.,11:51:00 a.m.,01:12:00,,Operador_03
19-ago-27,Operador_01,Completado,10288,TIN_000176,20176,40176,50176,Cliente_018,CLI018,Producto_003,Configuracion_001,30001,Fitosanitario 400 Gy,0.55,8,8,SYS_002550,TAG_002550,20,MODE_A - Config demo,0.55,2,1,0.55,2.5,2.4,10.909,10:39:00 a.m.,11:51:00 a.m.,01:12:00,,Operador_02
19-ago-27,Operador_05,Completado,10288,TIN_000176,20176,40176,50176,Cliente_018,CLI018,Producto_003,Configuracion_001,30001,Fitosanitario 400 Gy,0.55,9,9,SYS_002551,TAG_002551,20,MODE_A - Config demo,0.55,2,1,0.55,2.5,2.4,10.909,10:39:00 a.m.,11:51:00 a.m.,01:12:00,,Operador_05
19-ago-27,Operador_03,Completado,10288,TIN_000176,20176,40176,50176,Cliente_018,CLI018,Producto_003,Configuracion_001,30001,Fitosanitario 400 Gy,0.55,10,10,SYS_002552,TAG_002552,20,MODE_A - Config demo,0.55,2,1,0.55,2.5,2.4,10.909,10:39:00 a.m.,11:51:00 a.m.,01:12:00,,Operador_03
19-ago-27,Operador_02,Completado,10289,TIN_000176,20176,40176,50176,Cliente_018,CLI018,Producto_003,Configuracion_001,30001,Fitosanitario 400 Gy,0.55,11,1,SYS_002553,TAG_002553,20,MODE_A - Config demo,0.55,2,1,0.55,2.5,2.4,10.909,11:56:00 a.m.,1:10:00 p.m.,01:14:00,,Operador_01
19-ago-27,Operador_05,Completado,10289,TIN_000176,20176,40176,50176,Cliente_018,CLI018,Producto_003,Configuracion_001,30001,Fitosanitario 400 Gy,0.55,12,2,SYS_002554,TAG_002554,20,MODE_A - Config demo,0.55,2,1,0.55,2.5,2.4,10.909,11:56:00 a.m.,1:10:00 p.m.,01:14:00,,Operador_04
19-ago-27,Operador_01,Completado,10289,TIN_000176,20176,40176,50176,Cliente_018,CLI018,Producto_003,Configuracion_001,30001,Fitosanitario 400 Gy,0.55,13,3,SYS_002555,TAG_002555,20,MODE_A - Config demo,0.55,2,1,0.55,2.5,2.4,10.909,11:56:00 a.m.,1:10:00 p.m.,01:14:00,,Operador_03
19-ago-27,Operador_04,Completado,10289,TIN_000176,20176,40176,50176,Cliente_018,CLI018,Producto_003,Configuracion_001,30001,Fitosanitario 400 Gy,0.55,14,4,SYS_002556,TAG_002556,20,MODE_A - Config demo,0.55,2,1,0.55,2.5,2.4,10.909,11:56:00 a.m.,1:10:00 p.m.,01:14:00,,Operador_01
19-ago-27,Operador_05,Completado,10289,TIN_000176,20176,40176,50176,Cliente_018,CLI018,Producto_003,Configuracion_001,30001,Fitosanitario 400 Gy,0.55,15,5,SYS_002557,TAG_002557,20,MODE_A - Config demo,0.55,2,1,0.55,2.5,2.4,10.909,11:56:00 a.m.,1:10:00 p.m.,01:14:00,,Operador_01
19-ago-27,Operador_03,Completado,10289,TIN_000176,20176,40176,50176,Cliente_018,CLI018,Producto_003,Configuracion_001,30001,Fitosanitario 400 Gy,0.55,16,6,SYS_002558,TAG_002558,20,MODE_A - Config demo,0.55,2,1,0.55,2.5,2.4,10.909,11:56:00 a.m.,1:10:00 p.m.,01:14:00,,Operador_01
19-ago-27,Operador_01,Completado,10289,TIN_000176,20176,40176,50176,Cliente_018,CLI018,Producto_003,Configuracion_001,30001,Fitosanitario 400 Gy,0.55,17,7,SYS_002559,TAG_002559,20,MODE_A - Config demo,0.55,2,1,0.55,2.5,2.4,10.909,11:56:00 a.m.,1:10:00 p.m.,01:14:00,,Operador_04
19-ago-27,Operador_01,Completado,10289,TIN_000176,20176,40176,50176,Cliente_018,CLI018,Producto_003,Configuracion_001,30001,Fitosanitario 400 Gy,0.55,18,8,SYS_002560,TAG_002560,20,MODE_A - Config demo,0.55,2,1,0.55,2.5,2.4,10.909,11:56:00 a.m.,1:10:00 p.m.,01:14:00,,Operador_05
19-ago-27,Operador_01,Completado,10289,TIN_000176,20176,40176,50176,Cliente_018,CLI018,Producto_003,Configuracion_001,30001,Fitosanitario 400 Gy,0.55,19,9,SYS_002561,TAG_002561,20,MODE_A - Config demo,0.55,2,1,0.55,2.5,2.4,10.909,11:56:00 a.m.,1:10:00 p.m.,01:14:00,,Operador_04
19-ago-27,Operador_02,Completado,10289,TIN_000176,20176,40176,50176,Cliente_018,CLI018,Producto_003,Configuracion_001,30001,Fitosanitario 400 Gy,0.55,20,10,SYS_002562,TAG_002562,20,MODE_A - Config demo,0.55,2,1,0.55,2.5,2.4,10.909,11:56:00 a.m.,1:10:00 p.m.,01:14:00,,Operador_04
19-ago-27,Operador_05,Completado,10290,TIN_000177,20177,40177,50177,Cliente_018,CLI018,Producto_007,Configuracion_002,30002,Desbacterizacion (Chiles secos),3.0,1,1,SYS_002563,TAG_002563,24,MODE_A - Config demo,3.0,2,1,3.0,2.5,2.4,2.0,6:16:00 p.m.,7:33:00 p.m.,01:17:00,,Operador_02
19-ago-27,Operador_02,Completado,10290,TIN_000177,20177,40177,50177,Cliente_018,CLI018,Producto_007,Configuracion_002,30002,Desbacterizacion (Chiles secos),3.0,2,2,SYS_002564,TAG_002564,24,MODE_A - Config demo,3.0,2,1,3.0,2.5,2.4,2.0,6:16:00 p.m.,7:33:00 p.m.,01:17:00,,Operador_05
19-ago-27,Operador_04,Completado,10290,TIN_000177,20177,40177,50177,Cliente_018,CLI018,Producto_007,Configuracion_002,30002,Desbacterizacion (Chiles secos),3.0,3,3,SYS_002565,TAG_002565,24,MODE_A - Config demo,3.0,2,1,3.0,2.5,2.4,2.0,6:16:00 p.m.,7:33:00 p.m.,01:17:00,,Operador_05
19-ago-27,Operador_05,Completado,10290,TIN_000177,20177,40177,50177,Cliente_018,CLI018,Producto_007,Configuracion_002,30002,Desbacterizacion (Chiles secos),3.0,4,4,SYS_002566,TAG_002566,24,MODE_A - Config demo,3.0,2,1,3.0,2.5,2.4,2.0,6:16:00 p.m.,7:33:00 p.m.,01:17:00,,Operador_05
19-ago-27,Operador_05,Completado,10290,TIN_000177,20177,40177,50177,Cliente_018,CLI018,Producto_007,Configuracion_002,30002,Desbacterizacion (Chiles secos),3.0,5,5,SYS_002567,TAG_002567,24,MODE_A - Config demo,3.0,2,1,3.0,2.5,2.4,2.0,6:16:00 p.m.,7:33:00 p.m.,01:17:00,,Operador_04
19-ago-27,Operador_05,Completado,10290,TIN_000177,20177,40177,50177,Cliente_018,CLI018,Producto_007,Configuracion_002,30002,Desbacterizacion (Chiles secos),3.0,6,6,SYS_002568,TAG_002568,24,MODE_A - Config demo,3.0,2,1,3.0,2.5,2.4,2.0,6:16:00 p.m.,7:33:00 p.m.,01:17:00,,Operador_02
19-ago-27,Operador_03,Completado,10290,TIN_000177,20177,40177,50177,Cliente_018,CLI018,Producto_007,Configuracion_002,30002,Desbacterizacion (Chiles secos),3.0,7,7,SYS_002569,TAG_002569,24,MODE_A - Config demo,3.0,2,1,3.0,2.5,2.4,2.0,6:16:00 p.m.,7:33:00 p.m.,01:17:00,,Operador_03
19-ago-27,Operador_02,Completado,10290,TIN_000177,20177,40177,50177,Cliente_018,CLI018,Producto_007,Configuracion_002,30002,Desbacterizacion (Chiles secos),3.0,8,8,SYS_002570,TAG_002570,24,MODE_A - Config demo,3.0,2,1,3.0,2.5,2.4,2.0,6:16:00 p.m.,7:33:00 p.m.,01:17:00,,Operador_02
19-ago-27,Operador_05,Completado,10290,TIN_000177,20177,40177,50177,Cliente_018,CLI018,Producto_007,Configuracion_002,30002,Desbacterizacion (Chiles secos),3.0,9,9,SYS_002571,TAG_002571,24,MODE_A - Config demo,3.0,2,1,3.0,2.5,2.4,2.0,6:16:00 p.m.,7:33:00 p.m.,01:17:00,,Operador_02
19-ago-27,Operador_01,Completado,10290,TIN_000177,20177,40177,50177,Cliente_018,CLI018,Producto_007,Configuracion_002,30002,Desbacterizacion (Chiles secos),3.0,10,10,SYS_002572,TAG_002572,24,MODE_A - Config demo,3.0,2,1,3.0,2.5,2.4,2.0,6:16:00 p.m.,7:33:00 p.m.,01:17:00,,Operador_03
19-ago-27,Operador_02,Completado,10290,TIN_000177,20177,40177,50177,Cliente_018,CLI018,Producto_007,Configuracion_002,30002,Desbacterizacion (Chiles secos),3.0,11,11,SYS_002573,TAG_002573,24,MODE_A - Config demo,3.0,2,1,3.0,2.5,2.4,2.0,6:16:00 p.m.,7:33:00 p.m.,01:17:00,,Operador_05
19-ago-27,Operador_04,Completado,10290,TIN_000177,20177,40177,50177,Cliente_018,CLI018,Producto_007,Configuracion_002,30002,Desbacterizacion (Chiles secos),3.0,12,12,SYS_002574,TAG_002574,24,MODE_A - Config demo,3.0,2,1,3.0,2.5,2.4,2.0,6:16:00 p.m.,7:33:00 p.m.,01:17:00,,Operador_03
19-ago-27,Operador_02,Completado,10291,TIN_000177,20177,40177,50177,Cliente_018,CLI018,Producto_007,Configuracion_002,30002,Desbacterizacion (Chiles secos),3.0,13,1,SYS_002575,TAG_002575,24,MODE_A - Config demo,3.0,2,1,3.0,2.5,2.4,2.0,9:38:00 a.m.,10:51:00 a.m.,01:13:00,Desviacion_demo_10291,Operador_02
19-ago-27,Operador_04,Completado,10291,TIN_000177,20177,40177,50177,Cliente_018,CLI018,Producto_007,Configuracion_002,30002,Desbacterizacion (Chiles secos),3.0,14,2,SYS_002576,TAG_002576,24,MODE_A - Config demo,3.0,2,1,3.0,2.5,2.4,2.0,9:38:00 a.m.,10:51:00 a.m.,01:13:00,Desviacion_demo_10291,Operador_05
19-ago-27,Operador_02,Completado,10291,TIN_000177,20177,40177,50177,Cliente_018,CLI018,Producto_007,Configuracion_002,30002,Desbacterizacion (Chiles secos),3.0,15,3,SYS_002577,TAG_002577,24,MODE_A - Config demo,3.0,2,1,3.0,2.5,2.4,2.0,9:38:00 a.m.,10:51:00 a.m.,01:13:00,Desviacion_demo_10291,Operador_04
19-ago-27,Operador_02,Completado,10291,TIN_000177,20177,40177,50177,Cliente_018,CLI018,Producto_007,Configuracion_002,30002,Desbacterizacion (Chiles secos),3.0,16,4,SYS_002578,TAG_002578,24,MODE_A - Config demo,3.0,2,1,3.0,2.5,2.4,2.0,9:38:00 a.m.,10:51:00 a.m.,01:13:00,Desviacion_demo_10291,Operador_01
19-ago-27,Operador_03,Completado,10291,TIN_000177,20177,40177,50177,Cliente_018,CLI018,Producto_007,Configuracion_002,30002,Desbacterizacion (Chiles secos),3.0,17,5,SYS_002579,TAG_002579,24,MODE_A - Config demo,3.0,2,1,3.0,2.5,2.4,2.0,9:38:00 a.m.,10:51:00 a.m.,01:13:00,Desviacion_demo_10291,Operador_02
19-ago-27,Operador_01,Completado,10291,TIN_000177,20177,40177,50177,Cliente_018,CLI018,Producto_007,Configuracion_002,30002,Desbacterizacion (Chiles secos),3.0,18,6,SYS_002580,TAG_002580,24,MODE_A - Config demo,3.0,2,1,3.0,2.5,2.4,2.0,9:38:00 a.m.,10:51:00 a.m.,01:13:00,Desviacion_demo_10291,Operador_02
19-ago-27,Operador_02,Completado,10291,TIN_000177,20177,40177,50177,Cliente_018,CLI018,Producto_007,Configuracion_002,30002,Desbacterizacion (Chiles secos),3.0,19,7,SYS_002581,TAG_002581,24,MODE_A - Config demo,3.0,2,1,3.0,2.5,2.4,2.0,9:38:00 a.m.,10:51:00 a.m.,01:13:00,Desviacion_demo_10291,Operador_02
19-ago-27,Operador_03,Completado,10291,TIN_000177,20177,40177,50177,Cliente_018,CLI018,Producto_007,Configuracion_002,30002,Desbacterizacion (Chiles secos),3.0,20,8,SYS_002582,TAG_002582,24,MODE_A - Config demo,3.0,2,1,3.0,2.5,2.4,2.0,9:38:00 a.m.,10:51:00 a.m.,01:13:00,Desviacion_demo_10291,Operador_05
19-ago-27,Operador_05,Completado,10291,TIN_000177,20177,40177,50177,Cliente_018,CLI018,Producto_007,Configuracion_002,30002,Desbacterizacion (Chiles secos),3.0,21,9,SYS_002583,TAG_002583,24,MODE_A - Config demo,3.0,2,1,3.0,2.5,2.4,2.0,9:38:00 a.m.,10:51:00 a.m.,01:13:00,Desviacion_demo_10291,Operador_03
19-ago-27,Operador_02,Completado,10291,TIN_000177,20177,40177,50177,Cliente_018,CLI018,Producto_007,Configuracion_002,30002,Desbacterizacion (Chiles secos),3.0,22,10,SYS_002584,TAG_002584,24,MODE_A - Config demo,3.0,2,1,3.0,2.5,2.4,2.0,9:38:00 a.m.,10:51:00 a.m.,01:13:00,Desviacion_demo_10291,Operador_01
19-ago-27,Operador_03,Completado,10291,TIN_000177,20177,40177,50177,Cliente_018,CLI018,Producto_007,Configuracion_002,30002,Desbacterizacion (Chiles secos),3.0,23,11,SYS_002585,TAG_002585,24,MODE_A - Config demo,3.0,2,1,3.0,2.5,2.4,2.0,9:38:00 a.m.,10:51:00 a.m.,01:13:00,Desviacion_demo_10291,Operador_04
19-ago-27,Operador_03,Completado,10291,TIN_000177,20177,40177,50177,Cliente_018,CLI018,Producto_007,Configuracion_002,30002,Desbacterizacion (Chiles secos),3.0,24,12,SYS_002586,TAG_002586,24,MODE_A - Config demo,3.0,2,1,3.0,2.5,2.4,2.0,9:38:00 a.m.,10:51:00 a.m.,01:13:00,Desviacion_demo_10291,Operador_01
07-ago-27,Operador_03,Completado,10292,TIN_000178,20178,40178,50178,Cliente_011,CLI011,Producto_013,Configuracion_003,30003,Fitosanitario 400 Gy,0.65,1,1,SYS_002587,TAG_002587,22,MODE_B - Config demo,0.65,2,1,0.65,0.025,8.0,0.308,5:50:00 p.m.,6:53:00 p.m.,01:03:00,,Operador_04
07-ago-27,Operador_01,Completado,10292,TIN_000178,20178,40178,50178,Cliente_011,CLI011,Producto_013,Configuracion_003,30003,Fitosanitario 400 Gy,0.65,2,2,SYS_002588,TAG_002588,22,MODE_B - Config demo,0.65,2,1,0.65,0.025,8.0,0.308,5:50:00 p.m.,6:53:00 p.m.,01:03:00,,Operador_03
07-ago-27,Operador_04,Completado,10292,TIN_000178,20178,40178,50178,Cliente_011,CLI011,Producto_013,Configuracion_003,30003,Fitosanitario 400 Gy,0.65,3,3,SYS_002589,TAG_002589,22,MODE_B - Config demo,0.65,2,1,0.65,0.025,8.0,0.308,5:50:00 p.m.,6:53:00 p.m.,01:03:00,,Operador_03
07-ago-27,Operador_05,Completado,10292,TIN_000178,20178,40178,50178,Cliente_011,CLI011,Producto_013,Configuracion_003,30003,Fitosanitario 400 Gy,0.65,4,4,SYS_002590,TAG_002590,22,MODE_B - Config demo,0.65,2,1,0.65,0.025,8.0,0.308,5:50:00 p.m.,6:53:00 p.m.,01:03:00,,Operador_03
07-ago-27,Operador_03,Completado,10292,TIN_000178,20178,40178,50178,Cliente_011,CLI011,Producto_013,Configuracion_003,30003,Fitosanitario 400 Gy,0.65,5,5,SYS_002591,TAG_002591,22,MODE_B - Config demo,0.65,2,1,0.65,0.025,8.0,0.308,5:50:00 p.m.,6:53:00 p.m.,01:03:00,,Operador_02
07-ago-27,Operador_04,Completado,10292,TIN_000178,20178,40178,50178,Cliente_011,CLI011,Producto_013,Configuracion_003,30003,Fitosanitario 400 Gy,0.65,6,6,SYS_002592,TAG_002592,22,MODE_B - Config demo,0.65,2,1,0.65,0.025,8.0,0.308,5:50:00 p.m.,6:53:00 p.m.,01:03:00,,Operador_03
07-ago-27,Operador_04,Completado,10292,TIN_000178,20178,40178,50178,Cliente_011,CLI011,Producto_013,Configuracion_003,30003,Fitosanitario 400 Gy,0.65,7,7,SYS_002593,TAG_002593,22,MODE_B - Config demo,0.65,2,1,0.65,0.025,8.0,0.308,5:50:00 p.m.,6:53:00 p.m.,01:03:00,,Operador_04
07-ago-27,Operador_02,Completado,10292,TIN_000178,20178,40178,50178,Cliente_011,CLI011,Producto_013,Configuracion_003,30003,Fitosanitario 400 Gy,0.65,8,8,SYS_002594,TAG_002594,22,MODE_B - Config demo,0.65,2,1,0.65,0.025,8.0,0.308,5:50:00 p.m.,6:53:00 p.m.,01:03:00,,Operador_02
07-ago-27,Operador_02,Completado,10292,TIN_000178,20178,40178,50178,Cliente_011,CLI011,Producto_013,Configuracion_003,30003,Fitosanitario 400 Gy,0.65,9,9,SYS_002595,TAG_002595,22,MODE_B - Config demo,0.65,2,1,0.65,0.025,8.0,0.308,5:50:00 p.m.,6:53:00 p.m.,01:03:00,,Operador_02
07-ago-27,Operador_05,Completado,10292,TIN_000178,20178,40178,50178,Cliente_011,CLI011,Producto_013,Configuracion_003,30003,Fitosanitario 400 Gy,0.65,10,10,SYS_002596,TAG_002596,22,MODE_B - Config demo,0.65,2,1,0.65,0.025,8.0,0.308,5:50:00 p.m.,6:53:00 p.m.,01:03:00,,Operador_02
07-ago-27,Operador_01,Completado,10292,TIN_000178,20178,40178,50178,Cliente_011,CLI011,Producto_013,Configuracion_003,30003,Fitosanitario 400 Gy,0.65,11,11,SYS_002597,TAG_002597,22,MODE_B - Config demo,0.65,2,1,0.65,0.025,8.0,0.308,5:50:00 p.m.,6:53:00 p.m.,01:03:00,,Operador_05
07-ago-27,Operador_05,Completado,10293,TIN_000178,20178,40178,50178,Cliente_011,CLI011,Producto_013,Configuracion_003,30003,Fitosanitario 400 Gy,0.65,12,1,SYS_002598,TAG_002598,22,MODE_B - Config demo,0.65,2,1,0.65,0.025,8.0,0.308,8:34:00 a.m.,9:37:00 a.m.,01:03:00,Desviacion_demo_10293,Operador_03
07-ago-27,Operador_02,Completado,10293,TIN_000178,20178,40178,50178,Cliente_011,CLI011,Producto_013,Configuracion_003,30003,Fitosanitario 400 Gy,0.65,13,2,SYS_002599,TAG_002599,22,MODE_B - Config demo,0.65,2,1,0.65,0.025,8.0,0.308,8:34:00 a.m.,9:37:00 a.m.,01:03:00,Desviacion_demo_10293,Operador_02
07-ago-27,Operador_05,Completado,10293,TIN_000178,20178,40178,50178,Cliente_011,CLI011,Producto_013,Configuracion_003,30003,Fitosanitario 400 Gy,0.65,14,3,SYS_002600,TAG_002600,22,MODE_B - Config demo,0.65,2,1,0.65,0.025,8.0,0.308,8:34:00 a.m.,9:37:00 a.m.,01:03:00,Desviacion_demo_10293,Operador_01
07-ago-27,Operador_04,Completado,10293,TIN_000178,20178,40178,50178,Cliente_011,CLI011,Producto_013,Configuracion_003,30003,Fitosanitario 400 Gy,0.65,15,4,SYS_002601,TAG_002601,22,MODE_B - Config demo,0.65,2,1,0.65,0.025,8.0,0.308,8:34:00 a.m.,9:37:00 a.m.,01:03:00,Desviacion_demo_10293,Operador_04
07-ago-27,Operador_02,Completado,10293,TIN_000178,20178,40178,50178,Cliente_011,CLI011,Producto_013,Configuracion_003,30003,Fitosanitario 400 Gy,0.65,16,5,SYS_002602,TAG_002602,22,MODE_B - Config demo,0.65,2,1,0.65,0.025,8.0,0.308,8:34:00 a.m.,9:37:00 a.m.,01:03:00,Desviacion_demo_10293,Operador_03
07-ago-27,Operador_01,Completado,10293,TIN_000178,20178,40178,50178,Cliente_011,CLI011,Producto_013,Configuracion_003,30003,Fitosanitario 400 Gy,0.65,17,6,SYS_002603,TAG_002603,22,MODE_B - Config demo,0.65,2,1,0.65,0.025,8.0,0.308,8:34:00 a.m.,9:37:00 a.m.,01:03:00,Desviacion_demo_10293,Operador_03
07-ago-27,Operador_03,Completado,10293,TIN_000178,20178,40178,50178,Cliente_011,CLI011,Producto_013,Configuracion_003,30003,Fitosanitario 400 Gy,0.65,18,7,SYS_002604,TAG_002604,22,MODE_B - Config demo,0.65,2,1,0.65,0.025,8.0,0.308,8:34:00 a.m.,9:37:00 a.m.,01:03:00,Desviacion_demo_10293,Operador_03
07-ago-27,Operador_04,Completado,10293,TIN_000178,20178,40178,50178,Cliente_011,CLI011,Producto_013,Configuracion_003,30003,Fitosanitario 400 Gy,0.65,19,8,SYS_002605,TAG_002605,22,MODE_B - Config demo,0.65,2,1,0.65,0.025,8.0,0.308,8:34:00 a.m.,9:37:00 a.m.,01:03:00,Desviacion_demo_10293,Operador_05
07-ago-27,Operador_03,Completado,10293,TIN_000178,20178,40178,50178,Cliente_011,CLI011,Producto_013,Configuracion_003,30003,Fitosanitario 400 Gy,0.65,20,9,SYS_002606,TAG_002606,22,MODE_B - Config demo,0.65,2,1,0.65,0.025,8.0,0.308,8:34:00 a.m.,9:37:00 a.m.,01:03:00,Desviacion_demo_10293,Operador_05
07-ago-27,Operador_05,Completado,10293,TIN_000178,20178,40178,50178,Cliente_011,CLI011,Producto_013,Configuracion_003,30003,Fitosanitario 400 Gy,0.65,21,10,SYS_002607,TAG_002607,22,MODE_B - Config demo,0.65,2,1,0.65,0.025,8.0,0.308,8:34:00 a.m.,9:37:00 a.m.,01:03:00,Desviacion_demo_10293,Operador_02
07-ago-27,Operador_02,Completado,10293,TIN_000178,20178,40178,50178,Cliente_011,CLI011,Producto_013,Configuracion_003,30003,Fitosanitario 400 Gy,0.65,22,11,SYS_002608,TAG_002608,22,MODE_B - Config demo,0.65,2,1,0.65,0.025,8.0,0.308,8:34:00 a.m.,9:37:00 a.m.,01:03:00,Desviacion_demo_10293,Operador_03
29-ago-27,Operador_04,Completado,10294,TIN_000179,20179,40179,50179,Cliente_004,CLI004,Producto_013,Configuracion_004,30004,Fitosanitario 150 Gy,0.28,1,1,SYS_002609,TAG_002609,21,MODE_B - Config demo,0.28,2,1,0.28,0.025,8.0,0.714,2:14:00 p.m.,3:18:00 p.m.,01:04:00,,Operador_01
29-ago-27,Operador_04,Completado,10294,TIN_000179,20179,40179,50179,Cliente_004,CLI004,Producto_013,Configuracion_004,30004,Fitosanitario 150 Gy,0.28,2,2,SYS_002610,TAG_002610,21,MODE_B - Config demo,0.28,2,1,0.28,0.025,8.0,0.714,2:14:00 p.m.,3:18:00 p.m.,01:04:00,,Operador_03
29-ago-27,Operador_04,Completado,10294,TIN_000179,20179,40179,50179,Cliente_004,CLI004,Producto_013,Configuracion_004,30004,Fitosanitario 150 Gy,0.28,3,3,SYS_002611,TAG_002611,21,MODE_B - Config demo,0.28,2,1,0.28,0.025,8.0,0.714,2:14:00 p.m.,3:18:00 p.m.,01:04:00,,Operador_05
29-ago-27,Operador_03,Completado,10294,TIN_000179,20179,40179,50179,Cliente_004,CLI004,Producto_013,Configuracion_004,30004,Fitosanitario 150 Gy,0.28,4,4,SYS_002612,TAG_002612,21,MODE_B - Config demo,0.28,2,1,0.28,0.025,8.0,0.714,2:14:00 p.m.,3:18:00 p.m.,01:04:00,,Operador_01
29-ago-27,Operador_03,Completado,10294,TIN_000179,20179,40179,50179,Cliente_004,CLI004,Producto_013,Configuracion_004,30004,Fitosanitario 150 Gy,0.28,5,5,SYS_002613,TAG_002613,21,MODE_B - Config demo,0.28,2,1,0.28,0.025,8.0,0.714,2:14:00 p.m.,3:18:00 p.m.,01:04:00,,Operador_02
29-ago-27,Operador_03,Completado,10294,TIN_000179,20179,40179,50179,Cliente_004,CLI004,Producto_013,Configuracion_004,30004,Fitosanitario 150 Gy,0.28,6,6,SYS_002614,TAG_002614,21,MODE_B - Config demo,0.28,2,1,0.28,0.025,8.0,0.714,2:14:00 p.m.,3:18:00 p.m.,01:04:00,,Operador_02
29-ago-27,Operador_01,Completado,10294,TIN_000179,20179,40179,50179,Cliente_004,CLI004,Producto_013,Configuracion_004,30004,Fitosanitario 150 Gy,0.28,7,7,SYS_002615,TAG_002615,21,MODE_B - Config demo,0.28,2,1,0.28,0.025,8.0,0.714,2:14:00 p.m.,3:18:00 p.m.,01:04:00,,Operador_03
29-ago-27,Operador_02,Completado,10294,TIN_000179,20179,40179,50179,Cliente_004,CLI004,Producto_013,Configuracion_004,30004,Fitosanitario 150 Gy,0.28,8,8,SYS_002616,TAG_002616,21,MODE_B - Config demo,0.28,2,1,0.28,0.025,8.0,0.714,2:14:00 p.m.,3:18:00 p.m.,01:04:00,,Operador_01
29-ago-27,Operador_01,Completado,10294,TIN_000179,20179,40179,50179,Cliente_004,CLI004,Producto_013,Configuracion_004,30004,Fitosanitario 150 Gy,0.28,9,9,SYS_002617,TAG_002617,21,MODE_B - Config demo,0.28,2,1,0.28,0.025,8.0,0.714,2:14:00 p.m.,3:18:00 p.m.,01:04:00,,Operador_05
29-ago-27,Operador_05,Completado,10294,TIN_000179,20179,40179,50179,Cliente_004,CLI004,Producto_013,Configuracion_004,30004,Fitosanitario 150 Gy,0.28,10,10,SYS_002618,TAG_002618,21,MODE_B - Config demo,0.28,2,1,0.28,0.025,8.0,0.714,2:14:00 p.m.,3:18:00 p.m.,01:04:00,,Operador_04
29-ago-27,Operador_02,Completado,10294,TIN_000179,20179,40179,50179,Cliente_004,CLI004,Producto_013,Configuracion_004,30004,Fitosanitario 150 Gy,0.28,11,11,SYS_002619,TAG_002619,21,MODE_B - Config demo,0.28,2,1,0.28,0.025,8.0,0.714,2:14:00 p.m.,3:18:00 p.m.,01:04:00,,Operador_04
29-ago-27,Operador_05,Completado,10295,TIN_000179,20179,40179,50179,Cliente_004,CLI004,Producto_013,Configuracion_004,30004,Fitosanitario 150 Gy,0.28,12,1,SYS_002620,TAG_002620,21,MODE_B - Config demo,0.28,2,1,0.28,0.025,8.0,0.714,6:28:00 p.m.,7:32:00 p.m.,01:04:00,,Operador_05
29-ago-27,Operador_04,Completado,10295,TIN_000179,20179,40179,50179,Cliente_004,CLI004,Producto_013,Configuracion_004,30004,Fitosanitario 150 Gy,0.28,13,2,SYS_002621,TAG_002621,21,MODE_B - Config demo,0.28,2,1,0.28,0.025,8.0,0.714,6:28:00 p.m.,7:32:00 p.m.,01:04:00,,Operador_03
29-ago-27,Operador_04,Completado,10295,TIN_000179,20179,40179,50179,Cliente_004,CLI004,Producto_013,Configuracion_004,30004,Fitosanitario 150 Gy,0.28,14,3,SYS_002622,TAG_002622,21,MODE_B - Config demo,0.28,2,1,0.28,0.025,8.0,0.714,6:28:00 p.m.,7:32:00 p.m.,01:04:00,,Operador_01
29-ago-27,Operador_05,Completado,10295,TIN_000179,20179,40179,50179,Cliente_004,CLI004,Producto_013,Configuracion_004,30004,Fitosanitario 150 Gy,0.28,15,4,SYS_002623,TAG_002623,21,MODE_B - Config demo,0.28,2,1,0.28,0.025,8.0,0.714,6:28:00 p.m.,7:32:00 p.m.,01:04:00,,Operador_05
29-ago-27,Operador_02,Completado,10295,TIN_000179,20179,40179,50179,Cliente_004,CLI004,Producto_013,Configuracion_004,30004,Fitosanitario 150 Gy,0.28,16,5,SYS_002624,TAG_002624,21,MODE_B - Config demo,0.28,2,1,0.28,0.025,8.0,0.714,6:28:00 p.m.,7:32:00 p.m.,01:04:00,,Operador_01
29-ago-27,Operador_05,Completado,10295,TIN_000179,20179,40179,50179,Cliente_004,CLI004,Producto_013,Configuracion_004,30004,Fitosanitario 150 Gy,0.28,17,6,SYS_002625,TAG_002625,21,MODE_B - Config demo,0.28,2,1,0.28,0.025,8.0,0.714,6:28:00 p.m.,7:32:00 p.m.,01:04:00,,Operador_03
29-ago-27,Operador_02,Completado,10295,TIN_000179,20179,40179,50179,Cliente_004,CLI004,Producto_013,Configuracion_004,30004,Fitosanitario 150 Gy,0.28,18,7,SYS_002626,TAG_002626,21,MODE_B - Config demo,0.28,2,1,0.28,0.025,8.0,0.714,6:28:00 p.m.,7:32:00 p.m.,01:04:00,,Operador_05
29-ago-27,Operador_03,Completado,10295,TIN_000179,20179,40179,50179,Cliente_004,CLI004,Producto_013,Configuracion_004,30004,Fitosanitario 150 Gy,0.28,19,8,SYS_002627,TAG_002627,21,MODE_B - Config demo,0.28,2,1,0.28,0.025,8.0,0.714,6:28:00 p.m.,7:32:00 p.m.,01:04:00,,Operador_02
29-ago-27,Operador_04,Completado,10295,TIN_000179,20179,40179,50179,Cliente_004,CLI004,Producto_013,Configuracion_004,30004,Fitosanitario 150 Gy,0.28,20,9,SYS_002628,TAG_002628,21,MODE_B - Config demo,0.28,2,1,0.28,0.025,8.0,0.714,6:28:00 p.m.,7:32:00 p.m.,01:04:00,,Operador_04
29-ago-27,Operador_03,Completado,10295,TIN_000179,20179,40179,50179,Cliente_004,CLI004,Producto_013,Configuracion_004,30004,Fitosanitario 150 Gy,0.28,21,10,SYS_002629,TAG_002629,21,MODE_B - Config demo,0.28,2,1,0.28,0.025,8.0,0.714,6:28:00 p.m.,7:32:00 p.m.,01:04:00,,Operador_04
12-ago-27,Operador_01,Completado,10296,TIN_000180,20180,40180,50180,Cliente_011,CLI011,Producto_008,Configuracion_005,30005,Fitosanitario 150 Gy,0.22,1,1,SYS_002630,TAG_002630,8,MODE_B - Config demo,0.22,2,1,0.22,0.025,8.0,0.909,12:59:00 p.m.,1:55:00 p.m.,00:56:00,Desviacion_demo_10296,Operador_04
12-ago-27,Operador_03,Completado,10296,TIN_000180,20180,40180,50180,Cliente_011,CLI011,Producto_008,Configuracion_005,30005,Fitosanitario 150 Gy,0.22,2,2,SYS_002631,TAG_002631,8,MODE_B - Config demo,0.22,2,1,0.22,0.025,8.0,0.909,12:59:00 p.m.,1:55:00 p.m.,00:56:00,Desviacion_demo_10296,Operador_02
12-ago-27,Operador_02,Completado,10296,TIN_000180,20180,40180,50180,Cliente_011,CLI011,Producto_008,Configuracion_005,30005,Fitosanitario 150 Gy,0.22,3,3,SYS_002632,TAG_002632,8,MODE_B - Config demo,0.22,2,1,0.22,0.025,8.0,0.909,12:59:00 p.m.,1:55:00 p.m.,00:56:00,Desviacion_demo_10296,Operador_03
12-ago-27,Operador_03,Completado,10296,TIN_000180,20180,40180,50180,Cliente_011,CLI011,Producto_008,Configuracion_005,30005,Fitosanitario 150 Gy,0.22,4,4,SYS_002633,TAG_002633,8,MODE_B - Config demo,0.22,2,1,0.22,0.025,8.0,0.909,12:59:00 p.m.,1:55:00 p.m.,00:56:00,Desviacion_demo_10296,Operador_05
12-ago-27,Operador_02,Completado,10296,TIN_000180,20180,40180,50180,Cliente_011,CLI011,Producto_008,Configuracion_005,30005,Fitosanitario 150 Gy,0.22,5,5,SYS_002634,TAG_002634,8,MODE_B - Config demo,0.22,2,1,0.22,0.025,8.0,0.909,12:59:00 p.m.,1:55:00 p.m.,00:56:00,Desviacion_demo_10296,Operador_05
12-ago-27,Operador_05,Completado,10296,TIN_000180,20180,40180,50180,Cliente_011,CLI011,Producto_008,Configuracion_005,30005,Fitosanitario 150 Gy,0.22,6,6,SYS_002635,TAG_002635,8,MODE_B - Config demo,0.22,2,1,0.22,0.025,8.0,0.909,12:59:00 p.m.,1:55:00 p.m.,00:56:00,Desviacion_demo_10296,Operador_03
12-ago-27,Operador_01,Completado,10296,TIN_000180,20180,40180,50180,Cliente_011,CLI011,Producto_008,Configuracion_005,30005,Fitosanitario 150 Gy,0.22,7,7,SYS_002636,TAG_002636,8,MODE_B - Config demo,0.22,2,1,0.22,0.025,8.0,0.909,12:59:00 p.m.,1:55:00 p.m.,00:56:00,Desviacion_demo_10296,Operador_03
12-ago-27,Operador_05,Completado,10296,TIN_000180,20180,40180,50180,Cliente_011,CLI011,Producto_008,Configuracion_005,30005,Fitosanitario 150 Gy,0.22,8,8,SYS_002637,TAG_002637,8,MODE_B - Config demo,0.22,2,1,0.22,0.025,8.0,0.909,12:59:00 p.m.,1:55:00 p.m.,00:56:00,Desviacion_demo_10296,Operador_03
